-- MySQL dump 10.19  Distrib 10.3.34-MariaDB, for debian-linux-gnu (x86_64)
--
-- Host: localhost    Database: cup
-- ------------------------------------------------------
-- Server version	10.3.34-MariaDB-0ubuntu0.20.04.1

/*!40101 SET @OLD_CHARACTER_SET_CLIENT=@@CHARACTER_SET_CLIENT */;
/*!40101 SET @OLD_CHARACTER_SET_RESULTS=@@CHARACTER_SET_RESULTS */;
/*!40101 SET @OLD_COLLATION_CONNECTION=@@COLLATION_CONNECTION */;
/*!40101 SET NAMES utf8mb4 */;
/*!40103 SET @OLD_TIME_ZONE=@@TIME_ZONE */;
/*!40103 SET TIME_ZONE='+00:00' */;
/*!40014 SET @OLD_UNIQUE_CHECKS=@@UNIQUE_CHECKS, UNIQUE_CHECKS=0 */;
/*!40014 SET @OLD_FOREIGN_KEY_CHECKS=@@FOREIGN_KEY_CHECKS, FOREIGN_KEY_CHECKS=0 */;
/*!40101 SET @OLD_SQL_MODE=@@SQL_MODE, SQL_MODE='NO_AUTO_VALUE_ON_ZERO' */;
/*!40111 SET @OLD_SQL_NOTES=@@SQL_NOTES, SQL_NOTES=0 */;

--
-- Table structure for table `attachmentable`
--

DROP TABLE IF EXISTS `attachmentable`;
/*!40101 SET @saved_cs_client     = @@character_set_client */;
/*!40101 SET character_set_client = utf8 */;
CREATE TABLE `attachmentable`
(
    `id`                  int(10) unsigned NOT NULL AUTO_INCREMENT,
    `attachmentable_type` varchar(255) COLLATE utf8mb4_unicode_ci NOT NULL,
    `attachmentable_id`   int(10) unsigned NOT NULL,
    `attachment_id`       int(10) unsigned NOT NULL,
    PRIMARY KEY (`id`),
    KEY                   `attachmentable_attachmentable_type_attachmentable_id_index` (`attachmentable_type`,`attachmentable_id`),
    KEY                   `attachmentable_attachment_id_foreign` (`attachment_id`),
    CONSTRAINT `attachmentable_attachment_id_foreign` FOREIGN KEY (`attachment_id`) REFERENCES `attachments` (`id`) ON DELETE CASCADE ON UPDATE CASCADE
) ENGINE=InnoDB AUTO_INCREMENT=1032 DEFAULT CHARSET=utf8mb4 COLLATE=utf8mb4_unicode_ci;
/*!40101 SET character_set_client = @saved_cs_client */;

--
-- Dumping data for table `attachmentable`
--

LOCK
TABLES `attachmentable` WRITE;
/*!40000 ALTER TABLE `attachmentable` DISABLE KEYS */;
INSERT INTO `attachmentable`
VALUES (3, 'App\\Models\\Portfolio', 2, 3),
       (84, 'App\\Models\\Portfolio', 4, 92),
       (85, 'App\\Models\\Portfolio', 4, 93),
       (86, 'App\\Models\\Portfolio', 4, 94),
       (87, 'App\\Models\\Portfolio', 4, 95),
       (88, 'App\\Models\\Portfolio', 4, 96),
       (89, 'App\\Models\\Portfolio', 4, 97),
       (90, 'App\\Models\\Portfolio', 4, 98),
       (91, 'App\\Models\\Portfolio', 4, 99),
       (92, 'App\\Models\\Portfolio', 4, 100),
       (93, 'App\\Models\\Portfolio', 4, 101),
       (94, 'App\\Models\\Portfolio', 11, 102),
       (95, 'App\\Models\\Portfolio', 11, 103),
       (96, 'App\\Models\\Portfolio', 11, 104),
       (97, 'App\\Models\\Portfolio', 11, 105),
       (98, 'App\\Models\\Portfolio', 11, 106),
       (99, 'App\\Models\\Portfolio', 11, 107),
       (100, 'App\\Models\\Portfolio', 11, 108),
       (101, 'App\\Models\\Portfolio', 11, 109),
       (102, 'App\\Models\\Portfolio', 11, 110),
       (103, 'App\\Models\\Portfolio', 11, 111),
       (104, 'App\\Models\\Portfolio', 11, 112),
       (105, 'App\\Models\\Portfolio', 11, 113),
       (106, 'App\\Models\\Portfolio', 11, 114),
       (107, 'App\\Models\\Portfolio', 3, 115),
       (108, 'App\\Models\\Portfolio', 3, 116),
       (109, 'App\\Models\\Portfolio', 3, 117),
       (110, 'App\\Models\\Portfolio', 3, 118),
       (111, 'App\\Models\\Portfolio', 3, 119),
       (112, 'App\\Models\\Portfolio', 3, 120),
       (113, 'App\\Models\\Portfolio', 3, 121),
       (114, 'App\\Models\\Portfolio', 3, 122),
       (115, 'App\\Models\\Portfolio', 3, 123),
       (116, 'App\\Models\\Portfolio', 3, 124),
       (117, 'App\\Models\\Portfolio', 3, 125),
       (118, 'App\\Models\\Portfolio', 5, 126),
       (119, 'App\\Models\\Portfolio', 5, 127),
       (120, 'App\\Models\\Portfolio', 5, 128),
       (121, 'App\\Models\\Portfolio', 5, 129),
       (122, 'App\\Models\\Portfolio', 5, 130),
       (123, 'App\\Models\\Portfolio', 5, 131),
       (124, 'App\\Models\\Portfolio', 5, 132),
       (125, 'App\\Models\\Portfolio', 5, 133),
       (126, 'App\\Models\\Portfolio', 5, 134),
       (127, 'App\\Models\\Portfolio', 5, 135),
       (128, 'App\\Models\\Portfolio', 5, 136),
       (129, 'App\\Models\\Portfolio', 5, 137),
       (130, 'App\\Models\\Portfolio', 5, 138),
       (131, 'App\\Models\\Portfolio', 16, 139),
       (132, 'App\\Models\\Portfolio', 16, 140),
       (133, 'App\\Models\\Portfolio', 16, 141),
       (134, 'App\\Models\\Portfolio', 16, 142),
       (135, 'App\\Models\\Portfolio', 16, 143),
       (136, 'App\\Models\\Portfolio', 16, 144),
       (137, 'App\\Models\\Portfolio', 16, 145),
       (138, 'App\\Models\\Portfolio', 16, 146),
       (139, 'App\\Models\\Portfolio', 16, 147),
       (140, 'App\\Models\\Portfolio', 16, 148),
       (141, 'App\\Models\\Portfolio', 16, 149),
       (142, 'App\\Models\\Portfolio', 16, 150),
       (143, 'App\\Models\\Portfolio', 16, 151),
       (144, 'App\\Models\\Portfolio', 16, 152),
       (145, 'App\\Models\\Portfolio', 16, 153),
       (146, 'App\\Models\\Portfolio', 16, 154),
       (147, 'App\\Models\\Portfolio', 16, 155),
       (148, 'App\\Models\\Portfolio', 16, 156),
       (149, 'App\\Models\\Portfolio', 15, 157),
       (150, 'App\\Models\\Portfolio', 15, 158),
       (151, 'App\\Models\\Portfolio', 15, 159),
       (152, 'App\\Models\\Portfolio', 15, 160),
       (153, 'App\\Models\\Portfolio', 15, 161),
       (154, 'App\\Models\\Portfolio', 15, 162),
       (155, 'App\\Models\\Portfolio', 15, 163),
       (156, 'App\\Models\\Portfolio', 15, 164),
       (157, 'App\\Models\\Portfolio', 15, 165),
       (158, 'App\\Models\\Portfolio', 15, 166),
       (159, 'App\\Models\\Portfolio', 14, 167),
       (160, 'App\\Models\\Portfolio', 14, 168),
       (161, 'App\\Models\\Portfolio', 14, 169),
       (162, 'App\\Models\\Portfolio', 14, 170),
       (163, 'App\\Models\\Portfolio', 14, 171),
       (164, 'App\\Models\\Portfolio', 14, 172),
       (165, 'App\\Models\\Portfolio', 14, 173),
       (166, 'App\\Models\\Portfolio', 14, 174),
       (167, 'App\\Models\\Portfolio', 14, 175),
       (168, 'App\\Models\\Portfolio', 14, 176),
       (169, 'App\\Models\\Portfolio', 14, 177),
       (170, 'App\\Models\\Portfolio', 14, 178),
       (171, 'App\\Models\\Portfolio', 1, 179),
       (172, 'App\\Models\\Portfolio', 1, 180),
       (173, 'App\\Models\\Portfolio', 1, 181),
       (174, 'App\\Models\\Portfolio', 1, 182),
       (175, 'App\\Models\\Portfolio', 1, 183),
       (176, 'App\\Models\\Portfolio', 1, 184),
       (177, 'App\\Models\\Portfolio', 1, 185),
       (178, 'App\\Models\\Portfolio', 1, 186),
       (179, 'App\\Models\\Portfolio', 1, 187),
       (180, 'App\\Models\\Portfolio', 1, 188),
       (181, 'App\\Models\\Portfolio', 1, 189),
       (182, 'App\\Models\\Portfolio', 1, 190),
       (183, 'App\\Models\\Portfolio', 1, 191),
       (184, 'App\\Models\\Portfolio', 6, 192),
       (185, 'App\\Models\\Portfolio', 6, 193),
       (186, 'App\\Models\\Portfolio', 6, 194),
       (187, 'App\\Models\\Portfolio', 6, 195),
       (188, 'App\\Models\\Portfolio', 6, 196),
       (189, 'App\\Models\\Portfolio', 6, 197),
       (190, 'App\\Models\\Portfolio', 6, 198),
       (191, 'App\\Models\\Portfolio', 6, 199),
       (192, 'App\\Models\\Portfolio', 13, 200),
       (193, 'App\\Models\\Portfolio', 13, 201),
       (194, 'App\\Models\\Portfolio', 13, 202),
       (195, 'App\\Models\\Portfolio', 13, 203),
       (196, 'App\\Models\\Portfolio', 13, 204),
       (197, 'App\\Models\\Portfolio', 13, 205),
       (198, 'App\\Models\\Portfolio', 13, 206),
       (199, 'App\\Models\\Portfolio', 13, 207),
       (200, 'App\\Models\\Portfolio', 13, 208),
       (201, 'App\\Models\\Portfolio', 13, 209),
       (202, 'App\\Models\\Portfolio', 13, 210),
       (203, 'App\\Models\\Portfolio', 13, 211),
       (204, 'App\\Models\\Portfolio', 13, 212),
       (205, 'App\\Models\\Portfolio', 13, 213),
       (206, 'App\\Models\\Portfolio', 13, 214),
       (207, 'App\\Models\\Portfolio', 13, 215),
       (208, 'App\\Models\\Portfolio', 13, 216),
       (209, 'App\\Models\\Portfolio', 17, 217),
       (210, 'App\\Models\\Portfolio', 17, 218),
       (211, 'App\\Models\\Portfolio', 17, 219),
       (212, 'App\\Models\\Portfolio', 17, 220),
       (213, 'App\\Models\\Portfolio', 17, 221),
       (214, 'App\\Models\\Portfolio', 17, 222),
       (215, 'App\\Models\\Portfolio', 17, 223),
       (216, 'App\\Models\\Portfolio', 17, 224),
       (217, 'App\\Models\\Portfolio', 17, 225),
       (218, 'App\\Models\\Portfolio', 17, 226),
       (219, 'App\\Models\\Portfolio', 17, 227),
       (220, 'App\\Models\\Portfolio', 17, 228),
       (221, 'App\\Models\\Portfolio', 17, 229),
       (222, 'App\\Models\\Portfolio', 17, 230),
       (223, 'App\\Models\\Portfolio', 17, 231),
       (224, 'App\\Models\\Portfolio', 17, 232),
       (225, 'App\\Models\\Portfolio', 17, 233),
       (226, 'App\\Models\\Portfolio', 18, 234),
       (227, 'App\\Models\\Portfolio', 18, 235),
       (228, 'App\\Models\\Portfolio', 18, 236),
       (229, 'App\\Models\\Portfolio', 18, 237),
       (230, 'App\\Models\\Portfolio', 18, 238),
       (231, 'App\\Models\\Portfolio', 18, 239),
       (232, 'App\\Models\\Portfolio', 18, 240),
       (233, 'App\\Models\\Portfolio', 18, 241),
       (234, 'App\\Models\\Portfolio', 18, 242),
       (235, 'App\\Models\\Portfolio', 18, 243),
       (236, 'App\\Models\\Portfolio', 18, 244),
       (237, 'App\\Models\\Portfolio', 18, 245),
       (238, 'App\\Models\\Portfolio', 18, 246),
       (239, 'App\\Models\\Portfolio', 18, 247),
       (240, 'App\\Models\\Portfolio', 18, 248),
       (241, 'App\\Models\\Portfolio', 18, 249),
       (242, 'App\\Models\\Portfolio', 18, 250),
       (243, 'App\\Models\\Portfolio', 18, 251),
       (244, 'App\\Models\\Portfolio', 18, 252),
       (245, 'App\\Models\\Portfolio', 12, 253),
       (246, 'App\\Models\\Portfolio', 12, 254),
       (247, 'App\\Models\\Portfolio', 12, 255),
       (248, 'App\\Models\\Portfolio', 12, 256),
       (249, 'App\\Models\\Portfolio', 12, 257),
       (250, 'App\\Models\\Portfolio', 12, 258),
       (251, 'App\\Models\\Portfolio', 12, 259),
       (252, 'App\\Models\\Portfolio', 12, 260),
       (253, 'App\\Models\\Portfolio', 12, 261),
       (254, 'App\\Models\\Portfolio', 12, 262),
       (255, 'App\\Models\\Portfolio', 19, 263),
       (256, 'App\\Models\\Portfolio', 19, 264),
       (257, 'App\\Models\\Portfolio', 19, 265),
       (258, 'App\\Models\\Portfolio', 19, 266),
       (259, 'App\\Models\\Portfolio', 19, 267),
       (260, 'App\\Models\\Portfolio', 19, 268),
       (261, 'App\\Models\\Portfolio', 19, 269),
       (262, 'App\\Models\\Portfolio', 19, 270),
       (263, 'App\\Models\\Portfolio', 20, 271),
       (264, 'App\\Models\\Portfolio', 20, 272),
       (265, 'App\\Models\\Portfolio', 20, 273),
       (266, 'App\\Models\\Portfolio', 20, 274),
       (267, 'App\\Models\\Portfolio', 20, 275),
       (268, 'App\\Models\\Portfolio', 20, 276),
       (269, 'App\\Models\\Portfolio', 20, 277),
       (270, 'App\\Models\\Portfolio', 20, 278),
       (271, 'App\\Models\\Portfolio', 20, 279),
       (279, 'App\\Models\\Portfolio', 9, 287),
       (280, 'App\\Models\\Portfolio', 9, 288),
       (281, 'App\\Models\\Portfolio', 9, 289),
       (282, 'App\\Models\\Portfolio', 9, 290),
       (283, 'App\\Models\\Portfolio', 9, 291),
       (284, 'App\\Models\\Portfolio', 9, 292),
       (285, 'App\\Models\\Portfolio', 9, 293),
       (286, 'App\\Models\\Portfolio', 9, 294),
       (287, 'App\\Models\\Portfolio', 9, 295),
       (288, 'App\\Models\\Portfolio', 9, 296),
       (289, 'App\\Models\\Portfolio', 9, 297),
       (290, 'App\\Models\\Portfolio', 9, 298),
       (291, 'App\\Models\\Portfolio', 10, 299),
       (292, 'App\\Models\\Portfolio', 10, 300),
       (293, 'App\\Models\\Portfolio', 10, 301),
       (294, 'App\\Models\\Portfolio', 10, 302),
       (295, 'App\\Models\\Portfolio', 10, 303),
       (296, 'App\\Models\\Portfolio', 10, 304),
       (297, 'App\\Models\\Portfolio', 10, 305),
       (298, 'App\\Models\\Portfolio', 10, 306),
       (299, 'App\\Models\\Portfolio', 10, 307),
       (300, 'App\\Models\\Portfolio', 10, 308),
       (301, 'App\\Models\\Portfolio', 10, 309),
       (302, 'App\\Models\\Portfolio', 21, 310),
       (303, 'App\\Models\\Portfolio', 21, 311),
       (304, 'App\\Models\\Portfolio', 21, 312),
       (305, 'App\\Models\\Portfolio', 21, 313),
       (306, 'App\\Models\\Portfolio', 21, 314),
       (307, 'App\\Models\\Portfolio', 21, 315),
       (308, 'App\\Models\\Portfolio', 21, 316),
       (309, 'App\\Models\\Portfolio', 21, 317),
       (310, 'App\\Models\\Portfolio', 21, 318),
       (311, 'App\\Models\\Portfolio', 21, 319),
       (312, 'App\\Models\\Portfolio', 21, 320),
       (313, 'App\\Models\\Portfolio', 21, 321),
       (314, 'App\\Models\\Portfolio', 21, 322),
       (315, 'App\\Models\\Portfolio', 21, 323),
       (316, 'App\\Models\\Portfolio', 21, 324),
       (317, 'App\\Models\\Portfolio', 21, 325),
       (318, 'App\\Models\\Portfolio', 25, 326),
       (319, 'App\\Models\\Portfolio', 25, 327),
       (320, 'App\\Models\\Portfolio', 25, 328),
       (321, 'App\\Models\\Portfolio', 25, 329),
       (322, 'App\\Models\\Portfolio', 25, 330),
       (323, 'App\\Models\\Portfolio', 25, 331),
       (324, 'App\\Models\\Portfolio', 25, 332),
       (325, 'App\\Models\\Portfolio', 25, 333),
       (326, 'App\\Models\\Portfolio', 25, 334),
       (327, 'App\\Models\\Portfolio', 25, 335),
       (328, 'App\\Models\\Portfolio', 25, 336),
       (329, 'App\\Models\\Portfolio', 25, 337),
       (330, 'App\\Models\\Portfolio', 25, 338),
       (331, 'App\\Models\\Portfolio', 25, 339),
       (332, 'App\\Models\\Portfolio', 25, 340),
       (333, 'App\\Models\\Portfolio', 7, 341),
       (334, 'App\\Models\\Portfolio', 7, 342),
       (335, 'App\\Models\\Portfolio', 7, 343),
       (336, 'App\\Models\\Portfolio', 7, 344),
       (337, 'App\\Models\\Portfolio', 7, 345),
       (338, 'App\\Models\\Portfolio', 7, 346),
       (339, 'App\\Models\\Portfolio', 7, 347),
       (340, 'App\\Models\\Portfolio', 7, 348),
       (341, 'App\\Models\\Portfolio', 7, 349),
       (342, 'App\\Models\\Portfolio', 7, 350),
       (343, 'App\\Models\\Portfolio', 7, 351),
       (344, 'App\\Models\\Portfolio', 7, 352),
       (345, 'App\\Models\\Portfolio', 7, 353),
       (346, 'App\\Models\\Portfolio', 7, 354),
       (347, 'App\\Models\\Portfolio', 7, 355),
       (348, 'App\\Models\\Portfolio', 7, 356),
       (349, 'App\\Models\\Portfolio', 7, 357),
       (350, 'App\\Models\\Portfolio', 7, 358),
       (351, 'App\\Models\\Portfolio', 7, 359),
       (352, 'App\\Models\\Portfolio', 7, 360),
       (353, 'App\\Models\\Portfolio', 7, 361),
       (354, 'App\\Models\\Portfolio', 7, 362),
       (357, 'App\\Models\\Product', 68, 365),
       (358, 'App\\Models\\Product', 68, 366),
       (359, 'App\\Models\\Product', 66, 367),
       (360, 'App\\Models\\Product', 66, 368),
       (361, 'App\\Models\\Product', 65, 369),
       (362, 'App\\Models\\Product', 65, 370),
       (363, 'App\\Models\\Product', 65, 371),
       (364, 'App\\Models\\Product', 65, 372),
       (365, 'App\\Models\\Product', 71, 373),
       (366, 'App\\Models\\Product', 71, 374),
       (367, 'App\\Models\\Product', 71, 375),
       (368, 'App\\Models\\Product', 71, 376),
       (369, 'App\\Models\\Product', 70, 377),
       (370, 'App\\Models\\Product', 70, 378),
       (371, 'App\\Models\\Product', 70, 379),
       (372, 'App\\Models\\Product', 70, 380),
       (373, 'App\\Models\\Product', 67, 381),
       (374, 'App\\Models\\Product', 67, 382),
       (375, 'App\\Models\\Product', 69, 383),
       (376, 'App\\Models\\Product', 69, 384),
       (377, 'App\\Models\\Product', 69, 385),
       (378, 'App\\Models\\Product', 12, 386),
       (379, 'App\\Models\\Product', 12, 387),
       (380, 'App\\Models\\Product', 12, 388),
       (381, 'App\\Models\\Product', 12, 389),
       (382, 'App\\Models\\Product', 12, 390),
       (383, 'App\\Models\\Product', 13, 391),
       (384, 'App\\Models\\Product', 13, 392),
       (385, 'App\\Models\\Product', 13, 393),
       (386, 'App\\Models\\Product', 13, 394),
       (387, 'App\\Models\\Product', 13, 395),
       (388, 'App\\Models\\Product', 14, 396),
       (389, 'App\\Models\\Product', 14, 397),
       (390, 'App\\Models\\Product', 14, 398),
       (391, 'App\\Models\\Product', 14, 399),
       (392, 'App\\Models\\Product', 14, 400),
       (393, 'App\\Models\\Product', 15, 401),
       (394, 'App\\Models\\Product', 15, 402),
       (395, 'App\\Models\\Product', 15, 403),
       (396, 'App\\Models\\Product', 15, 404),
       (397, 'App\\Models\\Product', 15, 405),
       (398, 'App\\Models\\Product', 37, 406),
       (399, 'App\\Models\\Product', 37, 407),
       (400, 'App\\Models\\Product', 37, 408),
       (401, 'App\\Models\\Product', 37, 409),
       (402, 'App\\Models\\Product', 37, 410),
       (403, 'App\\Models\\Product', 37, 411),
       (404, 'App\\Models\\Product', 37, 412),
       (405, 'App\\Models\\Product', 61, 413),
       (406, 'App\\Models\\Product', 61, 414),
       (407, 'App\\Models\\Product', 61, 415),
       (408, 'App\\Models\\Product', 73, 416),
       (409, 'App\\Models\\Product', 73, 417),
       (410, 'App\\Models\\Product', 73, 418),
       (411, 'App\\Models\\Product', 72, 419),
       (412, 'App\\Models\\Product', 72, 420),
       (413, 'App\\Models\\Product', 72, 421),
       (414, 'App\\Models\\Product', 72, 422),
       (415, 'App\\Models\\Product', 72, 423),
       (416, 'App\\Models\\Product', 72, 424),
       (417, 'App\\Models\\Product', 33, 425),
       (418, 'App\\Models\\Product', 33, 426),
       (419, 'App\\Models\\Product', 33, 427),
       (420, 'App\\Models\\Product', 33, 428),
       (421, 'App\\Models\\Product', 33, 429),
       (422, 'App\\Models\\Product', 31, 430),
       (423, 'App\\Models\\Product', 31, 431),
       (424, 'App\\Models\\Product', 31, 432),
       (425, 'App\\Models\\Product', 31, 433),
       (426, 'App\\Models\\Product', 31, 434),
       (427, 'App\\Models\\Product', 31, 435),
       (428, 'App\\Models\\Product', 31, 436),
       (429, 'App\\Models\\Product', 31, 437),
       (436, 'App\\Models\\Product', 83, 444),
       (437, 'App\\Models\\Product', 83, 445),
       (438, 'App\\Models\\Product', 36, 446),
       (439, 'App\\Models\\Product', 36, 447),
       (440, 'App\\Models\\Product', 36, 448),
       (441, 'App\\Models\\Product', 36, 449),
       (442, 'App\\Models\\Product', 36, 450),
       (443, 'App\\Models\\Product', 36, 451),
       (444, 'App\\Models\\Product', 45, 452),
       (445, 'App\\Models\\Product', 45, 453),
       (446, 'App\\Models\\Product', 45, 454),
       (447, 'App\\Models\\Product', 45, 455),
       (448, 'App\\Models\\Product', 45, 456),
       (449, 'App\\Models\\Product', 45, 457),
       (450, 'App\\Models\\Product', 45, 458),
       (451, 'App\\Models\\Product', 45, 459),
       (452, 'App\\Models\\Product', 45, 460),
       (453, 'App\\Models\\Product', 45, 461),
       (454, 'App\\Models\\Product', 40, 462),
       (455, 'App\\Models\\Product', 40, 463),
       (456, 'App\\Models\\Product', 40, 464),
       (457, 'App\\Models\\Product', 40, 465),
       (458, 'App\\Models\\Product', 40, 466),
       (459, 'App\\Models\\Product', 40, 467),
       (460, 'App\\Models\\Product', 40, 468),
       (461, 'App\\Models\\Product', 39, 469),
       (462, 'App\\Models\\Product', 39, 470),
       (463, 'App\\Models\\Product', 39, 471),
       (464, 'App\\Models\\Product', 39, 472),
       (465, 'App\\Models\\Product', 39, 473),
       (466, 'App\\Models\\Product', 39, 474),
       (467, 'App\\Models\\Product', 39, 475),
       (468, 'App\\Models\\Product', 39, 476),
       (469, 'App\\Models\\Product', 39, 477),
       (470, 'App\\Models\\Product', 41, 478),
       (471, 'App\\Models\\Product', 41, 479),
       (472, 'App\\Models\\Product', 41, 480),
       (473, 'App\\Models\\Product', 41, 481),
       (474, 'App\\Models\\Product', 41, 482),
       (475, 'App\\Models\\Product', 41, 483),
       (476, 'App\\Models\\Product', 43, 484),
       (477, 'App\\Models\\Product', 43, 485),
       (478, 'App\\Models\\Product', 43, 486),
       (479, 'App\\Models\\Product', 43, 487),
       (480, 'App\\Models\\Product', 43, 488),
       (481, 'App\\Models\\Product', 43, 489),
       (482, 'App\\Models\\Product', 43, 490),
       (483, 'App\\Models\\Product', 38, 491),
       (484, 'App\\Models\\Product', 38, 492),
       (485, 'App\\Models\\Product', 38, 493),
       (486, 'App\\Models\\Product', 38, 494),
       (487, 'App\\Models\\Product', 38, 495),
       (488, 'App\\Models\\Product', 38, 496),
       (489, 'App\\Models\\Product', 81, 497),
       (490, 'App\\Models\\Product', 81, 498),
       (491, 'App\\Models\\Product', 75, 499),
       (492, 'App\\Models\\Product', 75, 500),
       (493, 'App\\Models\\Product', 75, 501),
       (494, 'App\\Models\\Product', 75, 502),
       (495, 'App\\Models\\Product', 85, 503),
       (496, 'App\\Models\\Product', 86, 504),
       (505, 'App\\Models\\Product', 60, 513),
       (506, 'App\\Models\\Product', 60, 514),
       (507, 'App\\Models\\Product', 60, 515),
       (508, 'App\\Models\\Product', 60, 516),
       (509, 'App\\Models\\Product', 60, 517),
       (510, 'App\\Models\\Product', 60, 518),
       (511, 'App\\Models\\Product', 80, 519),
       (512, 'App\\Models\\Product', 80, 520),
       (525, 'App\\Models\\Product', 28, 533),
       (526, 'App\\Models\\Product', 28, 534),
       (527, 'App\\Models\\Product', 28, 535),
       (528, 'App\\Models\\Product', 28, 536),
       (529, 'App\\Models\\Product', 79, 537),
       (530, 'App\\Models\\Product', 79, 538),
       (531, 'App\\Models\\Product', 79, 539),
       (532, 'App\\Models\\Product', 87, 540),
       (533, 'App\\Models\\Product', 87, 541),
       (534, 'App\\Models\\Product', 87, 542),
       (535, 'App\\Models\\Product', 87, 543),
       (536, 'App\\Models\\Product', 55, 544),
       (537, 'App\\Models\\Product', 55, 545),
       (538, 'App\\Models\\Product', 55, 546),
       (539, 'App\\Models\\Product', 55, 547),
       (540, 'App\\Models\\Product', 55, 548),
       (541, 'App\\Models\\Product', 46, 549),
       (542, 'App\\Models\\Product', 46, 550),
       (543, 'App\\Models\\Product', 46, 551),
       (544, 'App\\Models\\Product', 46, 552),
       (545, 'App\\Models\\Product', 46, 553),
       (546, 'App\\Models\\Product', 46, 554),
       (547, 'App\\Models\\Product', 52, 557),
       (548, 'App\\Models\\Product', 52, 558),
       (549, 'App\\Models\\Product', 52, 559),
       (550, 'App\\Models\\Product', 52, 560),
       (551, 'App\\Models\\Product', 52, 561),
       (552, 'App\\Models\\Product', 42, 562),
       (553, 'App\\Models\\Product', 42, 563),
       (554, 'App\\Models\\Product', 42, 564),
       (555, 'App\\Models\\Product', 42, 565),
       (556, 'App\\Models\\Product', 42, 566),
       (557, 'App\\Models\\Product', 42, 567),
       (558, 'App\\Models\\Product', 42, 568),
       (559, 'App\\Models\\Product', 42, 569),
       (560, 'App\\Models\\Product', 53, 570),
       (561, 'App\\Models\\Product', 53, 571),
       (562, 'App\\Models\\Product', 53, 572),
       (563, 'App\\Models\\Product', 53, 573),
       (564, 'App\\Models\\Product', 48, 574),
       (565, 'App\\Models\\Product', 48, 575),
       (566, 'App\\Models\\Product', 50, 576),
       (567, 'App\\Models\\Product', 50, 577),
       (568, 'App\\Models\\Product', 50, 578),
       (569, 'App\\Models\\Product', 47, 579),
       (570, 'App\\Models\\Product', 47, 580),
       (571, 'App\\Models\\Product', 47, 581),
       (572, 'App\\Models\\Product', 49, 582),
       (573, 'App\\Models\\Product', 49, 583),
       (574, 'App\\Models\\Product', 49, 584),
       (575, 'App\\Models\\Product', 49, 585),
       (576, 'App\\Models\\Product', 49, 586),
       (577, 'App\\Models\\Product', 49, 587),
       (578, 'App\\Models\\Product', 54, 588),
       (579, 'App\\Models\\Product', 54, 589),
       (580, 'App\\Models\\Product', 44, 590),
       (581, 'App\\Models\\Product', 44, 591),
       (582, 'App\\Models\\Product', 44, 592),
       (583, 'App\\Models\\Product', 44, 593),
       (584, 'App\\Models\\Product', 44, 594),
       (585, 'App\\Models\\Product', 44, 595),
       (586, 'App\\Models\\Product', 44, 596),
       (587, 'App\\Models\\Product', 78, 597),
       (588, 'App\\Models\\Product', 78, 598),
       (589, 'App\\Models\\Product', 78, 599),
       (590, 'App\\Models\\Product', 78, 600),
       (591, 'App\\Models\\Product', 78, 601),
       (592, 'App\\Models\\Product', 78, 602),
       (593, 'App\\Models\\Product', 78, 603),
       (594, 'App\\Models\\Product', 78, 604),
       (595, 'App\\Models\\Product', 74, 605),
       (596, 'App\\Models\\Product', 74, 606),
       (604, 'App\\Models\\Product', 63, 614),
       (605, 'App\\Models\\Product', 63, 615),
       (606, 'App\\Models\\Product', 63, 616),
       (607, 'App\\Models\\Product', 63, 617),
       (608, 'App\\Models\\Product', 63, 618),
       (609, 'App\\Models\\Product', 63, 619),
       (610, 'App\\Models\\Product', 88, 620),
       (611, 'App\\Models\\Product', 88, 621),
       (612, 'App\\Models\\Product', 88, 622),
       (613, 'App\\Models\\Product', 88, 623),
       (614, 'App\\Models\\Product', 88, 624),
       (615, 'App\\Models\\Product', 88, 625),
       (616, 'App\\Models\\Product', 77, 626),
       (617, 'App\\Models\\Product', 77, 627),
       (618, 'App\\Models\\Product', 77, 628),
       (619, 'App\\Models\\Product', 77, 629),
       (620, 'App\\Models\\Product', 58, 630),
       (621, 'App\\Models\\Product', 58, 631),
       (622, 'App\\Models\\Product', 58, 632),
       (623, 'App\\Models\\Product', 58, 633),
       (624, 'App\\Models\\Product', 58, 634),
       (625, 'App\\Models\\Product', 58, 635),
       (626, 'App\\Models\\Product', 59, 636),
       (627, 'App\\Models\\Product', 59, 637),
       (628, 'App\\Models\\Product', 59, 638),
       (629, 'App\\Models\\Product', 82, 639),
       (630, 'App\\Models\\Product', 82, 640),
       (631, 'App\\Models\\Product', 82, 641),
       (632, 'App\\Models\\Product', 82, 642),
       (633, 'App\\Models\\Product', 76, 643),
       (634, 'App\\Models\\Product', 76, 644),
       (635, 'App\\Models\\Product', 64, 645),
       (636, 'App\\Models\\Product', 64, 646),
       (637, 'App\\Models\\Portfolio', 24, 647),
       (638, 'App\\Models\\Portfolio', 24, 648),
       (639, 'App\\Models\\Portfolio', 24, 649),
       (640, 'App\\Models\\Portfolio', 24, 650),
       (641, 'App\\Models\\Portfolio', 24, 651),
       (642, 'App\\Models\\Portfolio', 24, 652),
       (643, 'App\\Models\\Portfolio', 24, 653),
       (644, 'App\\Models\\Portfolio', 24, 654),
       (645, 'App\\Models\\Portfolio', 24, 655),
       (646, 'App\\Models\\Portfolio', 24, 656),
       (647, 'App\\Models\\Portfolio', 24, 657),
       (648, 'App\\Models\\Portfolio', 24, 658),
       (649, 'App\\Models\\Portfolio', 24, 659),
       (650, 'App\\Models\\Portfolio', 24, 660),
       (651, 'App\\Models\\Portfolio', 24, 661),
       (652, 'App\\Models\\Portfolio', 24, 662),
       (653, 'App\\Models\\Portfolio', 24, 663),
       (654, 'App\\Models\\Portfolio', 24, 664),
       (655, 'App\\Models\\Portfolio', 24, 665),
       (656, 'App\\Models\\Portfolio', 24, 666),
       (657, 'App\\Models\\Portfolio', 24, 667),
       (658, 'App\\Models\\Portfolio', 24, 668),
       (659, 'App\\Models\\Portfolio', 24, 669),
       (660, 'App\\Models\\Portfolio', 24, 670),
       (661, 'App\\Models\\Portfolio', 24, 671),
       (662, 'App\\Models\\Portfolio', 23, 672),
       (663, 'App\\Models\\Portfolio', 23, 673),
       (664, 'App\\Models\\Portfolio', 23, 674),
       (665, 'App\\Models\\Portfolio', 23, 675),
       (666, 'App\\Models\\Portfolio', 23, 676),
       (667, 'App\\Models\\Portfolio', 23, 677),
       (668, 'App\\Models\\Portfolio', 23, 678),
       (669, 'App\\Models\\Portfolio', 23, 679),
       (670, 'App\\Models\\Portfolio', 23, 680),
       (675, 'App\\Models\\Catformat', 1, 685),
       (676, 'App\\Models\\Product', 10, 686),
       (677, 'App\\Models\\Product', 10, 687),
       (678, 'App\\Models\\Product', 10, 688),
       (679, 'App\\Models\\Product', 10, 689),
       (680, 'App\\Models\\Product', 10, 690),
       (681, 'App\\Models\\Product', 18, 691),
       (682, 'App\\Models\\Product', 18, 692),
       (683, 'App\\Models\\Product', 18, 693),
       (684, 'App\\Models\\Product', 18, 694),
       (685, 'App\\Models\\Product', 18, 695),
       (686, 'App\\Models\\Product', 18, 696),
       (687, 'App\\Models\\Product', 18, 697),
       (688, 'App\\Models\\Product', 18, 698),
       (689, 'App\\Models\\Product', 19, 699),
       (690, 'App\\Models\\Product', 19, 700),
       (691, 'App\\Models\\Product', 19, 701),
       (692, 'App\\Models\\Product', 19, 702),
       (693, 'App\\Models\\Product', 19, 703),
       (694, 'App\\Models\\Product', 19, 704),
       (695, 'App\\Models\\Product', 20, 705),
       (696, 'App\\Models\\Product', 20, 706),
       (697, 'App\\Models\\Product', 20, 707),
       (698, 'App\\Models\\Product', 20, 708),
       (699, 'App\\Models\\Product', 20, 709),
       (700, 'App\\Models\\Product', 20, 710),
       (701, 'App\\Models\\Product', 21, 711),
       (702, 'App\\Models\\Product', 21, 712),
       (703, 'App\\Models\\Product', 21, 713),
       (704, 'App\\Models\\Product', 21, 714),
       (705, 'App\\Models\\Product', 21, 715),
       (706, 'App\\Models\\Product', 21, 716),
       (707, 'App\\Models\\Product', 21, 717),
       (708, 'App\\Models\\Product', 8, 718),
       (709, 'App\\Models\\Product', 8, 719),
       (710, 'App\\Models\\Product', 8, 720),
       (711, 'App\\Models\\Product', 8, 721),
       (712, 'App\\Models\\Product', 8, 722),
       (713, 'App\\Models\\Product', 8, 723),
       (714, 'App\\Models\\Product', 4, 724),
       (715, 'App\\Models\\Product', 4, 725),
       (716, 'App\\Models\\Product', 4, 726),
       (717, 'App\\Models\\Product', 4, 727),
       (718, 'App\\Models\\Product', 4, 728),
       (719, 'App\\Models\\Product', 3, 729),
       (720, 'App\\Models\\Product', 3, 730),
       (721, 'App\\Models\\Product', 3, 731),
       (722, 'App\\Models\\Product', 3, 732),
       (723, 'App\\Models\\Product', 5, 733),
       (724, 'App\\Models\\Product', 5, 734),
       (725, 'App\\Models\\Product', 5, 735),
       (726, 'App\\Models\\Product', 5, 736),
       (727, 'App\\Models\\Product', 5, 737),
       (728, 'App\\Models\\Product', 5, 738),
       (729, 'App\\Models\\Product', 5, 739),
       (731, 'App\\Models\\Catformat', 2, 741),
       (732, 'App\\Models\\Catformat', 3, 742),
       (733, 'App\\Models\\Catformat', 4, 743),
       (734, 'App\\Models\\Catformat', 5, 744),
       (735, 'App\\Models\\Catformat', 6, 745),
       (736, 'App\\Models\\Catformat', 7, 746),
       (737, 'App\\Models\\Catformat', 8, 747),
       (738, 'App\\Models\\Catformat', 9, 748),
       (739, 'App\\Models\\Catformat', 10, 749),
       (750, 'App\\Models\\Slidergl', 1, 760),
       (760, 'App\\Models\\Review', 1, 770),
       (761, 'App\\Models\\Review', 1, 771),
       (762, 'App\\Models\\Review', 1, 772),
       (763, 'App\\Models\\Review', 1, 773),
       (764, 'App\\Models\\Ourp', 1, 801),
       (765, 'App\\Models\\Ourp', 2, 802),
       (766, 'App\\Models\\CategoryStylevz', 1, 803),
       (767, 'App\\Models\\Format', 1, 804),
       (768, 'App\\Models\\Product', 27, 805),
       (769, 'App\\Models\\Product', 27, 806),
       (770, 'App\\Models\\Product', 27, 807),
       (771, 'App\\Models\\Product', 27, 808),
       (772, 'App\\Models\\Product', 27, 809),
       (773, 'App\\Models\\Product', 26, 810),
       (774, 'App\\Models\\Product', 26, 811),
       (775, 'App\\Models\\Product', 26, 812),
       (776, 'App\\Models\\Product', 26, 813),
       (777, 'App\\Models\\Product', 26, 814),
       (778, 'App\\Models\\Product', 100, 815),
       (779, 'App\\Models\\Product', 100, 816),
       (780, 'App\\Models\\Product', 100, 817),
       (781, 'App\\Models\\Product', 100, 818),
       (782, 'App\\Models\\Product', 100, 819),
       (783, 'App\\Models\\Product', 100, 820),
       (784, 'App\\Models\\Product', 100, 821),
       (785, 'App\\Models\\Product', 101, 822),
       (786, 'App\\Models\\Product', 101, 823),
       (787, 'App\\Models\\Product', 101, 824),
       (788, 'App\\Models\\Product', 101, 825),
       (789, 'App\\Models\\Product', 101, 826),
       (790, 'App\\Models\\Product', 101, 827),
       (791, 'App\\Models\\Product', 29, 828),
       (792, 'App\\Models\\Product', 29, 829),
       (793, 'App\\Models\\Product', 29, 830),
       (794, 'App\\Models\\Product', 29, 831),
       (795, 'App\\Models\\Product', 29, 832),
       (796, 'App\\Models\\Product', 29, 833),
       (797, 'App\\Models\\Product', 29, 834),
       (798, 'App\\Models\\Product', 29, 835),
       (799, 'App\\Models\\Product', 29, 836),
       (800, 'App\\Models\\Product', 6, 837),
       (801, 'App\\Models\\Product', 6, 838),
       (802, 'App\\Models\\Product', 6, 839),
       (803, 'App\\Models\\Product', 1, 840),
       (804, 'App\\Models\\Product', 1, 841),
       (805, 'App\\Models\\Product', 1, 842),
       (806, 'App\\Models\\Product', 1, 843),
       (807, 'App\\Models\\Product', 1, 844),
       (808, 'App\\Models\\Product', 2, 845),
       (809, 'App\\Models\\Product', 2, 846),
       (810, 'App\\Models\\Product', 2, 847),
       (811, 'App\\Models\\Product', 2, 848),
       (812, 'App\\Models\\Product', 2, 849),
       (813, 'App\\Models\\Product', 2, 850),
       (814, 'App\\Models\\Product', 11, 851),
       (815, 'App\\Models\\Product', 11, 852),
       (816, 'App\\Models\\Product', 11, 853),
       (817, 'App\\Models\\Product', 11, 854),
       (818, 'App\\Models\\Product', 11, 855),
       (819, 'App\\Models\\Product', 11, 856),
       (820, 'App\\Models\\Product', 11, 857),
       (821, 'App\\Models\\Product', 9, 858),
       (822, 'App\\Models\\Product', 9, 859),
       (823, 'App\\Models\\Product', 9, 860),
       (824, 'App\\Models\\Product', 9, 861),
       (825, 'App\\Models\\Product', 9, 862),
       (826, 'App\\Models\\Product', 102, 863),
       (827, 'App\\Models\\Product', 102, 864),
       (828, 'App\\Models\\Product', 102, 865),
       (829, 'App\\Models\\Product', 102, 866),
       (830, 'App\\Models\\Product', 102, 867),
       (831, 'App\\Models\\Product', 102, 868),
       (832, 'App\\Models\\Product', 7, 869),
       (833, 'App\\Models\\Product', 7, 870),
       (834, 'App\\Models\\Product', 7, 871),
       (835, 'App\\Models\\Product', 7, 872),
       (836, 'App\\Models\\Product', 7, 873),
       (837, 'App\\Models\\Product', 30, 874),
       (838, 'App\\Models\\Product', 30, 875),
       (839, 'App\\Models\\Product', 30, 876),
       (840, 'App\\Models\\Product', 30, 877),
       (841, 'App\\Models\\Product', 30, 878),
       (842, 'App\\Models\\Product', 30, 879),
       (843, 'App\\Models\\Product', 30, 880),
       (844, 'App\\Models\\Product', 30, 881),
       (845, 'App\\Models\\Product', 34, 882),
       (846, 'App\\Models\\Product', 34, 883),
       (847, 'App\\Models\\Product', 34, 884),
       (848, 'App\\Models\\Product', 34, 885),
       (849, 'App\\Models\\Product', 34, 886),
       (850, 'App\\Models\\Product', 34, 887),
       (851, 'App\\Models\\Product', 34, 888),
       (852, 'App\\Models\\Product', 34, 889),
       (853, 'App\\Models\\Product', 35, 890),
       (854, 'App\\Models\\Product', 35, 891),
       (855, 'App\\Models\\Product', 35, 892),
       (856, 'App\\Models\\Product', 35, 893),
       (857, 'App\\Models\\Product', 35, 894),
       (858, 'App\\Models\\Product', 35, 895),
       (859, 'App\\Models\\Product', 35, 896),
       (860, 'App\\Models\\Product', 35, 897),
       (861, 'App\\Models\\Product', 35, 898),
       (862, 'App\\Models\\Product', 35, 899),
       (863, 'App\\Models\\Product', 35, 900),
       (864, 'App\\Models\\Product', 103, 901),
       (865, 'App\\Models\\Product', 103, 902),
       (866, 'App\\Models\\Product', 103, 903),
       (867, 'App\\Models\\Product', 103, 904),
       (868, 'App\\Models\\Product', 103, 905),
       (869, 'App\\Models\\Product', 103, 906),
       (870, 'App\\Models\\Product', 103, 907),
       (871, 'App\\Models\\Product', 103, 908),
       (872, 'App\\Models\\Product', 103, 909),
       (873, 'App\\Models\\Product', 103, 910),
       (874, 'App\\Models\\Product', 103, 911),
       (875, 'App\\Models\\Product', 103, 912),
       (876, 'App\\Models\\Product', 103, 913),
       (884, 'App\\Models\\Product', 105, 921),
       (885, 'App\\Models\\Product', 105, 922),
       (886, 'App\\Models\\Product', 105, 923),
       (887, 'App\\Models\\Product', 105, 924),
       (888, 'App\\Models\\Product', 105, 925),
       (889, 'App\\Models\\Product', 105, 926),
       (890, 'App\\Models\\Product', 105, 927),
       (891, 'App\\Models\\Product', 89, 928),
       (892, 'App\\Models\\Product', 89, 929),
       (893, 'App\\Models\\Product', 89, 930),
       (894, 'App\\Models\\Product', 89, 931),
       (895, 'App\\Models\\Product', 89, 932),
       (896, 'App\\Models\\Product', 106, 933),
       (897, 'App\\Models\\Product', 106, 934),
       (898, 'App\\Models\\Product', 106, 935),
       (899, 'App\\Models\\Product', 106, 936),
       (900, 'App\\Models\\Product', 106, 937),
       (901, 'App\\Models\\Product', 106, 938),
       (902, 'App\\Models\\Product', 106, 939),
       (903, 'App\\Models\\Product', 107, 940),
       (904, 'App\\Models\\Product', 107, 941),
       (905, 'App\\Models\\Product', 107, 942),
       (906, 'App\\Models\\Product', 107, 943),
       (907, 'App\\Models\\Product', 107, 944),
       (908, 'App\\Models\\Product', 107, 945),
       (909, 'App\\Models\\Product', 107, 946),
       (910, 'App\\Models\\Product', 108, 947),
       (911, 'App\\Models\\Product', 108, 948),
       (912, 'App\\Models\\Product', 108, 949),
       (913, 'App\\Models\\Product', 108, 950),
       (914, 'App\\Models\\Product', 108, 951),
       (915, 'App\\Models\\Product', 108, 952),
       (916, 'App\\Models\\Product', 108, 953),
       (917, 'App\\Models\\Product', 108, 954),
       (918, 'App\\Models\\Product', 108, 955),
       (919, 'App\\Models\\Product', 109, 956),
       (920, 'App\\Models\\Product', 109, 957),
       (921, 'App\\Models\\Product', 109, 958),
       (922, 'App\\Models\\Product', 109, 959),
       (923, 'App\\Models\\Product', 109, 960),
       (924, 'App\\Models\\Product', 109, 961),
       (925, 'App\\Models\\Product', 109, 962),
       (926, 'App\\Models\\Product', 109, 963),
       (927, 'App\\Models\\Product', 109, 964),
       (928, 'App\\Models\\Product', 109, 965),
       (929, 'App\\Models\\Product', 110, 966),
       (930, 'App\\Models\\Product', 110, 967),
       (931, 'App\\Models\\Product', 110, 968),
       (932, 'App\\Models\\Product', 110, 969),
       (933, 'App\\Models\\Product', 110, 970),
       (934, 'App\\Models\\Product', 110, 971),
       (935, 'App\\Models\\Product', 110, 972),
       (936, 'App\\Models\\Product', 110, 973),
       (937, 'App\\Models\\Product', 110, 974),
       (938, 'App\\Models\\Product', 111, 975),
       (939, 'App\\Models\\Product', 111, 976),
       (940, 'App\\Models\\Product', 111, 977),
       (941, 'App\\Models\\Product', 111, 978),
       (942, 'App\\Models\\Product', 111, 979),
       (943, 'App\\Models\\Product', 111, 980),
       (944, 'App\\Models\\Product', 111, 981),
       (945, 'App\\Models\\Product', 111, 982),
       (946, 'App\\Models\\Product', 111, 983),
       (947, 'App\\Models\\Product', 111, 984),
       (948, 'App\\Models\\Product', 111, 985),
       (949, 'App\\Models\\Product', 91, 986),
       (950, 'App\\Models\\Product', 91, 987),
       (951, 'App\\Models\\Product', 91, 988),
       (952, 'App\\Models\\Product', 91, 989),
       (953, 'App\\Models\\Product', 91, 990),
       (954, 'App\\Models\\Product', 91, 991),
       (955, 'App\\Models\\Product', 91, 992),
       (956, 'App\\Models\\Product', 91, 993),
       (957, 'App\\Models\\Product', 112, 994),
       (958, 'App\\Models\\Product', 112, 995),
       (959, 'App\\Models\\Product', 112, 996),
       (960, 'App\\Models\\Product', 112, 997),
       (961, 'App\\Models\\Product', 112, 998),
       (962, 'App\\Models\\Product', 112, 999),
       (963, 'App\\Models\\Product', 112, 1000),
       (964, 'App\\Models\\Product', 112, 1001),
       (965, 'App\\Models\\Product', 112, 1002),
       (966, 'App\\Models\\Product', 112, 1003),
       (967, 'App\\Models\\Product', 113, 1004),
       (968, 'App\\Models\\Product', 113, 1005),
       (969, 'App\\Models\\Product', 113, 1006),
       (970, 'App\\Models\\Product', 113, 1007),
       (971, 'App\\Models\\Product', 113, 1008),
       (972, 'App\\Models\\Product', 113, 1009),
       (973, 'App\\Models\\Product', 113, 1010),
       (974, 'App\\Models\\Product', 113, 1011),
       (975, 'App\\Models\\Product', 114, 1012),
       (976, 'App\\Models\\Product', 114, 1013),
       (977, 'App\\Models\\Product', 114, 1014),
       (978, 'App\\Models\\Product', 114, 1015),
       (979, 'App\\Models\\Product', 114, 1016),
       (980, 'App\\Models\\Product', 114, 1017),
       (981, 'App\\Models\\Product', 115, 1018),
       (982, 'App\\Models\\Product', 115, 1019),
       (983, 'App\\Models\\Product', 115, 1020),
       (984, 'App\\Models\\Product', 115, 1021),
       (985, 'App\\Models\\Product', 115, 1022),
       (986, 'App\\Models\\Product', 115, 1023),
       (987, 'App\\Models\\Product', 115, 1024),
       (988, 'App\\Models\\Product', 116, 1025),
       (989, 'App\\Models\\Product', 116, 1026),
       (990, 'App\\Models\\Product', 116, 1027),
       (991, 'App\\Models\\Product', 116, 1028),
       (992, 'App\\Models\\Product', 116, 1029),
       (993, 'App\\Models\\Product', 116, 1030),
       (994, 'App\\Models\\Product', 116, 1031),
       (995, 'App\\Models\\Product', 117, 1032),
       (996, 'App\\Models\\Product', 117, 1033),
       (997, 'App\\Models\\Product', 117, 1034),
       (998, 'App\\Models\\Product', 117, 1035),
       (999, 'App\\Models\\Product', 118, 1036),
       (1000, 'App\\Models\\Product', 118, 1037),
       (1001, 'App\\Models\\Product', 118, 1038),
       (1002, 'App\\Models\\Product', 118, 1039),
       (1003, 'App\\Models\\Product', 118, 1040),
       (1004, 'App\\Models\\Product', 118, 1041),
       (1005, 'App\\Models\\Product', 118, 1042),
       (1006, 'App\\Models\\Product', 118, 1043),
       (1007, 'App\\Models\\Product', 118, 1044),
       (1008, 'App\\Models\\Product', 118, 1045),
       (1009, 'App\\Models\\Product', 104, 1046),
       (1010, 'App\\Models\\Product', 104, 1047),
       (1011, 'App\\Models\\Product', 104, 1048),
       (1012, 'App\\Models\\Product', 104, 1049),
       (1013, 'App\\Models\\Product', 104, 1050),
       (1014, 'App\\Models\\Product', 104, 1051),
       (1015, 'App\\Models\\Product', 104, 1052),
       (1016, 'App\\Models\\Portfolio', 8, 1053),
       (1017, 'App\\Models\\Portfolio', 8, 1054),
       (1018, 'App\\Models\\Portfolio', 8, 1055),
       (1019, 'App\\Models\\Portfolio', 8, 1056),
       (1020, 'App\\Models\\Portfolio', 8, 1057),
       (1021, 'App\\Models\\Portfolio', 8, 1058),
       (1022, 'App\\Models\\Portfolio', 8, 1059),
       (1023, 'App\\Models\\Portfolio', 8, 1060),
       (1024, 'App\\Models\\Portfolio', 8, 1061),
       (1025, 'App\\Models\\Portfolio', 8, 1062),
       (1028, 'App\\Models\\Notice', 1, 1067),
       (1029, 'App\\Models\\Product', 84, 1085),
       (1031, 'App\\Models\\Product', 84, 1087);
/*!40000 ALTER TABLE `attachmentable` ENABLE KEYS */;
UNLOCK
TABLES;

--
-- Table structure for table `attachments`
--

DROP TABLE IF EXISTS `attachments`;
/*!40101 SET @saved_cs_client     = @@character_set_client */;
/*!40101 SET character_set_client = utf8 */;
CREATE TABLE `attachments`
(
    `id`            int(10) unsigned NOT NULL AUTO_INCREMENT,
    `name`          text COLLATE utf8mb4_unicode_ci         NOT NULL,
    `original_name` text COLLATE utf8mb4_unicode_ci         NOT NULL,
    `mime`          varchar(255) COLLATE utf8mb4_unicode_ci NOT NULL,
    `extension`     varchar(255) COLLATE utf8mb4_unicode_ci          DEFAULT NULL,
    `size`          bigint(20) NOT NULL DEFAULT 0,
    `sort`          int(11) NOT NULL DEFAULT 0,
    `path`          text COLLATE utf8mb4_unicode_ci         NOT NULL,
    `description`   text COLLATE utf8mb4_unicode_ci                  DEFAULT NULL,
    `alt`           text COLLATE utf8mb4_unicode_ci                  DEFAULT NULL,
    `hash`          text COLLATE utf8mb4_unicode_ci                  DEFAULT NULL,
    `disk`          varchar(255) COLLATE utf8mb4_unicode_ci NOT NULL DEFAULT 'public',
    `user_id`       bigint(20) unsigned DEFAULT NULL,
    `group`         varchar(255) COLLATE utf8mb4_unicode_ci          DEFAULT NULL,
    `created_at`    timestamp NULL DEFAULT NULL,
    `updated_at`    timestamp NULL DEFAULT NULL,
    PRIMARY KEY (`id`)
) ENGINE=InnoDB AUTO_INCREMENT=1088 DEFAULT CHARSET=utf8mb4 COLLATE=utf8mb4_unicode_ci;
/*!40101 SET character_set_client = @saved_cs_client */;

--
-- Dumping data for table `attachments`
--

LOCK
TABLES `attachments` WRITE;
/*!40000 ALTER TABLE `attachments` DISABLE KEYS */;
INSERT INTO `attachments`
VALUES (3, 'ddd02c62ff19f4aa90cea03015f5db938663ca1b', 'portfolio-detail-image-3.png', 'image/png', 'png', 48855, 0, '2022/01/20/', NULL, NULL, 'c4f70112fac9cb40083a17ea5117a5d4ee6aa9c3', 'public', 1, 'photos', '2022-01-20 11:27:26', '2022-01-20 11:27:26'),
       (27, '8b570a09e7b32076f67682fbc2699767c56efbe7', 'Деликатес в мини-баночке с сыром и курагой.jpg', 'image/jpeg', 'jpg', 60146, 0, '2022/01/24/', NULL, NULL, '538a1ae3cec77caa8dd4eecc03b50ad1f73491f9', 'public', 1, 'photos', '2022-01-24 06:04:14', '2022-01-24 06:04:14'),
       (28, '8b570a09e7b32076f67682fbc2699767c56efbe7', 'Деликатес в мини-баночке с сыром и курагой.jpg', 'image/jpeg', 'jpg', 60146, 0, '2022/01/24/', NULL, NULL, '538a1ae3cec77caa8dd4eecc03b50ad1f73491f9', 'public', 1, 'photos', '2022-01-24 06:05:40', '2022-01-24 06:05:40'),
       (29, '8b570a09e7b32076f67682fbc2699767c56efbe7', 'Деликатес в мини-баночке с сыром и курагой.jpg', 'image/jpeg', 'jpg', 60146, 0, '2022/01/24/', NULL, NULL, '538a1ae3cec77caa8dd4eecc03b50ad1f73491f9', 'public', 1, 'photos', '2022-01-24 06:08:07', '2022-01-24 06:08:07'),
       (30, '8b570a09e7b32076f67682fbc2699767c56efbe7', '1.jpg', 'image/jpeg', 'jpg', 60146, 0, '2022/01/24/', NULL, NULL, '538a1ae3cec77caa8dd4eecc03b50ad1f73491f9', 'public', 1, 'photos', '2022-01-24 06:09:12', '2022-01-24 06:09:12'),
       (31, '8b570a09e7b32076f67682fbc2699767c56efbe7', '1.jpg', 'image/jpeg', 'jpg', 60146, 0, '2022/01/24/', NULL, NULL, '538a1ae3cec77caa8dd4eecc03b50ad1f73491f9', 'public', 1, 'photos', '2022-01-24 06:11:09', '2022-01-24 06:11:09'),
       (86, '8b570a09e7b32076f67682fbc2699767c56efbe7', '1.jpg', 'image/jpeg', 'jpg', 60146, 0, '2022/01/24/', NULL, NULL, '538a1ae3cec77caa8dd4eecc03b50ad1f73491f9', 'public', 1, 'photos', '2022-01-24 11:43:43', '2022-01-24 11:43:43'),
       (88, '8b570a09e7b32076f67682fbc2699767c56efbe7', '1.jpg', 'image/jpeg', 'jpg', 60146, 0, '2022/01/24/', NULL, NULL, '538a1ae3cec77caa8dd4eecc03b50ad1f73491f9', 'public', 1, 'photos', '2022-01-25 03:50:41', '2022-01-25 03:50:41'),
       (89, '8b570a09e7b32076f67682fbc2699767c56efbe7', '1.jpg', 'image/jpeg', 'jpg', 60146, 0, '2022/01/24/', NULL, NULL, '538a1ae3cec77caa8dd4eecc03b50ad1f73491f9', 'public', 1, 'photos', '2022-01-25 03:51:41', '2022-01-25 03:51:41'),
       (92, '9a6820cc8f5c1084e1dbabb67c85728e92e5eb46', '1.jpg', 'image/jpeg', 'jpg', 810873, 0, '2022/02/07/', NULL, NULL, '22e6033e855ae9c7dc6f32e321a24ced8973455a', 'public', 1, 'photos', '2022-02-07 04:46:08', '2022-02-07 04:46:08'),
       (93, '123ac2d4da6175c7cb670f20a128d9d37b23226a', '2.jpg', 'image/jpeg', 'jpg', 638847, 0, '2022/02/07/', NULL, NULL, 'cafb9d6b9ae5b727ef0a331b296b63f88bae87ae', 'public', 1, 'photos', '2022-02-07 04:46:08', '2022-02-07 04:46:08'),
       (94, '8a0b314b21a0f129e74adf5edd7fa97b9a19efbe', '2-1.jpg', 'image/jpeg', 'jpg', 825907, 0, '2022/02/07/', NULL, NULL, '33572c68c72455a725ed75e142f65598627b2104', 'public', 1, 'photos', '2022-02-07 04:46:09', '2022-02-07 04:46:09'),
       (95, '602d5e6c3d8d1bcc6a6e7d808ee5daa9e281b936', '3.jpg', 'image/jpeg', 'jpg', 345069, 0, '2022/02/07/', NULL, NULL, 'b69f11e3239067ed5fafdfdd86964d6f56060c89', 'public', 1, 'photos', '2022-02-07 04:46:09', '2022-02-07 04:46:09'),
       (96, '4944d3ed0ab6182b5b5b3b34bb49185169d97e36', '4.jpg', 'image/jpeg', 'jpg', 592195, 0, '2022/02/07/', NULL, NULL, '63e82a6bd5dd0e1eedd39b187e181520c7ab4fa7', 'public', 1, 'photos', '2022-02-07 04:46:09', '2022-02-07 04:46:09'),
       (97, '6eb183876afad715541d1a14bcbc2c6c0831fad2', '5.jpg', 'image/jpeg', 'jpg', 570788, 0, '2022/02/07/', NULL, NULL, '8f7575e5fc61765da1d086d3cdad6505d04aec97', 'public', 1, 'photos', '2022-02-07 04:46:09', '2022-02-07 04:46:09'),
       (98, '177c2e20618047161af9420960196ceab32a3b55', '6.jpg', 'image/jpeg', 'jpg', 325571, 0, '2022/02/07/', NULL, NULL, '51c2b5d039b1a6e5c9a27c30d69ef44fc51b21f3', 'public', 1, 'photos', '2022-02-07 04:46:10', '2022-02-07 04:46:10'),
       (99, '3660998f48da5c1af600651cc574ac0ffd135b72', '7.jpg', 'image/jpeg', 'jpg', 678689, 0, '2022/02/07/', NULL, NULL, 'bf9639774661cc6624eadfd975478cb6d824ffbf', 'public', 1, 'photos', '2022-02-07 04:46:10', '2022-02-07 04:46:10'),
       (100, 'd28750b67364a5fe282cee3bb27aee592f027b64', '8.jpg', 'image/jpeg', 'jpg', 503696, 0, '2022/02/07/', NULL, NULL, '13babd25414312ff20886932c0d3ec0888d7d022', 'public', 1, 'photos', '2022-02-07 04:46:10', '2022-02-07 04:46:10'),
       (101, '3ff8a6ef77fa43c278b02b36579c14d0de6e43bb', '9.jpg', 'image/jpeg', 'jpg', 793767, 0, '2022/02/07/', NULL, NULL, '5caa424ff74a76d9fc5108da9cb1a61d0ea5304e', 'public', 1, 'photos', '2022-02-07 04:46:10', '2022-02-07 04:46:10'),
       (102, 'b10431bb38dc800b8ef69360cd0fa1979b95a9e6', '1.jpg', 'image/jpeg', 'jpg', 203985, 0, '2022/02/07/', NULL, NULL, '664d62603ed1dcf8b5b7c97d8f2f02bee939c2a2', 'public', 1, 'photos', '2022-02-07 04:55:37', '2022-02-07 04:55:37'),
       (103, 'e270be3b9f9d2d15751210d7f97f858120fe43ab', '2.jpg', 'image/jpeg', 'jpg', 401394, 0, '2022/02/07/', NULL, NULL, '6cc37e021daa9950edfc7f4b3b7cf7b3e135d3ee', 'public', 1, 'photos', '2022-02-07 04:55:37', '2022-02-07 04:55:37'),
       (104, '60eade61ec545dda0e3dd42d385dda1dd2cfb8c2', '3.jpg', 'image/jpeg', 'jpg', 264283, 0, '2022/02/07/', NULL, NULL, '91455ba860f648da1ad6be3c0ec6ffe2929ac6d3', 'public', 1, 'photos', '2022-02-07 04:55:37', '2022-02-07 04:55:37'),
       (105, '4e6986f76cae09c93377eec4b427ee6934fd3024', '4.jpg', 'image/jpeg', 'jpg', 220949, 0, '2022/02/07/', NULL, NULL, '0cd1f546fd99fb554b27e593a805ff9758807174', 'public', 1, 'photos', '2022-02-07 04:55:37', '2022-02-07 04:55:37'),
       (106, '880ab78255c78671b2c5bb62cf507988d3e295b7', '5.jpg', 'image/jpeg', 'jpg', 270124, 0, '2022/02/07/', NULL, NULL, 'b513cb1798588cd512a4ef6c02277a9d701fdd6c', 'public', 1, 'photos', '2022-02-07 04:55:37', '2022-02-07 04:55:37'),
       (107, '694108085e519dac6cc39cec653091c6cebf56de', '6.jpg', 'image/jpeg', 'jpg', 165061, 0, '2022/02/07/', NULL, NULL, '2752b164e3090adc565207d9f181bcb53d866196', 'public', 1, 'photos', '2022-02-07 04:55:37', '2022-02-07 04:55:37'),
       (108, 'c925eb04dd95d682959c62ae3d817ddc2325d6bf', '7.jpg', 'image/jpeg', 'jpg', 254746, 0, '2022/02/07/', NULL, NULL, '5cb6cc7a1975a45bfa1dd332d160e0b445b87d7b', 'public', 1, 'photos', '2022-02-07 04:55:37', '2022-02-07 04:55:37'),
       (109, '3be2d5e740dbf1e1f0c6998adac5b38f239c2ff8', '8.jpg', 'image/jpeg', 'jpg', 264946, 0, '2022/02/07/', NULL, NULL, '8b6234e386ba84018da50c5eb68a37ab205bae63', 'public', 1, 'photos', '2022-02-07 04:55:37', '2022-02-07 04:55:37'),
       (110, 'c4c4496d05625d24d55dc2be59863ec57ec26f09', '9.jpg', 'image/jpeg', 'jpg', 161587, 0, '2022/02/07/', NULL, NULL, '71d8b9ab6de43a8a063fb039e72452a54d442964', 'public', 1, 'photos', '2022-02-07 04:55:38', '2022-02-07 04:55:38'),
       (111, '7bb9215b800d4df21bb1373ab52760db6138acb8', '10.jpg', 'image/jpeg', 'jpg', 376863, 0, '2022/02/07/', NULL, NULL, 'f7eb6b8a0979d21861ae53c8a80b509d247c3995', 'public', 1, 'photos', '2022-02-07 04:55:38', '2022-02-07 04:55:38'),
       (112, 'ae26151e81ace65af7e1d9e0a2d668418e2fa60a', '11.jpg', 'image/jpeg', 'jpg', 311569, 0, '2022/02/07/', NULL, NULL, '46f1f693f3e91a363a294dbd5b075d5b0cfbf831', 'public', 1, 'photos', '2022-02-07 04:55:39', '2022-02-07 04:55:39'),
       (113, '119424c4dd22e2f47efd6ea48d1bfab2d175562b', '12.jpg', 'image/jpeg', 'jpg', 233307, 0, '2022/02/07/', NULL, NULL, 'c2246fcacc295c48ffeca5195e3a96a47c1f6949', 'public', 1, 'photos', '2022-02-07 04:55:39', '2022-02-07 04:55:39'),
       (114, '7249d329a9c89e7cac8e5987d804e853408c1918', '13.jpg', 'image/jpeg', 'jpg', 266194, 0, '2022/02/07/', NULL, NULL, '481f9b847bbd927a72c79ff240204f2210282006', 'public', 1, 'photos', '2022-02-07 04:55:39', '2022-02-07 04:55:39'),
       (115, 'a703d6098c0a5012a64e7c1b1cf48420accf0a58', '0.jpg', 'image/jpeg', 'jpg', 333042, 0, '2022/02/07/', NULL, NULL, '65c7e8e27250f7bc07a67533d96edaa1f708fdb0', 'public', 1, 'photos', '2022-02-07 05:11:10', '2022-02-07 05:11:10'),
       (116, '809865a2d1a12b1022ed51ed1ee065cf1b1853d8', '1.jpg', 'image/jpeg', 'jpg', 742650, 0, '2022/02/07/', NULL, NULL, 'f446426b3a236658278d467f92895820d7e403ed', 'public', 1, 'photos', '2022-02-07 05:11:10', '2022-02-07 05:11:10'),
       (117, 'c45501049db84d465f8f0c3ce91b8f05e579c32e', '2.jpg', 'image/jpeg', 'jpg', 488991, 0, '2022/02/07/', NULL, NULL, '4b69ce4e28478b791482417455c254dbd4c70339', 'public', 1, 'photos', '2022-02-07 05:11:11', '2022-02-07 05:11:11'),
       (118, '56efa8ec3d686d55064cb59197362c6ed34803ea', '3.jpg', 'image/jpeg', 'jpg', 480036, 0, '2022/02/07/', NULL, NULL, 'e0d30ef3392a8cf52781559509d0fbb48091bbb9', 'public', 1, 'photos', '2022-02-07 05:11:11', '2022-02-07 05:11:11'),
       (119, 'dc02546768cffb2fe9b847aada72eded4b1e43df', '4.jpg', 'image/jpeg', 'jpg', 560510, 0, '2022/02/07/', NULL, NULL, '8a81f675ff344d801f428500e8710a049e299163', 'public', 1, 'photos', '2022-02-07 05:11:12', '2022-02-07 05:11:12'),
       (120, '0cbcee331ec5717d46d6524d6d63ff83bef2bfc1', '5.jpg', 'image/jpeg', 'jpg', 440673, 0, '2022/02/07/', NULL, NULL, 'b3949bbfb736f2f1ae7e584f5a3d44ff1cc31743', 'public', 1, 'photos', '2022-02-07 05:11:12', '2022-02-07 05:11:12'),
       (121, 'efa99cd0c1df55934eb3f5b3a41107d1814159e0', '6.jpg', 'image/jpeg', 'jpg', 368644, 0, '2022/02/07/', NULL, NULL, '5f87ce0c8ef4cde51bb1518a2ce988543c56ba75', 'public', 1, 'photos', '2022-02-07 05:11:12', '2022-02-07 05:11:12'),
       (122, 'ad44f0479a0eb0ad064b07a2f2919fdeedba5266', '7.jpg', 'image/jpeg', 'jpg', 464017, 0, '2022/02/07/', NULL, NULL, 'bf4bcb299107ebc928aaf0cba04d8e0ded5d4e34', 'public', 1, 'photos', '2022-02-07 05:11:12', '2022-02-07 05:11:12'),
       (123, 'f1943018f76e9c3534018ac49e0c43298df8f53b', '8.jpg', 'image/jpeg', 'jpg', 516622, 0, '2022/02/07/', NULL, NULL, 'e12c33528c78b710beee2b6a6eefa67565114583', 'public', 1, 'photos', '2022-02-07 05:11:13', '2022-02-07 05:11:13'),
       (124, '06f13f19f4a50e8781f0dd751826356ad905f018', '9.jpg', 'image/jpeg', 'jpg', 501223, 0, '2022/02/07/', NULL, NULL, 'a51459bdade968a3d3784354d0df45811ead3f5b', 'public', 1, 'photos', '2022-02-07 05:11:13', '2022-02-07 05:11:13'),
       (125, 'bb86d934a54919bf7c98ae9dd1eab7e5ec56380e', '10.jpg', 'image/jpeg', 'jpg', 310209, 0, '2022/02/07/', NULL, NULL, '88f1f6bb3149da742133a6121b024c9a438d29f3', 'public', 1, 'photos', '2022-02-07 05:11:13', '2022-02-07 05:11:13'),
       (126, '5662ba16bd12d949b70a9622f836edf4244808e6', '1.jpg', 'image/jpeg', 'jpg', 422489, 0, '2022/02/07/', NULL, NULL, '62cf5f968fdf9014f84db829db96a79032ff1af0', 'public', 1, 'photos', '2022-02-07 05:14:33', '2022-02-07 05:16:55'),
       (127, 'cec74bba931151718e5461b6611af1774565db1e', '2.jpg', 'image/jpeg', 'jpg', 202274, 3, '2022/02/07/', NULL, NULL, 'f5e993692c781e1e762959a2adc2c76b6358e44c', 'public', 1, 'photos', '2022-02-07 05:14:33', '2022-02-07 05:15:46'),
       (128, '4c19ddda7097893019d93279b29ee3ee86121693', '3.jpg', 'image/jpeg', 'jpg', 410475, 4, '2022/02/07/', NULL, NULL, '294df39127acec41c1ef8af64145b0770ed811bb', 'public', 1, 'photos', '2022-02-07 05:14:34', '2022-02-07 05:15:46'),
       (129, '83a48e94317a8bdf3959d068e132f42fe42e576b', '4.jpg', 'image/jpeg', 'jpg', 298921, 5, '2022/02/07/', NULL, NULL, '79509be0e1cccf3ea22af125582415cc3e082541', 'public', 1, 'photos', '2022-02-07 05:14:34', '2022-02-07 05:15:46'),
       (130, '258122c8b3eb8cbf3601a7ee75070e0d3d0b8e05', '5.jpg', 'image/jpeg', 'jpg', 256361, 2, '2022/02/07/', NULL, NULL, '92f4d1309308a042024ec5b750b3de4d4529025a', 'public', 1, 'photos', '2022-02-07 05:14:34', '2022-02-07 05:16:55'),
       (131, 'a2e0904a09783e2ebcbbe6e74ff6f135629582dc', '6.jpg', 'image/jpeg', 'jpg', 375110, 1, '2022/02/07/', NULL, NULL, '7378ae8dfe2f64bea22f34219cad696bfe90d060', 'public', 1, 'photos', '2022-02-07 05:14:34', '2022-02-07 05:16:55'),
       (132, 'b5340f11588f7caab049bf8c25aab7bdced6453c', '7.jpg', 'image/jpeg', 'jpg', 218140, 6, '2022/02/07/', NULL, NULL, '2eaaecad08c55e113f20b08f81106dbbf1ec36e2', 'public', 1, 'photos', '2022-02-07 05:14:34', '2022-02-07 05:15:06'),
       (133, 'a740700998131b44b2ce4ce6c47a5a61ae376963', '8.jpg', 'image/jpeg', 'jpg', 249810, 7, '2022/02/07/', NULL, NULL, '3ba9b57276fc14c7d54aedfee4f088bf74d3c3d0', 'public', 1, 'photos', '2022-02-07 05:14:34', '2022-02-07 05:15:06'),
       (134, 'cf7a14292b5a4e30560dbb38420dc83c3a455643', '9.jpg', 'image/jpeg', 'jpg', 179753, 8, '2022/02/07/', NULL, NULL, '2572b8790280090640cba736435995c5597ee7c1', 'public', 1, 'photos', '2022-02-07 05:14:35', '2022-02-07 05:15:06'),
       (135, 'ae1e569c6b192e1d513df4bc6bfd8583332d531a', '10.jpg', 'image/jpeg', 'jpg', 261751, 9, '2022/02/07/', NULL, NULL, '083f3f2b9a5a978828584abc31a9586625f31f3e', 'public', 1, 'photos', '2022-02-07 05:14:35', '2022-02-07 05:15:06'),
       (136, 'e97d76e868b7316024e76dcba119f0f1a0114aaf', '11.jpg', 'image/jpeg', 'jpg', 198280, 10, '2022/02/07/', NULL, NULL, 'a1cdc3d5b5896c0e5761838d89c2d7246ff5bc21', 'public', 1, 'photos', '2022-02-07 05:14:35', '2022-02-07 05:15:06'),
       (137, '9d3162060ebb2a683f415d4686e622db4586668f', '12.jpg', 'image/jpeg', 'jpg', 202989, 11, '2022/02/07/', NULL, NULL, '48a8426ea5cc23050c3071012142a4674e8af3f1', 'public', 1, 'photos', '2022-02-07 05:14:35', '2022-02-07 05:15:06'),
       (138, 'e3fa69a8f1d4b13cc3126af7d8adde6d281087bd', '13.jpg', 'image/jpeg', 'jpg', 286350, 12, '2022/02/07/', NULL, NULL, '51f4c15e57563f381c759dba0201f094a2346f26', 'public', 1, 'photos', '2022-02-07 05:14:35', '2022-02-07 05:15:06'),
       (139, '75649e8e30d03e1a1f7c8227e3cc28a132ffdfd5', '1.jpg', 'image/jpeg', 'jpg', 776858, 0, '2022/02/07/', NULL, NULL, 'e6b35c004ab379a5e851d99ceb2acb980c5c2f92', 'public', 1, 'photos', '2022-02-07 05:19:58', '2022-02-07 05:19:58'),
       (140, '4c4847f4bec99b3a8dcb18a91e602c4f5ff309a8', '2.jpg', 'image/jpeg', 'jpg', 975065, 0, '2022/02/07/', NULL, NULL, 'fe23da0580851e132f7b89c9b255d495ad8aeaf9', 'public', 1, 'photos', '2022-02-07 05:19:58', '2022-02-07 05:19:58'),
       (141, '572b00184d5b4ee1e413c16a0eb11b575f268e70', '3.jpg', 'image/jpeg', 'jpg', 257359, 0, '2022/02/07/', NULL, NULL, '9dbb76146abc31569407d1defa45dc05266a0a0b', 'public', 1, 'photos', '2022-02-07 05:19:58', '2022-02-07 05:19:58'),
       (142, 'dbe02025eab8acb1a1390295aa6327d2434c33dd', '4.jpg', 'image/jpeg', 'jpg', 288039, 0, '2022/02/07/', NULL, NULL, '10631bd76a8362ba37cd8fd93c694148f9c78f0f', 'public', 1, 'photos', '2022-02-07 05:19:58', '2022-02-07 05:19:58'),
       (143, '6a9e952f523d4f7877775f21a7ceaa74b8559622', '5.jpg', 'image/jpeg', 'jpg', 288116, 0, '2022/02/07/', NULL, NULL, '06760157ba7c6610d9d492e701c662b5158fe872', 'public', 1, 'photos', '2022-02-07 05:19:58', '2022-02-07 05:19:58'),
       (144, '103c7d9cb8d98c388d58a4e88ad0438a4992c2a6', '6.jpg', 'image/jpeg', 'jpg', 487679, 0, '2022/02/07/', NULL, NULL, 'd4dbd02738a62e6565daab66e569f83624614607', 'public', 1, 'photos', '2022-02-07 05:19:58', '2022-02-07 05:19:58'),
       (145, 'ecda3bf93ecfbe4235a6995614da4be27020ce53', '7.jpg', 'image/jpeg', 'jpg', 292717, 0, '2022/02/07/', NULL, NULL, '0fdc816b27d3632ab1ba8d3240bdf51640b398a1', 'public', 1, 'photos', '2022-02-07 05:19:59', '2022-02-07 05:19:59'),
       (146, '4e67ea4942cf76f395e4d415ae382d6b726508fb', '8.jpg', 'image/jpeg', 'jpg', 253005, 0, '2022/02/07/', NULL, NULL, '45d1fce01572dce8951b277268a0eddede878823', 'public', 1, 'photos', '2022-02-07 05:19:59', '2022-02-07 05:19:59'),
       (147, 'be7b20ec45a9cb69368dc58febbb690156833a08', '9.jpg', 'image/jpeg', 'jpg', 209057, 0, '2022/02/07/', NULL, NULL, '9457ecfe42effdd3fa0f5ceb5970c0a95a4ad6e1', 'public', 1, 'photos', '2022-02-07 05:19:59', '2022-02-07 05:19:59'),
       (148, '5d2676f250d78fdfaf24ad33db17968202e84283', '10.jpg', 'image/jpeg', 'jpg', 259925, 0, '2022/02/07/', NULL, NULL, 'd25153c5437210935a9a27c0bd0dd1ddead4bb37', 'public', 1, 'photos', '2022-02-07 05:19:59', '2022-02-07 05:19:59'),
       (149, 'eeef6bf43e52be3705f79cdfa8981b03b6e653b3', '11.jpg', 'image/jpeg', 'jpg', 168328, 0, '2022/02/07/', NULL, NULL, '306b02b2211690287eb1c802643924f09c9e5f02', 'public', 1, 'photos', '2022-02-07 05:19:59', '2022-02-07 05:19:59'),
       (150, 'bbfd9079ce92def66455f5bd107bf2b859911aba', '12.jpg', 'image/jpeg', 'jpg', 484176, 0, '2022/02/07/', NULL, NULL, 'a3d2d472e4a19985d87faa3ac7b079640c6ae619', 'public', 1, 'photos', '2022-02-07 05:19:59', '2022-02-07 05:19:59'),
       (151, '5f0804d79fc354e5a60d089e451f4f1d7af6548c', '13.jpg', 'image/jpeg', 'jpg', 680421, 0, '2022/02/07/', NULL, NULL, '6b96898fd50cd2a9046d45c7e7a42ca7e8956239', 'public', 1, 'photos', '2022-02-07 05:20:00', '2022-02-07 05:20:00'),
       (152, '1048680359dca258e1b9affe53e53802db8c1eb0', '14.jpg', 'image/jpeg', 'jpg', 342645, 0, '2022/02/07/', NULL, NULL, 'f6d948bb60bf29b8d000ac67c792a70af37f08aa', 'public', 1, 'photos', '2022-02-07 05:20:00', '2022-02-07 05:20:00'),
       (153, '6d537e45e927afc3c0919e82059e3eed2e8e0ac4', '15.jpg', 'image/jpeg', 'jpg', 364051, 0, '2022/02/07/', NULL, NULL, '3cd3df9dbf878c6f29e23b7bc699453647f77286', 'public', 1, 'photos', '2022-02-07 05:20:00', '2022-02-07 05:20:00'),
       (154, 'a6a82b1789ad9b6e1f63ee3d7966f4b70b52169d', '16.jpg', 'image/jpeg', 'jpg', 471392, 0, '2022/02/07/', NULL, NULL, '9cfd401635aa03823d692a083cd546bd969a1a17', 'public', 1, 'photos', '2022-02-07 05:20:00', '2022-02-07 05:20:00'),
       (155, '780c43e4750da947648fb5afd6f52b7381931783', '17.jpg', 'image/jpeg', 'jpg', 479589, 0, '2022/02/07/', NULL, NULL, 'fa88ea0365865f34bc30d7a9a6ef757253225f29', 'public', 1, 'photos', '2022-02-07 05:20:01', '2022-02-07 05:20:01'),
       (156, '2fe8fb1fe19562823eac72a815a3c836f90c1ebd', '18.jpg', 'image/jpeg', 'jpg', 864220, 0, '2022/02/07/', NULL, NULL, 'fd37acbde15e4d0ef58424ec66df88bcb5fe8865', 'public', 1, 'photos', '2022-02-07 05:20:01', '2022-02-07 05:20:01'),
       (157, '5b7132988c77d73427ca5a9dbe62bb2c1a6ca473', '1.jpg', 'image/jpeg', 'jpg', 695336, 0, '2022/02/07/', NULL, NULL, '6013a6703da740a6ec129e1f0211232014ef9364', 'public', 1, 'photos', '2022-02-07 05:25:14', '2022-02-07 05:25:14'),
       (158, '54595fb281d2dd9ebccb81b8068159e43d661156', '2.jpg', 'image/jpeg', 'jpg', 398954, 0, '2022/02/07/', NULL, NULL, 'bff139fdd299d76c6dc48e31097f1949892ae5ea', 'public', 1, 'photos', '2022-02-07 05:25:14', '2022-02-07 05:25:14'),
       (159, 'f4bb5ca5d6700ce4728b040c63eae2fce05e781d', '3.jpg', 'image/jpeg', 'jpg', 275030, 0, '2022/02/07/', NULL, NULL, '51ee8ae1c295ff657e90dac7801a85247cf6f16e', 'public', 1, 'photos', '2022-02-07 05:25:14', '2022-02-07 05:25:14'),
       (160, '4631ef7481216516afb620375ac2385a7ce459d9', '4.jpg', 'image/jpeg', 'jpg', 319517, 0, '2022/02/07/', NULL, NULL, '7b4843e7f68c4b49a282b985ca3204fd6b69c4ec', 'public', 1, 'photos', '2022-02-07 05:25:14', '2022-02-07 05:25:14'),
       (161, '3548a315cd4270681a582545451d45c1acfdde73', '5.jpg', 'image/jpeg', 'jpg', 602303, 0, '2022/02/07/', NULL, NULL, '200bf5f9acf265a62db472c91bb666276dde45ca', 'public', 1, 'photos', '2022-02-07 05:25:15', '2022-02-07 05:25:15'),
       (162, '2f240b633151bab3b887f1b1d442a0f687b65dac', '6.jpg', 'image/jpeg', 'jpg', 421446, 0, '2022/02/07/', NULL, NULL, '5193722436f9d8c71f42a03cb4cc7b3cacbd361b', 'public', 1, 'photos', '2022-02-07 05:25:15', '2022-02-07 05:25:15'),
       (163, '99efb701b16549f9814c197cb4451340bdd24530', '7.jpg', 'image/jpeg', 'jpg', 259393, 0, '2022/02/07/', NULL, NULL, '5957a10d54caab5e0e179964584857dd356f65a3', 'public', 1, 'photos', '2022-02-07 05:25:15', '2022-02-07 05:25:15'),
       (164, '26c0fd3e56102fc67d761e9a144d2f54945c7feb', '8.jpg', 'image/jpeg', 'jpg', 193058, 0, '2022/02/07/', NULL, NULL, '975946521513b92bd67593b374b98cd61916526e', 'public', 1, 'photos', '2022-02-07 05:25:15', '2022-02-07 05:25:15'),
       (165, '384298453742e7c03004bd4b596c4de3b62e1262', '9.jpg', 'image/jpeg', 'jpg', 638001, 0, '2022/02/07/', NULL, NULL, '48bf030b69595be71bbd069001f6948d18a62785', 'public', 1, 'photos', '2022-02-07 05:25:16', '2022-02-07 05:25:16'),
       (166, '33f30e002475edf29d27dfc6c7e9ff41fa02cd00', '10.jpg', 'image/jpeg', 'jpg', 503362, 0, '2022/02/07/', NULL, NULL, '8905dfd143260c2ed03699f428c86ca32f8a507c', 'public', 1, 'photos', '2022-02-07 05:25:16', '2022-02-07 05:25:16'),
       (167, 'd6d71c10770d1201bd5d692193054214e6461365', '1.jpg', 'image/jpeg', 'jpg', 705366, 0, '2022/02/07/', NULL, NULL, '1bf2fcde6e1a183713d3af6b6235e2e3f66b6ca3', 'public', 1, 'photos', '2022-02-07 05:33:55', '2022-02-07 05:33:55'),
       (168, '3f30a23c390cbd787fad15d3a08ca73e9725109d', '2.jpg', 'image/jpeg', 'jpg', 632033, 0, '2022/02/07/', NULL, NULL, '5ee010a2aefc7f98ff3d85f120a1c6b50fd0cf88', 'public', 1, 'photos', '2022-02-07 05:33:55', '2022-02-07 05:33:55'),
       (169, 'e5114eb899e2cf1c7432bfc4826332e87dfe2591', '3.jpg', 'image/jpeg', 'jpg', 401796, 0, '2022/02/07/', NULL, NULL, 'a7e0559ea03e34d8f6a7275f4f4116e4b7dfb70a', 'public', 1, 'photos', '2022-02-07 05:33:56', '2022-02-07 05:33:56'),
       (170, '4bed152e0c60ad595fd43ca4bf14ecfd106201a4', '4.jpg', 'image/jpeg', 'jpg', 235380, 0, '2022/02/07/', NULL, NULL, '385dcf18c98564fedeeb66998d53436b13fe4f1d', 'public', 1, 'photos', '2022-02-07 05:33:56', '2022-02-07 05:33:56'),
       (171, 'a4e8fef4bad746403484653e638f0815fe85cd5f', '5.jpg', 'image/jpeg', 'jpg', 384147, 0, '2022/02/07/', NULL, NULL, '0465529ebdfa3a4bd323831e71737ae3167a6f90', 'public', 1, 'photos', '2022-02-07 05:33:56', '2022-02-07 05:33:56'),
       (172, '6961b847a38d025654ecf9caffb00d7074ea786f', '6.jpg', 'image/jpeg', 'jpg', 701310, 0, '2022/02/07/', NULL, NULL, '62e12ee61921ef04fcb1d446a4eb4ca903852f82', 'public', 1, 'photos', '2022-02-07 05:33:56', '2022-02-07 05:33:56'),
       (173, 'b5a67bbca28103962abb5e74b184143a89da4f8a', '7.jpg', 'image/jpeg', 'jpg', 647693, 0, '2022/02/07/', NULL, NULL, 'e8a0f526aa32d3a64959e6496a935542e97d772e', 'public', 1, 'photos', '2022-02-07 05:33:57', '2022-02-07 05:33:57'),
       (174, '621d7ff548b7f02589dc3fe1fe7c2f6222470de5', '8.jpg', 'image/jpeg', 'jpg', 605805, 0, '2022/02/07/', NULL, NULL, 'e62fc1b2d811465f53f7caa2526f7cf805561e88', 'public', 1, 'photos', '2022-02-07 05:33:57', '2022-02-07 05:33:57'),
       (175, '7482b60e2845089f8f39563aac04ee19e7d26a03', '9.jpg', 'image/jpeg', 'jpg', 516735, 0, '2022/02/07/', NULL, NULL, '285fbea0a9def14bbdef5d0dca59f956145bffac', 'public', 1, 'photos', '2022-02-07 05:33:57', '2022-02-07 05:33:57'),
       (176, '1e204233c3521902ffebd43620b20baba53e722c', '10.jpg', 'image/jpeg', 'jpg', 489177, 0, '2022/02/07/', NULL, NULL, 'fccb366e9b6846fac9344b04fa19f3cb8aa7ba59', 'public', 1, 'photos', '2022-02-07 05:33:57', '2022-02-07 05:33:57'),
       (177, 'a868b3821d9f02841b0efed2a1951f2b212ebacb', '11.jpg', 'image/jpeg', 'jpg', 521597, 0, '2022/02/07/', NULL, NULL, 'b4d56e42ceaa42b715079fef6ebea16b3ebe5813', 'public', 1, 'photos', '2022-02-07 05:33:58', '2022-02-07 05:33:58'),
       (178, '365fb35c43d863ae9cb20c2cac8de13681eff499', '12.jpg', 'image/jpeg', 'jpg', 508620, 0, '2022/02/07/', NULL, NULL, '24d58627ee990e0bfd8dccaf8f6cda9eb59c048f', 'public', 1, 'photos', '2022-02-07 05:33:58', '2022-02-07 05:33:58'),
       (179, 'ceca05222c6fc6d938f77c1efcd5dc64f7c15c81', '1.jpg', 'image/jpeg', 'jpg', 716172, 0, '2022/02/07/', NULL, NULL, 'a8aa49d3c3fef7c97bee886c6e1d379a80a7d526', 'public', 1, 'photos', '2022-02-07 05:36:53', '2022-02-07 05:36:53'),
       (180, '88cae7892ef10c84d8cfc6e89590d6a0afce70ee', '2.jpg', 'image/jpeg', 'jpg', 447333, 0, '2022/02/07/', NULL, NULL, 'c58554f5565c619cf81570b37494a0719e6c2f6b', 'public', 1, 'photos', '2022-02-07 05:36:53', '2022-02-07 05:36:53'),
       (181, 'ccb517463806c6d316835673f41f66dc6301d329', '3.jpg', 'image/jpeg', 'jpg', 303675, 0, '2022/02/07/', NULL, NULL, '58eab78d456b0153baa624a852e4d4ffda3ef7ae', 'public', 1, 'photos', '2022-02-07 05:36:54', '2022-02-07 05:36:54'),
       (182, '28c364b30cd58f09f6a8084750f71d19a738d7cb', '4.jpg', 'image/jpeg', 'jpg', 550259, 0, '2022/02/07/', NULL, NULL, '9497f1cf65d609ba44bd5753a479773f1bb1140b', 'public', 1, 'photos', '2022-02-07 05:36:54', '2022-02-07 05:36:54'),
       (183, 'fc30b0f050bcd0a8a73eb099031b943171f706ec', '5.jpg', 'image/jpeg', 'jpg', 438104, 0, '2022/02/07/', NULL, NULL, 'b0f3a4fb779732344c79e41adbeec3fe6aef06d4', 'public', 1, 'photos', '2022-02-07 05:36:54', '2022-02-07 05:36:54'),
       (184, '9908f6a602c38311da56aacd8e6e748964709016', '6.jpg', 'image/jpeg', 'jpg', 299755, 0, '2022/02/07/', NULL, NULL, '3877bbc1c2ab2fc806fe59cf099ca4d39806ddf9', 'public', 1, 'photos', '2022-02-07 05:36:58', '2022-02-07 05:36:58'),
       (185, '7b8eb0bba45bd2a71d6782fa32c1898a600d8fa9', '7.jpg', 'image/jpeg', 'jpg', 530014, 0, '2022/02/07/', NULL, NULL, '68b2ee8c4960f0b063235c16732049d29d15a4ab', 'public', 1, 'photos', '2022-02-07 05:36:58', '2022-02-07 05:36:58'),
       (186, 'f161f1f0408d73bc2d741cc8971cb5d215292953', '8.jpg', 'image/jpeg', 'jpg', 357743, 0, '2022/02/07/', NULL, NULL, '893896db7dc88f30dc2d82454cf3f2ac3eb87028', 'public', 1, 'photos', '2022-02-07 05:36:58', '2022-02-07 05:36:58'),
       (187, 'ba57184b8d874fc51637a6c0a6fa311843042ad2', '10.jpg', 'image/jpeg', 'jpg', 474214, 0, '2022/02/07/', NULL, NULL, '82d1a93804e781e07402770d2c88e7dadae2a29b', 'public', 1, 'photos', '2022-02-07 05:36:58', '2022-02-07 05:36:58'),
       (188, 'af21b2fabed26fc67e7a20767ad2f711b010202d', '11.jpg', 'image/jpeg', 'jpg', 349445, 0, '2022/02/07/', NULL, NULL, '70dcfcb6acf4404dde543605228cffef32c7c146', 'public', 1, 'photos', '2022-02-07 05:36:59', '2022-02-07 05:36:59'),
       (189, 'e29a522debdb6f5a63f24759c556325747e35ce0', '12.jpg', 'image/jpeg', 'jpg', 264166, 0, '2022/02/07/', NULL, NULL, 'f0f9a5f2a18ad0898f68db2841b3a94c2ca694b6', 'public', 1, 'photos', '2022-02-07 05:36:59', '2022-02-07 05:36:59'),
       (190, 'ff5976d5b039cf06709c4f5e3544ffc9098c3ca7', '13.jpg', 'image/jpeg', 'jpg', 261755, 0, '2022/02/07/', NULL, NULL, '108336bc5afd7efd559b57dd7cf3fa42ae4aeb64', 'public', 1, 'photos', '2022-02-07 05:36:59', '2022-02-07 05:36:59'),
       (191, 'b45194271188491286689ffe8c35f28610c4660b', '14.jpg', 'image/jpeg', 'jpg', 618272, 0, '2022/02/07/', NULL, NULL, '781edb9eac8f9cbe7bacbade816af8e654090d91', 'public', 1, 'photos', '2022-02-07 05:36:59', '2022-02-07 05:36:59'),
       (192, '4ce868362afad74bfc5256f93e785f7133b9ac56', '1.jpg', 'image/jpeg', 'jpg', 246500, 0, '2022/02/07/', NULL, NULL, '199d4e89b76e7dc74607f96e369167ea295f150f', 'public', 1, 'photos', '2022-02-07 05:41:35', '2022-02-07 05:41:35'),
       (193, 'ba7d35d56078b54aaf20c34d366d332412faea8e', '2.jpg', 'image/jpeg', 'jpg', 465155, 0, '2022/02/07/', NULL, NULL, '27edd02b35b27eb3e6c4f3884aee1885a35c8c71', 'public', 1, 'photos', '2022-02-07 05:41:35', '2022-02-07 05:41:35'),
       (194, 'e3c781634c0dfd8c87a796b132127fcf6ac3c29c', '3.jpg', 'image/jpeg', 'jpg', 423501, 0, '2022/02/07/', NULL, NULL, '49b1b128ae755b5377fd801d4164ed80b26be056', 'public', 1, 'photos', '2022-02-07 05:41:36', '2022-02-07 05:41:36'),
       (195, '7af378342e246d76b7ff49b770af664588b3646b', '4.jpg', 'image/jpeg', 'jpg', 371244, 0, '2022/02/07/', NULL, NULL, '125e70a26f44988d0e9c172d8fea22501a152ee5', 'public', 1, 'photos', '2022-02-07 05:41:36', '2022-02-07 05:41:36'),
       (196, 'cfa0d3557eb6570d9a30d1fc321b7773b029c683', '5.jpg', 'image/jpeg', 'jpg', 446321, 0, '2022/02/07/', NULL, NULL, '5687e842fa9675d609959c30df8f30cef658df6a', 'public', 1, 'photos', '2022-02-07 05:41:36', '2022-02-07 05:41:36'),
       (197, '2e2c9865b54a739398f506f325d3583f371eddaf', '6.jpg', 'image/jpeg', 'jpg', 449795, 0, '2022/02/07/', NULL, NULL, 'f8b5f2bc8de420226e13ce0941e10f766c61ac24', 'public', 1, 'photos', '2022-02-07 05:41:36', '2022-02-07 05:41:36'),
       (198, '661b5b3ea931be97d0b4c6d8a4138ba0522fb469', '7.jpg', 'image/jpeg', 'jpg', 234440, 0, '2022/02/07/', NULL, NULL, 'c7c0e89a055f28b5b1e91d15a14d1c2fe70cd3d5', 'public', 1, 'photos', '2022-02-07 05:41:36', '2022-02-07 05:41:36'),
       (199, '37e793b165b2b52a74b57479f120487793913c45', '8.jpg', 'image/jpeg', 'jpg', 212304, 0, '2022/02/07/', NULL, NULL, '794d2df6fd62002e92cb12463dcb94afb864f791', 'public', 1, 'photos', '2022-02-07 05:41:36', '2022-02-07 05:41:36'),
       (200, 'c9dcc5722befe993ad1fd5b1b3451330ee9dd67e', '1.jpg', 'image/jpeg', 'jpg', 1338031, 0, '2022/02/07/', NULL, NULL, '1d76ea6e464547873c0e94c93a979ff26ac1e274', 'public', 1, 'photos', '2022-02-07 05:44:57', '2022-02-07 05:44:57'),
       (201, 'd568236edecb77756cef2f62156de528e3024a28', '2.jpg', 'image/jpeg', 'jpg', 509095, 0, '2022/02/07/', NULL, NULL, 'e257976a5e3321f9b0990c943fcd30097e672755', 'public', 1, 'photos', '2022-02-07 05:44:57', '2022-02-07 05:44:57'),
       (202, '10e338e9b222d2857b3952e123a45de3c0d9470b', '3.jpg', 'image/jpeg', 'jpg', 648380, 0, '2022/02/07/', NULL, NULL, 'ae8bb2d3b092f2e18a8108399308d35bd332d6d1', 'public', 1, 'photos', '2022-02-07 05:44:58', '2022-02-07 05:44:58'),
       (203, '1e787c679e3670b05101c039c650e0419258e593', '4.jpg', 'image/jpeg', 'jpg', 337835, 0, '2022/02/07/', NULL, NULL, 'b218b76f9f9839619a98e905c5c11cc6a4db6086', 'public', 1, 'photos', '2022-02-07 05:44:58', '2022-02-07 05:44:58'),
       (204, 'ea3eb771b404918c85d97eafcc646216f1643b14', '5.jpg', 'image/jpeg', 'jpg', 574422, 0, '2022/02/07/', NULL, NULL, 'e8a89a12427f82f2d391e5aac4444ac27ccac960', 'public', 1, 'photos', '2022-02-07 05:44:58', '2022-02-07 05:44:58'),
       (205, '85ccfaa4769e1996cb03cddf1ef0d7efb2a6107a', '6.jpg', 'image/jpeg', 'jpg', 527683, 0, '2022/02/07/', NULL, NULL, '154a130596da633dab900542f278bdf850227c66', 'public', 1, 'photos', '2022-02-07 05:44:58', '2022-02-07 05:44:58'),
       (206, 'ee4b099dd8224e470043c9b7ccfd0d939081bba9', '7.jpg', 'image/jpeg', 'jpg', 431262, 0, '2022/02/07/', NULL, NULL, 'c301faa1ebc5bd72e44ce1517fddb266fb0d64c8', 'public', 1, 'photos', '2022-02-07 05:44:59', '2022-02-07 05:44:59'),
       (207, '87e814662703eb8f21572b05e58dbb34f99bc787', '8.jpg', 'image/jpeg', 'jpg', 452460, 0, '2022/02/07/', NULL, NULL, '0052c80c573201a2d6d9125934fa95fbf5229e59', 'public', 1, 'photos', '2022-02-07 05:44:59', '2022-02-07 05:44:59'),
       (208, '1b9e0846bcaaae38a7d1195b9a396ffe2771629b', '9.jpg', 'image/jpeg', 'jpg', 559847, 0, '2022/02/07/', NULL, NULL, 'ae6cc55b60106c53a592976c5a5b1beab25b14ef', 'public', 1, 'photos', '2022-02-07 05:44:59', '2022-02-07 05:44:59'),
       (209, '6bb2e8a777abbcb228bc9498c6b76c551d6b6625', '10.jpg', 'image/jpeg', 'jpg', 363845, 0, '2022/02/07/', NULL, NULL, 'd056231029123cb23bb8e3261471089a629c9823', 'public', 1, 'photos', '2022-02-07 05:44:59', '2022-02-07 05:44:59'),
       (210, '50fa4a8997a84fba1b5d5509f5014581be427c14', '11.jpg', 'image/jpeg', 'jpg', 447258, 0, '2022/02/07/', NULL, NULL, '08e85404e3b977ddd6423ea169b4dd217fae61b1', 'public', 1, 'photos', '2022-02-07 05:44:59', '2022-02-07 05:44:59'),
       (211, '185834827d089fdbd0589a1e531b4fdc9529ac58', '12.jpg', 'image/jpeg', 'jpg', 452337, 0, '2022/02/07/', NULL, NULL, 'db8483d79830840b791f0ce2abfd7d7349982038', 'public', 1, 'photos', '2022-02-07 05:44:59', '2022-02-07 05:44:59'),
       (212, '247253099a9214d08d64363af256275ae5b9eb08', '13.jpg', 'image/jpeg', 'jpg', 386544, 0, '2022/02/07/', NULL, NULL, 'd10276e594115737e4db83fed395e91933a34be7', 'public', 1, 'photos', '2022-02-07 05:45:00', '2022-02-07 05:45:00'),
       (213, '26f5171f7fb4e690051b1053ddab0fcb7e8d58f0', '14.jpg', 'image/jpeg', 'jpg', 320695, 0, '2022/02/07/', NULL, NULL, 'f69ea0a351e093b98f8f61fe5ad1bdbf06adde7c', 'public', 1, 'photos', '2022-02-07 05:45:00', '2022-02-07 05:45:00'),
       (214, '66a67936d7583acb1c3890dac5c1b1decf7f4577', '16.jpg', 'image/jpeg', 'jpg', 903226, 0, '2022/02/07/', NULL, NULL, '4530fe6305366a7156ed73f98bae3dd159790839', 'public', 1, 'photos', '2022-02-07 05:45:00', '2022-02-07 05:45:00'),
       (215, '265a6715b2c1f2c39a75d59263033ac3880bb44e', '17.jpg', 'image/jpeg', 'jpg', 627219, 0, '2022/02/07/', NULL, NULL, '4ec45151c3e3736e7ba389125880154709db7461', 'public', 1, 'photos', '2022-02-07 05:45:00', '2022-02-07 05:45:00'),
       (216, '9435eedb6c0bbdc35fe638277a52fdc0115edfc5', '18.jpg', 'image/jpeg', 'jpg', 751804, 0, '2022/02/07/', NULL, NULL, '573c49ca92538ad7bb9efd963c889ce54da91784', 'public', 1, 'photos', '2022-02-07 05:45:00', '2022-02-07 05:45:00'),
       (217, '4ef2b4647882f2f18ee26ea47911ee00ffdb94a9', '1.jpg', 'image/jpeg', 'jpg', 444042, 0, '2022/02/07/', NULL, NULL, 'a8eb7670ea68396f17ecab6dc3a23c8f1084a2c6', 'public', 1, 'photos', '2022-02-07 05:48:21', '2022-02-07 05:48:21'),
       (218, '9eb0783c1c84a97f87e721b749c3c64021143b70', '2.jpg', 'image/jpeg', 'jpg', 562387, 0, '2022/02/07/', NULL, NULL, '339acbf2b74d1ea0823fefb38c00d6261cddd12f', 'public', 1, 'photos', '2022-02-07 05:48:21', '2022-02-07 05:48:21'),
       (219, '4bdd150602a93496cb1f80fb9bc3cd7ed6ebbf80', '3.jpg', 'image/jpeg', 'jpg', 290084, 0, '2022/02/07/', NULL, NULL, 'ed159129cc103936138b4f38206d52abc2e588fb', 'public', 1, 'photos', '2022-02-07 05:48:21', '2022-02-07 05:48:21'),
       (220, '21995cad8fd057b1e3a3d76fab2c9648117ea2fb', '4.jpg', 'image/jpeg', 'jpg', 332680, 0, '2022/02/07/', NULL, NULL, 'fe83f267c70bb4798b77c7f1310b9bdc0361cf85', 'public', 1, 'photos', '2022-02-07 05:48:21', '2022-02-07 05:48:21'),
       (221, 'dd56d4928e8463118f9b3c266b9537e395897401', '5.jpg', 'image/jpeg', 'jpg', 201469, 0, '2022/02/07/', NULL, NULL, 'c82439b5a18ebfe079534d5c2ee43f16209e453b', 'public', 1, 'photos', '2022-02-07 05:48:21', '2022-02-07 05:48:21'),
       (222, '03699854eb046ce7866956f4e8cdd9d7ad74c6a7', '6.jpg', 'image/jpeg', 'jpg', 397617, 0, '2022/02/07/', NULL, NULL, 'b4168c54c5362daaeb8f277448ecc651942718e8', 'public', 1, 'photos', '2022-02-07 05:48:21', '2022-02-07 05:48:21'),
       (223, '33dea384e7049d8f1633f51a9e10cfb5f999538e', '7.jpg', 'image/jpeg', 'jpg', 195175, 0, '2022/02/07/', NULL, NULL, '99e0460feaf85f88f2f24bb36b3af63567cb48b6', 'public', 1, 'photos', '2022-02-07 05:48:22', '2022-02-07 05:48:22'),
       (224, 'd4ed8940e6c0674882e555754ea0906c10d31ab9', '8.jpg', 'image/jpeg', 'jpg', 271856, 0, '2022/02/07/', NULL, NULL, '53bb182c6a22ec78f2ac04f3c787e24bca24d9cf', 'public', 1, 'photos', '2022-02-07 05:48:22', '2022-02-07 05:48:22'),
       (225, '50ca9219419c4249618033940036c6b8b20b4b3b', '9.jpg', 'image/jpeg', 'jpg', 171078, 0, '2022/02/07/', NULL, NULL, 'e9069bd31f0bd33c371a40c7751c7d8d1992e999', 'public', 1, 'photos', '2022-02-07 05:48:22', '2022-02-07 05:48:22'),
       (226, '78481629410126af755d6de3d2e5a0c10a6e8128', '10.jpg', 'image/jpeg', 'jpg', 435327, 0, '2022/02/07/', NULL, NULL, '3abf35e7cff6b8da8662365c1cc7cefb73217e4b', 'public', 1, 'photos', '2022-02-07 05:48:22', '2022-02-07 05:48:22'),
       (227, '5c61e5b4db2f0ecdc5dba6b235c99426f9ac5b64', '11.jpg', 'image/jpeg', 'jpg', 467644, 0, '2022/02/07/', NULL, NULL, '2d0b9ea05717cd509c5b337854edc04b02a6ac72', 'public', 1, 'photos', '2022-02-07 05:48:23', '2022-02-07 05:48:23'),
       (228, 'f7a8ad1a6b03b25ebfe8c1270c052ecf9a31dbb3', '12.jpg', 'image/jpeg', 'jpg', 567733, 0, '2022/02/07/', NULL, NULL, '56a77f93156a4bcc252ea0fc3c025b137b30c24b', 'public', 1, 'photos', '2022-02-07 05:48:23', '2022-02-07 05:48:23'),
       (229, 'aae115755f8596d0c311f4d961f25ff04eaf3be1', '13.jpg', 'image/jpeg', 'jpg', 687762, 0, '2022/02/07/', NULL, NULL, '325f1eddf4457536ee557322fe97cd8f20499ceb', 'public', 1, 'photos', '2022-02-07 05:48:23', '2022-02-07 05:48:23'),
       (230, 'b9af3a7494cfb39c1670f93f60432829a497ce3d', '14.jpg', 'image/jpeg', 'jpg', 328622, 0, '2022/02/07/', NULL, NULL, 'c4392524de74e17b90ac7461aea7a9b93b0ecf22', 'public', 1, 'photos', '2022-02-07 05:48:23', '2022-02-07 05:48:23'),
       (231, 'acb67751eccd65128673b337e78505770d42c37b', '15.jpg', 'image/jpeg', 'jpg', 345354, 0, '2022/02/07/', NULL, NULL, '1ae96786e25d0d804a95f2de665ce9bc36f055bd', 'public', 1, 'photos', '2022-02-07 05:48:23', '2022-02-07 05:48:23'),
       (232, '908dd42aca156da1485754cbff32f96f4ae5efed', '16.jpg', 'image/jpeg', 'jpg', 409647, 0, '2022/02/07/', NULL, NULL, '8e59d7a1741286a3e9645ee1a2b9d632fd9d11d3', 'public', 1, 'photos', '2022-02-07 05:48:23', '2022-02-07 05:48:23'),
       (233, 'ab58ce96c302175576f3cea5318ecf06da8b53be', '17.jpg', 'image/jpeg', 'jpg', 468020, 0, '2022/02/07/', NULL, NULL, '3a692449926cfff48a03497f5dc26c935afb3949', 'public', 1, 'photos', '2022-02-07 05:48:24', '2022-02-07 05:48:24'),
       (234, '008691411de2eb4d3275c270606e40cff67332f9', '1.jpg', 'image/jpeg', 'jpg', 250992, 0, '2022/02/07/', NULL, NULL, 'a63eb823995074d3ebaa2e9ec02b857f4dadbe0c', 'public', 1, 'photos', '2022-02-07 05:51:33', '2022-02-07 05:51:33'),
       (235, '4b1319c1512d9d4cf81d5f9a898487fec8e7b7f3', '2.jpg', 'image/jpeg', 'jpg', 567217, 0, '2022/02/07/', NULL, NULL, 'b7f13c68c119bb9e6a671a503d7a3b87e0fdcb21', 'public', 1, 'photos', '2022-02-07 05:51:33', '2022-02-07 05:51:33'),
       (236, '6974b7dc6817e9304780cb5a787a4d503aba16f6', '3.jpg', 'image/jpeg', 'jpg', 524711, 0, '2022/02/07/', NULL, NULL, 'bae5ee4a7453469ea38de05d634b411c7fccefbf', 'public', 1, 'photos', '2022-02-07 05:51:33', '2022-02-07 05:51:33'),
       (237, 'd6b868ef2bd541364a7ac9f8ee504b4742a6dcbe', '4.jpg', 'image/jpeg', 'jpg', 303596, 0, '2022/02/07/', NULL, NULL, '24797935f07a2b4143ad33366ac8217451a18570', 'public', 1, 'photos', '2022-02-07 05:51:33', '2022-02-07 05:51:33'),
       (238, '54a4b22a99e25e75d4b9032e28791abc454fe2bd', '5.jpg', 'image/jpeg', 'jpg', 508215, 0, '2022/02/07/', NULL, NULL, 'd8de5dfcd9a768f7b0953b5c111a2b9be94f5adc', 'public', 1, 'photos', '2022-02-07 05:51:34', '2022-02-07 05:51:34'),
       (239, '808a408ff1b51176aafeaa80dbff8fab2313aea6', '6.jpg', 'image/jpeg', 'jpg', 249749, 0, '2022/02/07/', NULL, NULL, 'b98ded95c2b7caca992136633de21041f21df12a', 'public', 1, 'photos', '2022-02-07 05:51:34', '2022-02-07 05:51:34'),
       (240, '10d2b60e31dee7744fe9912e723adc2141dfe8ac', '7.jpg', 'image/jpeg', 'jpg', 233343, 0, '2022/02/07/', NULL, NULL, '1ce5da407056a4466eb67cb6ea2d98aac3ac941a', 'public', 1, 'photos', '2022-02-07 05:51:34', '2022-02-07 05:51:34'),
       (241, 'b22207d5e8086697b7fb3d37cfaca69372d1af7c', '8.jpg', 'image/jpeg', 'jpg', 177968, 0, '2022/02/07/', NULL, NULL, '2552608feb3c55f611af4dae55b54d2954fd9a02', 'public', 1, 'photos', '2022-02-07 05:51:34', '2022-02-07 05:51:34'),
       (242, '598f081b093cecf5540abbfe82d7afeb8b06b21a', '9.jpg', 'image/jpeg', 'jpg', 281408, 0, '2022/02/07/', NULL, NULL, '21347deddb4788391e40238aaa402cd6ab2a3044', 'public', 1, 'photos', '2022-02-07 05:51:34', '2022-02-07 05:51:34'),
       (243, 'bd29fd7b241808932abc54efb6788dce10887497', '10.jpg', 'image/jpeg', 'jpg', 214421, 0, '2022/02/07/', NULL, NULL, '4d6c3e24ad066e49f4c2eac1c6e38704e33db859', 'public', 1, 'photos', '2022-02-07 05:51:34', '2022-02-07 05:51:34'),
       (244, '35899f34e0d56192409cc88646b770dcc42aac1c', '11.jpg', 'image/jpeg', 'jpg', 167069, 0, '2022/02/07/', NULL, NULL, '7a852073f810de0aeaf70a5e333132e5d83578ab', 'public', 1, 'photos', '2022-02-07 05:51:35', '2022-02-07 05:51:35'),
       (245, 'cbb224067470192302ca94f6adf6342aa16efcf3', '12.jpg', 'image/jpeg', 'jpg', 390622, 0, '2022/02/07/', NULL, NULL, 'af13d957f8a0712417e8c372f57c24c2eab14111', 'public', 1, 'photos', '2022-02-07 05:51:35', '2022-02-07 05:51:35'),
       (246, 'aed48fab31b5909a65b9629daf59086657f0ff7a', '13.jpg', 'image/jpeg', 'jpg', 212367, 0, '2022/02/07/', NULL, NULL, 'e7cb612fb9a5eb6a75dac4560ae0b24053b77581', 'public', 1, 'photos', '2022-02-07 05:51:35', '2022-02-07 05:51:35'),
       (247, '060981b8b993ecc0ac86fb683fb9ec0365b18fe4', '14.jpg', 'image/jpeg', 'jpg', 502523, 0, '2022/02/07/', NULL, NULL, '5b7ce39e040c39c072adcc0c0d9ad18c7937c520', 'public', 1, 'photos', '2022-02-07 05:51:35', '2022-02-07 05:51:35'),
       (248, 'fe00f60db658d1779d3e6401bbae3779cdc82d00', '16.jpg', 'image/jpeg', 'jpg', 465520, 0, '2022/02/07/', NULL, NULL, '13e4edb0aabda9af79e2c48a896ecbf69a93d7bc', 'public', 1, 'photos', '2022-02-07 05:51:35', '2022-02-07 05:51:35'),
       (249, '7761bb0b5f2638219c2b02e807b77e7a26d68cea', '17.jpg', 'image/jpeg', 'jpg', 442583, 0, '2022/02/07/', NULL, NULL, '0e688dba3c3f846419bd560f74fce9c0984c38ba', 'public', 1, 'photos', '2022-02-07 05:51:35', '2022-02-07 05:51:35'),
       (250, '9f2ad832b522ffb628f4defce94465ec7a8eba6d', '18.jpg', 'image/jpeg', 'jpg', 377486, 0, '2022/02/07/', NULL, NULL, '28419edf0c8d0ee6f65f09c78f84eafa9bd5db3d', 'public', 1, 'photos', '2022-02-07 05:51:36', '2022-02-07 05:51:36'),
       (251, '7c0b082fa20edd3a071439945493bddc9e81c987', '19.jpg', 'image/jpeg', 'jpg', 361200, 0, '2022/02/07/', NULL, NULL, 'b504cc68877e8e2366bde77ed0a12eabd2db507d', 'public', 1, 'photos', '2022-02-07 05:51:36', '2022-02-07 05:51:36'),
       (252, '33b5e0892ca29c8a325867fc73381d3441c80200', '20.jpg', 'image/jpeg', 'jpg', 316759, 0, '2022/02/07/', NULL, NULL, '74f13414942e936886152a7293d10c13369842aa', 'public', 1, 'photos', '2022-02-07 05:51:36', '2022-02-07 05:51:36'),
       (253, '486ae49308d98a6db37e92b26f82790e1ec818d3', '1.jpg', 'image/jpeg', 'jpg', 220448, 0, '2022/02/07/', NULL, NULL, '137076133026ab4bc2f194bd838a7f32da657bd5', 'public', 1, 'photos', '2022-02-07 05:53:56', '2022-02-07 05:53:56'),
       (254, '1b37f774f38926c1016fefb2d5e3d3d8ab9fd368', '2.jpg', 'image/jpeg', 'jpg', 457370, 0, '2022/02/07/', NULL, NULL, 'c8848a3be277ab8026df44a6e828c5eb6abac569', 'public', 1, 'photos', '2022-02-07 05:53:56', '2022-02-07 05:53:56'),
       (255, '4dcfef7c450dab7909adbe1705c6b86a9db24a45', '3.jpg', 'image/jpeg', 'jpg', 432785, 0, '2022/02/07/', NULL, NULL, '75293189d399c7d90d20eca8416e1f6b6d7c24a4', 'public', 1, 'photos', '2022-02-07 05:53:56', '2022-02-07 05:53:56'),
       (256, 'e5be855dad3cb8f3c68c1a21140471ce591aa498', '4.jpg', 'image/jpeg', 'jpg', 361686, 0, '2022/02/07/', NULL, NULL, 'f903019c449acb772fc92e1947985a98cdcf897f', 'public', 1, 'photos', '2022-02-07 05:53:56', '2022-02-07 05:53:56'),
       (257, 'cda8f0e05d145db1396a80c974ee26bc6859dd66', '5.jpg', 'image/jpeg', 'jpg', 534507, 0, '2022/02/07/', NULL, NULL, 'dfa7e0c3cee3247f5e38c1dc602f620846332095', 'public', 1, 'photos', '2022-02-07 05:53:57', '2022-02-07 05:53:57'),
       (258, '102344d6af04622889dabbc594f8c82e9891499e', '6.jpg', 'image/jpeg', 'jpg', 368431, 0, '2022/02/07/', NULL, NULL, 'd54221fa301c421d3824c015957f2fa071638561', 'public', 1, 'photos', '2022-02-07 05:53:57', '2022-02-07 05:53:57'),
       (259, '9cbc957486ca2ecd94ff7e9fbd72c40fadb1963c', '7.jpg', 'image/jpeg', 'jpg', 251628, 0, '2022/02/07/', NULL, NULL, 'f15c8759d72cbaa90597f1913ebcabf953bd941a', 'public', 1, 'photos', '2022-02-07 05:53:57', '2022-02-07 05:53:57'),
       (260, 'be5e5994d7ea96ea601975357f51a99ab58a3583', '8.jpg', 'image/jpeg', 'jpg', 263902, 0, '2022/02/07/', NULL, NULL, '2f0f85968308796ea0da9408e7eddf6f74e5d38b', 'public', 1, 'photos', '2022-02-07 05:53:57', '2022-02-07 05:53:57'),
       (261, 'e407946824a14eb084dfc45533f8be8ee10a11f1', '9.jpg', 'image/jpeg', 'jpg', 252470, 0, '2022/02/07/', NULL, NULL, '7534c9ba8d4515f1081f8da00926c3bd41a8e7b8', 'public', 1, 'photos', '2022-02-07 05:53:57', '2022-02-07 05:53:57'),
       (262, '26604aa4e9f21008c97f38dbd025f47c54cb0044', '10.jpg', 'image/jpeg', 'jpg', 252626, 0, '2022/02/07/', NULL, NULL, '4a68cb05d40752d31bfea38bd8b3340b2f75c2f9', 'public', 1, 'photos', '2022-02-07 05:53:57', '2022-02-07 05:53:57'),
       (263, 'ba457ba815a3d2ffc87e3e46cd6bf8b93b82e83b', '1.jpg', 'image/jpeg', 'jpg', 324194, 0, '2022/02/07/', NULL, NULL, '0f33278b9e3f560c88045f4acd90402a38928323', 'public', 1, 'photos', '2022-02-07 07:14:13', '2022-02-07 07:14:13'),
       (264, '6410ad2287deafdd5dd3a618769292e6765eda7f', '2.jpg', 'image/jpeg', 'jpg', 187235, 0, '2022/02/07/', NULL, NULL, '475c543baaf9d61e6eed5f5e2d99d610fc683355', 'public', 1, 'photos', '2022-02-07 07:14:13', '2022-02-07 07:14:13'),
       (265, 'a0e861095e6971587ac63e61fb0fbaace918ca50', '3.jpg', 'image/jpeg', 'jpg', 183234, 0, '2022/02/07/', NULL, NULL, '4386b47ef454dfb5e5aabe1aaafd358ee925879c', 'public', 1, 'photos', '2022-02-07 07:14:14', '2022-02-07 07:14:14'),
       (266, 'f5aec02813d0a7658992d1530f1c0f7e2d712bce', '4.jpg', 'image/jpeg', 'jpg', 477361, 0, '2022/02/07/', NULL, NULL, 'b22b1ea394e3fde04bf693f5827a36aef352d223', 'public', 1, 'photos', '2022-02-07 07:14:14', '2022-02-07 07:14:14'),
       (267, '2308615e13fffa171955263afef33a220bdfc7d9', '5.jpg', 'image/jpeg', 'jpg', 357204, 0, '2022/02/07/', NULL, NULL, 'cfe16ab86878bdb0fd14b213c33de65c92b44650', 'public', 1, 'photos', '2022-02-07 07:14:14', '2022-02-07 07:14:14'),
       (268, 'eca4e1a18a264dea69f92c996bdfa5943500d582', '6.jpg', 'image/jpeg', 'jpg', 373545, 0, '2022/02/07/', NULL, NULL, '368142cf7b553bd3e0ca679d5c9aa70de1d6dd53', 'public', 1, 'photos', '2022-02-07 07:14:14', '2022-02-07 07:14:14'),
       (269, '309dcb5376f4a7641be5223dd3b46cc5a4b5c3a9', '7.jpg', 'image/jpeg', 'jpg', 234264, 0, '2022/02/07/', NULL, NULL, '6f42a6fa6fa30c796f4f4a74520e418cf338dd53', 'public', 1, 'photos', '2022-02-07 07:14:14', '2022-02-07 07:14:14'),
       (270, '00641fa57f95b0772947ccd9b5a44166b1ff8d08', '8.jpg', 'image/jpeg', 'jpg', 412166, 0, '2022/02/07/', NULL, NULL, '75b3474dd49754f7bdf942ca4540920bc9cc09f7', 'public', 1, 'photos', '2022-02-07 07:14:14', '2022-02-07 07:14:14'),
       (271, '215671d5254810e13f8dce29c6c3c411c388826f', '1.jpg', 'image/jpeg', 'jpg', 286409, 0, '2022/02/07/', NULL, NULL, 'd149a26bf4a65551241e10015967ac3e8c28e274', 'public', 1, 'photos', '2022-02-07 07:17:45', '2022-02-07 07:17:45'),
       (272, '4c7492c0e4cb0f9484a0c91dfb91febb7e808e02', '2.jpg', 'image/jpeg', 'jpg', 182086, 0, '2022/02/07/', NULL, NULL, '70c323e3a5e2ff5a4346b35465f3b59ad4cc10b9', 'public', 1, 'photos', '2022-02-07 07:17:45', '2022-02-07 07:17:45'),
       (273, 'b748519573197cd62e1269c9b0097c4d464dc8b2', '3.jpg', 'image/jpeg', 'jpg', 339234, 0, '2022/02/07/', NULL, NULL, '85fe6ea28b5cd7ea7186e864a7c366e9072e0ec2', 'public', 1, 'photos', '2022-02-07 07:17:45', '2022-02-07 07:17:45'),
       (274, 'f6e66cdf796578a3bb0bb43968dc5c2a530b5694', '4.jpg', 'image/jpeg', 'jpg', 192714, 0, '2022/02/07/', NULL, NULL, '8bae1fb95853bfe0e7cc910ec3140fc539de5bb8', 'public', 1, 'photos', '2022-02-07 07:17:45', '2022-02-07 07:17:45'),
       (275, '82406b959f268085d64d50aa1cfd1047d46d768e', '5.jpg', 'image/jpeg', 'jpg', 172617, 0, '2022/02/07/', NULL, NULL, '55646a1edb1a165fd118e63ade3c10b115890b5e', 'public', 1, 'photos', '2022-02-07 07:17:45', '2022-02-07 07:17:45'),
       (276, '90e90ec400e4dc85938f5400166f1dfa959b8407', '6.jpg', 'image/jpeg', 'jpg', 181351, 0, '2022/02/07/', NULL, NULL, '3dfd26e262684a86c194f30b25f635ba7a0152c9', 'public', 1, 'photos', '2022-02-07 07:17:45', '2022-02-07 07:17:45'),
       (277, 'f6970bd76deb259781c8d8b54aebd99ce1caf7da', '7.jpg', 'image/jpeg', 'jpg', 175291, 0, '2022/02/07/', NULL, NULL, 'f7a175bc87250a2922c657fd2c0e29674cb82a41', 'public', 1, 'photos', '2022-02-07 07:17:45', '2022-02-07 07:17:45'),
       (278, '68d3ef72e6330131fdd6d6b09bec034c4ad8ef56', '8.jpg', 'image/jpeg', 'jpg', 164806, 0, '2022/02/07/', NULL, NULL, 'ce11c9c33bca69ba165e9079ce87f283c9062f9e', 'public', 1, 'photos', '2022-02-07 07:17:45', '2022-02-07 07:17:45'),
       (279, 'cdd9175977b4f2c876bacdae95d2a4c5b0a9ba5f', '10.jpg', 'image/jpeg', 'jpg', 190917, 0, '2022/02/07/', NULL, NULL, 'ff0cec3110e18c76f4f8feafdc7432d5ddf72474', 'public', 1, 'photos', '2022-02-07 07:17:45', '2022-02-07 07:17:45'),
       (287, '9ac2eaab1f00d0b733ef8b44861b782035a28b58', 'PHOTO-2020-09-03-13-37-52.jpg', 'image/jpeg', 'jpg', 166868, 0, '2022/02/10/', NULL, NULL, 'f72ba1036f0e292c1873d58f8c05251e3ace8ebf', 'public', 1, 'photos', '2022-02-10 08:08:55', '2022-02-10 08:08:55'),
       (288, '9d4fd73755d5090f335323ae61847b581c829e7c', 'PHOTO-2020-09-03-13-37-54 (1).jpg', 'image/jpeg', 'jpg', 155785, 0, '2022/02/10/', NULL, NULL, '383aa8fcec6e727b4e2e5f9d91161ea891d869ce', 'public', 1, 'photos', '2022-02-10 08:08:55', '2022-02-10 08:08:55'),
       (289, '02dd6ab4d05146e391d2d070bfd4a339e731a8b2', 'PHOTO-2020-09-03-13-37-54.jpg', 'image/jpeg', 'jpg', 127397, 0, '2022/02/10/', NULL, NULL, 'fc965e31d04521afd6561f7d3a09cf9f0414acd5', 'public', 1, 'photos', '2022-02-10 08:08:56', '2022-02-10 08:08:56'),
       (290, '8a84c260949e24b4db274f8adc3da5d10edd624b', 'PHOTO-2020-09-03-13-37-55.jpg', 'image/jpeg', 'jpg', 149406, 0, '2022/02/10/', NULL, NULL, '2b3ce5de85f4352a7c3b6ea6c2beb5c55e8a220d', 'public', 1, 'photos', '2022-02-10 08:08:56', '2022-02-10 08:08:56'),
       (291, '42a0799530b408eff09eb66f455ac795b1cd5378', 'PHOTO-2020-09-03-13-37-56.jpg', 'image/jpeg', 'jpg', 235840, 0, '2022/02/10/', NULL, NULL, 'a98a135c3991b0f621d2e11e06838eae913f9ff9', 'public', 1, 'photos', '2022-02-10 08:08:56', '2022-02-10 08:08:56'),
       (292, 'ac79ecba58478c7fa6b7d0d765137163217be16f', 'PHOTO-2020-09-03-13-38-29.jpg', 'image/jpeg', 'jpg', 142637, 0, '2022/02/10/', NULL, NULL, '46680b9dd4b5c3818c117fa58255b51e23aba1b2', 'public', 1, 'photos', '2022-02-10 08:08:56', '2022-02-10 08:08:56'),
       (293, '1ec54964c44918081d01278e8bb35a868f6b25cb', 'PHOTO-2020-09-03-13-38-30.jpg', 'image/jpeg', 'jpg', 121214, 0, '2022/02/10/', NULL, NULL, '7d7b5f3e37a5548bd91683f1426d1a4a1987f06e', 'public', 1, 'photos', '2022-02-10 08:08:57', '2022-02-10 08:08:57'),
       (294, '0d95717c5d43fd7ac6338c9fabb7b390988b8bed', 'PHOTO-2020-09-03-13-39-26.jpg', 'image/jpeg', 'jpg', 122812, 0, '2022/02/10/', NULL, NULL, '3222f97c39959efb59fbc85bcc1f8dd609bd174b', 'public', 1, 'photos', '2022-02-10 08:08:57', '2022-02-10 08:08:57'),
       (295, 'c5efc9b5ac55c413b6f1f2698c3b27ccab001851', 'PHOTO-2020-09-03-13-39-27.jpg', 'image/jpeg', 'jpg', 109311, 0, '2022/02/10/', NULL, NULL, '5e66ff2f29db47eb58df36d67f31135eac4f935d', 'public', 1, 'photos', '2022-02-10 08:08:57', '2022-02-10 08:08:57'),
       (296, '3925ed0d40768f3927516baee3d38adf46c85409', 'PHOTO-2020-09-03-13-39-28.jpg', 'image/jpeg', 'jpg', 148300, 0, '2022/02/10/', NULL, NULL, 'be51b844e5827770e7aba4a26334979118efd41f', 'public', 1, 'photos', '2022-02-10 08:08:57', '2022-02-10 08:08:57'),
       (297, '28059d67eca789ac0ff29f2502782d6af2ccedb5', 'PHOTO-2020-09-03-13-40-10.jpg', 'image/jpeg', 'jpg', 139275, 0, '2022/02/10/', NULL, NULL, 'b878172fca39fae7cddf92b8e326632693eba49f', 'public', 1, 'photos', '2022-02-10 08:08:57', '2022-02-10 08:08:57'),
       (298, 'e71397ecb2b8b9254df27dcc5cb06b2a13c7cc01', 'PHOTO-2020-09-03-13-40-11.jpg', 'image/jpeg', 'jpg', 163472, 0, '2022/02/10/', NULL, NULL, '11b60008943fe3ee049fae9cfb6c51eb828d46e7', 'public', 1, 'photos', '2022-02-10 08:08:57', '2022-02-10 08:08:57'),
       (299, '6fee08cb9e00a92dbc0b3abcf9b8f93c8235cfa3', '1DSC_1302.jpg', 'image/jpeg', 'jpg', 76420, 0, '2022/02/10/', NULL, NULL, 'e68c26411b9f74c60a6b31a28e67418913c79b21', 'public', 1, 'photos', '2022-02-10 08:23:01', '2022-02-10 08:23:01'),
       (300, '5983dbdc30ec7024a8816c2a119314b545f06659', '1IMG_1689.JPG', 'image/jpeg', 'JPG', 184013, 0, '2022/02/10/', NULL, NULL, '150f5ba9ee327c5f2a3ed4356460b6cfd1160ba2', 'public', 1, 'photos', '2022-02-10 08:23:01', '2022-02-10 08:23:01'),
       (301, 'c27d52afbcd5f5383f5af74914aa5ea57d07bff3', '1Photo-0083.jpg', 'image/jpeg', 'jpg', 120496, 0, '2022/02/10/', NULL, NULL, '5b150dda2cc4ea564c29580e3afc06076fb3b32d', 'public', 1, 'photos', '2022-02-10 08:23:01', '2022-02-10 08:23:01'),
       (302, '6127a950bb0797c9f327d80c17dbd1a912e83eac', '1Photo-0095.jpg', 'image/jpeg', 'jpg', 138853, 0, '2022/02/10/', NULL, NULL, 'f57274d17e2627a5de9217e0837ff8b8613e2ecd', 'public', 1, 'photos', '2022-02-10 08:23:01', '2022-02-10 08:23:01'),
       (303, '21b9a9abf8a8bf3a2f6298aaf291cf1c8e4ab926', '1Photo-0097.jpg', 'image/jpeg', 'jpg', 142231, 0, '2022/02/10/', NULL, NULL, 'ad841f1e7a3100c07ced669ff572e0db00cc5bee', 'public', 1, 'photos', '2022-02-10 08:23:01', '2022-02-10 08:23:01'),
       (304, '4854e05311ed3abab52c882e4ebf061c999928ce', '1Photo-0105.jpg', 'image/jpeg', 'jpg', 134941, 0, '2022/02/10/', NULL, NULL, 'a1200d05911cbd8f86a1bebe2b1eab53ef6271cf', 'public', 1, 'photos', '2022-02-10 08:23:01', '2022-02-10 08:23:01'),
       (305, '1d034dee9766b35253cf852fe71a233b0ba58093', '1Photo-0109.jpg', 'image/jpeg', 'jpg', 87010, 0, '2022/02/10/', NULL, NULL, 'fcaf45702058ffcf0af48d3fbd3e2205146d067b', 'public', 1, 'photos', '2022-02-10 08:23:02', '2022-02-10 08:23:02'),
       (306, '2b26f6e7dcae41dd7a3ad8a07ea6ce46d38550e2', '1Photo-0114.jpg', 'image/jpeg', 'jpg', 130324, 0, '2022/02/10/', NULL, NULL, 'b55a625ce928effb088698dbbe1b765bda12de4b', 'public', 1, 'photos', '2022-02-10 08:23:02', '2022-02-10 08:23:02'),
       (307, 'abdb8e2c144c8645dd7cedfb80c27c5a5a4856a7', '1Photo-0115.jpg', 'image/jpeg', 'jpg', 220371, 0, '2022/02/10/', NULL, NULL, '2833427f373d97a21cbeed88e397b513b31e2f97', 'public', 1, 'photos', '2022-02-10 08:23:02', '2022-02-10 08:23:02'),
       (308, '2c4ecd7df92776c9f7d1fd8dfe58c58c6f7ea761', '1Photo-0119.jpg', 'image/jpeg', 'jpg', 125792, 0, '2022/02/10/', NULL, NULL, '4212c234a1006a747474b420a8c8671c2fff74af', 'public', 1, 'photos', '2022-02-10 08:23:02', '2022-02-10 08:23:02'),
       (309, 'd1be3dc67644287981065bf4016920dfeaabcdbf', '1Photo-0141.jpg', 'image/jpeg', 'jpg', 133510, 0, '2022/02/10/', NULL, NULL, '1747e5d52ea30c2a862048c31b5c66215f4aaca6', 'public', 1, 'photos', '2022-02-10 08:23:03', '2022-02-10 08:23:03'),
       (310, '4d83564afad370f8b28a96e0db2ab7c9be778b8a', '1-1.jpg', 'image/jpeg', 'jpg', 256711, 0, '2022/02/10/', NULL, NULL, 'b04a41244c7b2d918c51d09703eac450a2bec500', 'public', 1, 'photos', '2022-02-10 08:45:52', '2022-02-10 08:45:52'),
       (311, '08263197defc0cf54895e781b0ea0a18c515fa16', '1-2.jpg', 'image/jpeg', 'jpg', 284732, 0, '2022/02/10/', NULL, NULL, 'fdd2fe588ee3224b125d3511478f541eade1a7c4', 'public', 1, 'photos', '2022-02-10 08:45:52', '2022-02-10 08:45:52'),
       (312, 'd1e732c9f302ded84ca1a44d32eb8b66915f5a16', '1-3.jpg', 'image/jpeg', 'jpg', 281864, 0, '2022/02/10/', NULL, NULL, '37f96a2da96544b4a6cf0fa1b81428878f17efa8', 'public', 1, 'photos', '2022-02-10 08:45:52', '2022-02-10 08:45:52'),
       (313, 'f6180474dc75f3490c1428f6433744837e1425ea', '1-4.jpg', 'image/jpeg', 'jpg', 185590, 0, '2022/02/10/', NULL, NULL, '9c3f8395f1135fee418c7fa9481bb1c7481560af', 'public', 1, 'photos', '2022-02-10 08:45:52', '2022-02-10 08:45:52'),
       (314, '8d81f4b007ef759d780516701c5589e42623c2ca', '1-5.jpg', 'image/jpeg', 'jpg', 219018, 0, '2022/02/10/', NULL, NULL, 'a8efb7699c5c5c3374ffe6b7d033f11b153103ec', 'public', 1, 'photos', '2022-02-10 08:45:53', '2022-02-10 08:45:53'),
       (315, '9332dad8bccd1b6b2c0c00eca058c9a8af7d4179', '1-6.jpg', 'image/jpeg', 'jpg', 161392, 0, '2022/02/10/', NULL, NULL, 'cf061c4c0085a375fe224f1fbd6281dafe21782e', 'public', 1, 'photos', '2022-02-10 08:45:53', '2022-02-10 08:45:53'),
       (316, '9aed4a3af71e5d5fa063420d9fcd5bce0b357fa6', '1-7.jpg', 'image/jpeg', 'jpg', 349704, 0, '2022/02/10/', NULL, NULL, 'ab09ea7e10c8578c760e7aac0b7bbb1254e6f27b', 'public', 1, 'photos', '2022-02-10 08:45:53', '2022-02-10 08:45:53'),
       (317, 'e05449406a331c5507445a105c16b484a64c9ca6', '1-8.jpg', 'image/jpeg', 'jpg', 221093, 0, '2022/02/10/', NULL, NULL, '01607b4e412751df44b05a904ad9836471d4b9eb', 'public', 1, 'photos', '2022-02-10 08:45:53', '2022-02-10 08:45:53'),
       (318, 'eb2a419b76ce4c3e560fd5d2983b0d2f83866700', '1-9.jpg', 'image/jpeg', 'jpg', 110893, 0, '2022/02/10/', NULL, NULL, '53a3fb3989ae563b44d3d20743360394a94b3db9', 'public', 1, 'photos', '2022-02-10 08:45:53', '2022-02-10 08:45:53'),
       (319, '4719271fcd0eee7886567661f5b5e5d03b4a854f', '1-10.jpg', 'image/jpeg', 'jpg', 224646, 0, '2022/02/10/', NULL, NULL, '1fbb0e909740b1111dad78274e16d7409d55d782', 'public', 1, 'photos', '2022-02-10 08:45:53', '2022-02-10 08:45:53'),
       (320, 'd5ced0bf8c67200e8cee3218bc061265aa6ab2d2', '1-11.jpg', 'image/jpeg', 'jpg', 228754, 0, '2022/02/10/', NULL, NULL, 'b7a17ddae8965dc2a60a85fb402ee620e3f2bc59', 'public', 1, 'photos', '2022-02-10 08:45:53', '2022-02-10 08:45:53'),
       (321, 'a0a23225268245a8031a96975d5453824ac54038', '1-12.jpg', 'image/jpeg', 'jpg', 295939, 0, '2022/02/10/', NULL, NULL, '9df61aa2e581f2126b7c538120fc231debbd9c9c', 'public', 1, 'photos', '2022-02-10 08:45:53', '2022-02-10 08:45:53'),
       (322, 'e5bb62569c68d8a5e35761c23c535c4f8eabbf66', '1-13.jpg', 'image/jpeg', 'jpg', 245181, 0, '2022/02/10/', NULL, NULL, '2ec717c220d7602027362b09274fa0952dc7bb0a', 'public', 1, 'photos', '2022-02-10 08:45:54', '2022-02-10 08:45:54'),
       (323, '944982ef2a71dc7531a40d91d9d606f18b9ab318', '1-14.jpg', 'image/jpeg', 'jpg', 432587, 0, '2022/02/10/', NULL, NULL, '2c9baae7cb141feff462fa92cf04de9f57d50b15', 'public', 1, 'photos', '2022-02-10 08:45:54', '2022-02-10 08:45:54'),
       (324, 'ed657e3b2cb34966583809bf1f336f828a25dbff', '1-15.jpg', 'image/jpeg', 'jpg', 277508, 0, '2022/02/10/', NULL, NULL, 'cb0339d96f8a2f0b4bf2e4c32d85bbea171195d8', 'public', 1, 'photos', '2022-02-10 08:45:54', '2022-02-10 08:45:54'),
       (325, 'a62f118100d5ed373d9baf3b1e2e0f5f046374a1', '1-16.jpg', 'image/jpeg', 'jpg', 202857, 0, '2022/02/10/', NULL, NULL, 'fddc2155bdf8c649f2fa64373ac880fdf932627b', 'public', 1, 'photos', '2022-02-10 08:45:54', '2022-02-10 08:45:54'),
       (326, 'ffd84ea040c32cb5dc6be05f4af683c3447f24aa', '1-1.jpg', 'image/jpeg', 'jpg', 250041, 0, '2022/02/10/', NULL, NULL, '7041017c07d08f31116e553de257cbfef11d40d1', 'public', 1, 'photos', '2022-02-10 09:10:01', '2022-02-10 09:10:01'),
       (327, '4e98c798ad00f14e9eeb25f4fd4fbd3e5f7bfcd0', '1-2.jpg', 'image/jpeg', 'jpg', 257803, 0, '2022/02/10/', NULL, NULL, '8a1a240949e2447428bf6dd7187136731c9ecf99', 'public', 1, 'photos', '2022-02-10 09:10:01', '2022-02-10 09:10:01'),
       (328, '290268ec9352f3d9cddaed685564ac5e3aba5175', '1-3.jpg', 'image/jpeg', 'jpg', 156145, 0, '2022/02/10/', NULL, NULL, 'fc9f50cf0d778d7830478ed3574710581d184011', 'public', 1, 'photos', '2022-02-10 09:10:01', '2022-02-10 09:10:01'),
       (329, '360ff307a5ae6867d5f0b27dc45867fcc7e61094', '1-4.jpg', 'image/jpeg', 'jpg', 217835, 0, '2022/02/10/', NULL, NULL, '87de87fe0db372882effeb718530174d7c888055', 'public', 1, 'photos', '2022-02-10 09:10:01', '2022-02-10 09:10:01'),
       (330, '256edafa752490f8a11a20a6df93a78cb7a9a1ca', '1-5.jpg', 'image/jpeg', 'jpg', 145831, 0, '2022/02/10/', NULL, NULL, 'f0a180865f41768fc50e8fead262b137d7f0fdb4', 'public', 1, 'photos', '2022-02-10 09:10:01', '2022-02-10 09:10:01'),
       (331, '06ead9e0123e1e7aef4d124ac5bf6236fa72406f', '1-6.jpg', 'image/jpeg', 'jpg', 102728, 0, '2022/02/10/', NULL, NULL, '60b2711a3f3a5d2dc15972f929724e157d964e3f', 'public', 1, 'photos', '2022-02-10 09:10:01', '2022-02-10 09:10:01'),
       (332, '4789161493d155d504bd5ec365f2d13caa340cf7', '1-7.jpg', 'image/jpeg', 'jpg', 156791, 0, '2022/02/10/', NULL, NULL, 'c44bcae2e2426f9634015846d0bf72ce769e564c', 'public', 1, 'photos', '2022-02-10 09:10:01', '2022-02-10 09:10:01'),
       (333, 'e622e8d76935072fe6371a45355d3064bb1aaa81', '1-8.jpg', 'image/jpeg', 'jpg', 160784, 0, '2022/02/10/', NULL, NULL, '312364255c47c5a96cd40b7b5ba6f997a4e4b409', 'public', 1, 'photos', '2022-02-10 09:10:01', '2022-02-10 09:10:01'),
       (334, '66151f0d0b8e3ee30ee4d85f90230f120af0242f', '1-9.jpg', 'image/jpeg', 'jpg', 119242, 0, '2022/02/10/', NULL, NULL, '80ae774a56f5e41ee787ca5015479c449acfb80b', 'public', 1, 'photos', '2022-02-10 09:10:01', '2022-02-10 09:10:01'),
       (335, '13450420dba9ef249dfa2275e29725e1becce8bb', '1-10.jpg', 'image/jpeg', 'jpg', 282499, 0, '2022/02/10/', NULL, NULL, 'e37ff313acdbfcc144040d5d3e006a87694ea20f', 'public', 1, 'photos', '2022-02-10 09:10:01', '2022-02-10 09:10:01'),
       (336, '1f31e3e6f40b18f6b2b3db0f3cee9a38ad607817', '1-11.jpg', 'image/jpeg', 'jpg', 241884, 0, '2022/02/10/', NULL, NULL, '55188db8b60a961c851a9ff8ad71bd5c04cf6843', 'public', 1, 'photos', '2022-02-10 09:10:02', '2022-02-10 09:10:02'),
       (337, 'a5b5605208f3c4429f432937fa43bc321e926450', '1-12.jpg', 'image/jpeg', 'jpg', 126080, 0, '2022/02/10/', NULL, NULL, '9068f791f080d6b5df592b0885e00fa6f4c0ecfa', 'public', 1, 'photos', '2022-02-10 09:10:02', '2022-02-10 09:10:02'),
       (338, '387d5c18ed45ac11b868d00786ac8fc7c570c109', '1-13.jpg', 'image/jpeg', 'jpg', 211482, 0, '2022/02/10/', NULL, NULL, '9dac3c72196227bd074ee5b3da3e9447cbee843e', 'public', 1, 'photos', '2022-02-10 09:10:02', '2022-02-10 09:10:02'),
       (339, '4ee5439e99526d4bf69c4970795b61806e933f11', '1-14.jpg', 'image/jpeg', 'jpg', 89170, 0, '2022/02/10/', NULL, NULL, '8e079c3d8bcf2174dbb1600bb88fb0048c028ad1', 'public', 1, 'photos', '2022-02-10 09:10:02', '2022-02-10 09:10:02'),
       (340, '6f0a8c5096bdcf43f4e9e2b6264dd0e73414bf1f', '1-15.jpg', 'image/jpeg', 'jpg', 220204, 0, '2022/02/10/', NULL, NULL, 'd3d1b4fac823a0d9578ca0357b4747c59b17d4ec', 'public', 1, 'photos', '2022-02-10 09:10:03', '2022-02-10 09:10:03'),
       (341, 'c17a958436f45b53149b056bbfc8a9078da0086c', '1-1.jpg', 'image/jpeg', 'jpg', 236607, 0, '2022/02/10/', NULL, NULL, '47b279594721e83a2fc7a2d22654609e58b1c933', 'public', 1, 'photos', '2022-02-10 09:49:05', '2022-02-10 09:49:05'),
       (342, '7af21e12a9b0dfdc2556eb8c95ee548781579ce5', '1-2.jpg', 'image/jpeg', 'jpg', 105903, 0, '2022/02/10/', NULL, NULL, '3e58a07d635926c7c38e7dbda1ebf80a6d00f738', 'public', 1, 'photos', '2022-02-10 09:49:05', '2022-02-10 09:49:05'),
       (343, '20f5c1e076415412b882af8692b6e3282da9fa21', '1-3.jpg', 'image/jpeg', 'jpg', 230691, 0, '2022/02/10/', NULL, NULL, '1dbc459810e24cdea4d240e3f8cdc34bee5b5f98', 'public', 1, 'photos', '2022-02-10 09:49:05', '2022-02-10 09:49:05'),
       (344, '84229940983f40a754e731ca631706fac2921609', '1-4.jpg', 'image/jpeg', 'jpg', 124266, 0, '2022/02/10/', NULL, NULL, '081a251a5f711003f0958e044e5a7d1a6a56c0c5', 'public', 1, 'photos', '2022-02-10 09:49:05', '2022-02-10 09:49:05'),
       (345, 'b32108c0d0925ca4ea28907eb0edc87c7de14132', '1-5.jpg', 'image/jpeg', 'jpg', 126695, 0, '2022/02/10/', NULL, NULL, 'b4c01c26909d0f2ff28fb9baab64809ee2b60f52', 'public', 1, 'photos', '2022-02-10 09:49:06', '2022-02-10 09:49:06'),
       (346, 'fce7b0857b0f5fb3ee214727d57fc3aeb74b6eb8', '1-6.jpg', 'image/jpeg', 'jpg', 135805, 0, '2022/02/10/', NULL, NULL, 'afa05285dbe47d34e2c7e485df318c3a85b8b5af', 'public', 1, 'photos', '2022-02-10 09:49:06', '2022-02-10 09:49:06'),
       (347, '3c8ea6b92541e18723b286879d1b2a6952d212a9', '1-7.jpg', 'image/jpeg', 'jpg', 131167, 0, '2022/02/10/', NULL, NULL, 'd114045181f30ce7b42e1c184c0d0c898edd37e0', 'public', 1, 'photos', '2022-02-10 09:49:06', '2022-02-10 09:49:06'),
       (348, '3ce3192061111239a8913a36cbaa0d0f53253ed2', '1-8.jpg', 'image/jpeg', 'jpg', 89227, 0, '2022/02/10/', NULL, NULL, 'afe40681923706f2832a08cea98e60579122285c', 'public', 1, 'photos', '2022-02-10 09:49:06', '2022-02-10 09:49:06'),
       (349, '41bc5f2d453b45ea5d147752b4a6bf0e2202b183', '1-9.jpg', 'image/jpeg', 'jpg', 141421, 0, '2022/02/10/', NULL, NULL, 'ae36fe918dc6659ecfa9cb3df9787bd7d69d1a53', 'public', 1, 'photos', '2022-02-10 09:49:06', '2022-02-10 09:49:06'),
       (350, 'c7abc84dd8088e670ffadeafd392675a9007eb4a', '1-10.jpg', 'image/jpeg', 'jpg', 250230, 0, '2022/02/10/', NULL, NULL, 'cb6c3ff21e0bf57aa0f8446f917a55aaa2394837', 'public', 1, 'photos', '2022-02-10 09:49:06', '2022-02-10 09:49:06'),
       (351, '588a4d704940c1f20862518d571b308e7b8bafc4', '1-11.jpg', 'image/jpeg', 'jpg', 138767, 0, '2022/02/10/', NULL, NULL, 'a1ff3bae6a5920904f190fd2bf634d3be356d4cc', 'public', 1, 'photos', '2022-02-10 09:49:06', '2022-02-10 09:49:06'),
       (352, '5dd2d7c5d4c272f008ab1289d7cff7fe8244460b', '1-12.jpg', 'image/jpeg', 'jpg', 164368, 0, '2022/02/10/', NULL, NULL, '332433a8dc22c0392f23c307563692b254b16b52', 'public', 1, 'photos', '2022-02-10 09:49:06', '2022-02-10 09:49:06'),
       (353, '1b9d06b67bef003d6a947b4f143c4dd64548243d', '1-13.jpg', 'image/jpeg', 'jpg', 189922, 0, '2022/02/10/', NULL, NULL, 'cbb40308d74bf995c19b0bc6e4f5c99b36d079dd', 'public', 1, 'photos', '2022-02-10 09:49:06', '2022-02-10 09:49:06'),
       (354, '06972dc55523e5abb1a45a21c6563d5a036b8b0e', '1-14.jpg', 'image/jpeg', 'jpg', 170498, 0, '2022/02/10/', NULL, NULL, '7dc559f329f1ecdc98bb79b8a91c0ea201d6405e', 'public', 1, 'photos', '2022-02-10 09:49:06', '2022-02-10 09:49:06'),
       (355, 'b6e55815c3b32be7b7cbe7f8211bc70367a31ce7', '1-15.jpg', 'image/jpeg', 'jpg', 89293, 0, '2022/02/10/', NULL, NULL, '184be27342d5b439d6005ab556f6cb2b0e3541d1', 'public', 1, 'photos', '2022-02-10 09:49:07', '2022-02-10 09:49:07'),
       (356, '3695a96b21e8dad4116037540dc75f848c639e16', '1-16.jpg', 'image/jpeg', 'jpg', 172492, 0, '2022/02/10/', NULL, NULL, 'deae04cf917b429fce3664d8be71e4c34f7ef220', 'public', 1, 'photos', '2022-02-10 09:49:07', '2022-02-10 09:49:07'),
       (357, '95d65e860c7e6113ca93f9f094469a63dc8dfb36', '1-17.jpg', 'image/jpeg', 'jpg', 93191, 0, '2022/02/10/', NULL, NULL, 'e6f81c5d248d2d04fe3a647badfd6d5422568bff', 'public', 1, 'photos', '2022-02-10 09:49:07', '2022-02-10 09:49:07'),
       (358, '96f87c08d6140d0349d345c7271429a74ad34115', '1-18.jpg', 'image/jpeg', 'jpg', 122657, 0, '2022/02/10/', NULL, NULL, '1cd1e2ed54aac8b91ff5d71ab1655efe531ad8fa', 'public', 1, 'photos', '2022-02-10 09:49:07', '2022-02-10 09:49:07'),
       (359, 'bb0f2b6056b2381b243e9075632d963f33e73540', '1-19.jpg', 'image/jpeg', 'jpg', 118098, 0, '2022/02/10/', NULL, NULL, 'f2c896f8b8b78f7390df3e3ba6f4df2ab70e438c', 'public', 1, 'photos', '2022-02-10 09:49:07', '2022-02-10 09:49:07'),
       (360, '0ac45de8e1c20972d36c5d4f999abd6ecf1932ec', '1-20.jpg', 'image/jpeg', 'jpg', 89401, 0, '2022/02/10/', NULL, NULL, 'c3ecb4ef25b7b3f599900303b555afa731fc1508', 'public', 1, 'photos', '2022-02-10 09:49:07', '2022-02-10 09:49:07'),
       (361, 'ef2c1bf4309af9e1d9801e444e8cc30bfeea1b18', '1-21.jpg', 'image/jpeg', 'jpg', 174171, 0, '2022/02/10/', NULL, NULL, '05821c2dc4232f65863d0d11dc1c25de233db26e', 'public', 1, 'photos', '2022-02-10 09:49:07', '2022-02-10 09:49:07'),
       (362, 'f78427e965f3eed39d57935a28318bafcafe5bf6', '1-22.jpg', 'image/jpeg', 'jpg', 194396, 0, '2022/02/10/', NULL, NULL, '138c693e90dd3165afaf98692b26a5d5abfa2f98', 'public', 1, 'photos', '2022-02-10 09:49:07', '2022-02-10 09:49:07'),
       (365, 'a94cf3f1b7947c54e069252da6294cfd1d13fa75', '51 (1).jpg', 'image/jpeg', 'jpg', 320915, 0, '2022/02/11/', NULL, NULL, 'd61cff04f95944b3ceb7be453dce186a93fb06b6', 'public', 1, 'photos', '2022-02-11 10:41:29', '2022-02-11 10:41:29'),
       (366, 'a62dcca479aea2fe82b5da8f09be011cce6dfa1c', '51 (2).jpg', 'image/jpeg', 'jpg', 181147, 0, '2022/02/11/', NULL, NULL, 'aa9f92d0b69d3d1aea7d5a67b2d5a5923f253b7f', 'public', 1, 'photos', '2022-02-11 10:41:29', '2022-02-11 10:41:29'),
       (367, 'd6b0412912c72799d7e2302437051b010f8198bf', '49 (1).jpg', 'image/jpeg', 'jpg', 290430, 0, '2022/02/11/', NULL, NULL, 'b29301ffa07647767f674dcf40f10b9d3776f3f4', 'public', 1, 'photos', '2022-02-11 10:41:55', '2022-02-11 10:41:55'),
       (368, 'b5cb2c74592f54d24c4be4c0db2fc8819eb3d25b', '49 (2).jpg', 'image/jpeg', 'jpg', 151075, 0, '2022/02/11/', NULL, NULL, '6c04bfac98d691154161287c4ba00916b443be38', 'public', 1, 'photos', '2022-02-11 10:41:55', '2022-02-11 10:41:55'),
       (369, 'ff48befc74351d953e20b2c54985046ca33160e0', 'DSC_5641.jpg', 'image/jpeg', 'jpg', 295472, 0, '2022/02/11/', NULL, NULL, 'ab19ee8d8b12bb839c068de85a193aab0b0520f3', 'public', 1, 'photos', '2022-02-11 10:42:29', '2022-02-11 10:42:29'),
       (370, '7c92fa2d0901fa7c527cf7d9d143ab48f9987ec2', 'DSC_5644.jpg', 'image/jpeg', 'jpg', 159443, 0, '2022/02/11/', NULL, NULL, '973ef83c1fd13b57c157e4998114250f56f75332', 'public', 1, 'photos', '2022-02-11 10:42:29', '2022-02-11 10:42:29'),
       (371, '9f9343a57f00372191f3f0340db278eb403c2381', 'DSC_5648.jpg', 'image/jpeg', 'jpg', 158246, 0, '2022/02/11/', NULL, NULL, 'a8e9e2d014850912207a8d49b0cf1e3840dae340', 'public', 1, 'photos', '2022-02-11 10:42:29', '2022-02-11 10:42:29'),
       (372, 'f04b559f93aea85842760e4300b67b02af444632', 'DSC_5650.jpg', 'image/jpeg', 'jpg', 224029, 0, '2022/02/11/', NULL, NULL, 'db94f704c35e31b4b1287209764b12b0c39e7354', 'public', 1, 'photos', '2022-02-11 10:42:29', '2022-02-11 10:42:29'),
       (373, '6b4aabd593e5916d3730de560f0e9938dc4c9292', '54 (1).jpg', 'image/jpeg', 'jpg', 231151, 0, '2022/02/11/', NULL, NULL, 'f35019b6f4f10b5a6c7b23feb43ce0580fddb2b9', 'public', 1, 'photos', '2022-02-11 10:43:04', '2022-02-11 10:43:04'),
       (374, '995c731cd78331e5279cf087eff806d7e6d2c84f', '54 (2).jpg', 'image/jpeg', 'jpg', 291331, 0, '2022/02/11/', NULL, NULL, '886750479f13049ea62a4a3bfe449dbfefc09bcc', 'public', 1, 'photos', '2022-02-11 10:43:04', '2022-02-11 10:43:04'),
       (375, 'd892693440b38b670119307bbd8d78ebd8208130', '54 (3).jpg', 'image/jpeg', 'jpg', 131153, 0, '2022/02/11/', NULL, NULL, 'd1371c94002f89f510d0686c41debf51c04515cb', 'public', 1, 'photos', '2022-02-11 10:43:04', '2022-02-11 10:43:04'),
       (376, '7236786f5e195318fdb15b9ccb453a82d089c08e', '54 (4).jpg', 'image/jpeg', 'jpg', 184173, 0, '2022/02/11/', NULL, NULL, '79b683a2b42ee419adabe084df64f8c5b035af62', 'public', 1, 'photos', '2022-02-11 10:43:04', '2022-02-11 10:43:04'),
       (377, 'c2a06299abce378cb19cba910449f74945faf268', '53 (1).jpg', 'image/jpeg', 'jpg', 266429, 0, '2022/02/11/', NULL, NULL, 'e804ce8b2c09dc6a0a6c0cc2d11de125f6a99b30', 'public', 1, 'photos', '2022-02-11 10:43:28', '2022-02-11 10:43:28'),
       (378, 'a2e34de3b9842b01b679e5685f7625acfb7cb26f', '53 (2).jpg', 'image/jpeg', 'jpg', 135875, 0, '2022/02/11/', NULL, NULL, 'eb14859ffa7b7dc5cc7538955962552a9b7e5d9b', 'public', 1, 'photos', '2022-02-11 10:43:28', '2022-02-11 10:43:28'),
       (379, '8ce3d2240ec49dfd88d1598a3e21e13914d3ec31', '53 (3).jpg', 'image/jpeg', 'jpg', 209626, 0, '2022/02/11/', NULL, NULL, 'f786e49514f4915651e0b8a01056c25fb129d455', 'public', 1, 'photos', '2022-02-11 10:43:28', '2022-02-11 10:43:28'),
       (380, 'a4b39173d9eb8674dfe654fa9c094d473eb74662', '53 (4).jpg', 'image/jpeg', 'jpg', 107904, 0, '2022/02/11/', NULL, NULL, 'd001cf6b588bb1fdf9e7b4ef6567c6bdc204abbd', 'public', 1, 'photos', '2022-02-11 10:43:28', '2022-02-11 10:43:28'),
       (381, '97f63799596f5f8278140c6f42625c981b6245f1', 'DSC_5628.jpg', 'image/jpeg', 'jpg', 246579, 0, '2022/02/11/', NULL, NULL, '7fbe979eed69c0e9215df11de448e94c042ccc35', 'public', 1, 'photos', '2022-02-11 10:44:06', '2022-02-11 10:44:06'),
       (382, 'eadd1b375521260d4cdd7b8862693286647a2ec3', 'DSC_5635.jpg', 'image/jpeg', 'jpg', 132776, 0, '2022/02/11/', NULL, NULL, '289a9fde4b2a10515bdcf3eefa2515472a6f89d7', 'public', 1, 'photos', '2022-02-11 10:44:06', '2022-02-11 10:44:06'),
       (383, 'e2ca07db4d10b4db9d6fb1c6d35445a817fcc3b1', 'DSC_5658.jpg', 'image/jpeg', 'jpg', 260936, 0, '2022/02/11/', NULL, NULL, '451baa3b0d3372affb19a876880586941725e1b0', 'public', 1, 'photos', '2022-02-11 10:44:34', '2022-02-11 10:44:34'),
       (384, 'b21e13669c3cc1c89067e4cedf853d107af32d20', 'DSC_5661.jpg', 'image/jpeg', 'jpg', 137381, 0, '2022/02/11/', NULL, NULL, '4240a932d2b8abcc14436c2993ffbbcd8bee5ea5', 'public', 1, 'photos', '2022-02-11 10:44:34', '2022-02-11 10:44:34'),
       (385, '09ced302493b4af10985a054635ac3f923162b37', 'DSC_5662.jpg', 'image/jpeg', 'jpg', 249215, 0, '2022/02/11/', NULL, NULL, 'ff1904f096b648a8473f8a3287a54602aa24d77c', 'public', 1, 'photos', '2022-02-11 10:44:34', '2022-02-11 10:44:34'),
       (386, '85b11e26dd4f3217c272654e5ae6910c686f2689', 'DSC_5685.jpg', 'image/jpeg', 'jpg', 219803, 0, '2022/02/11/', NULL, NULL, 'bc4dc0ec96404d7ed3ec79b9d24923917f23d94d', 'public', 1, 'photos', '2022-02-11 10:45:02', '2022-02-11 10:45:02'),
       (387, '902e1a9a7a85aee8bbe72375a3870ddb4aef0cbe', 'DSC_5689.jpg', 'image/jpeg', 'jpg', 242179, 0, '2022/02/11/', NULL, NULL, 'fa08a6b8471383845668edc095ef3ed5b7d7cd87', 'public', 1, 'photos', '2022-02-11 10:45:02', '2022-02-11 10:45:02'),
       (388, '62f860287cf8f0848ee394c4d3fb4809266acf39', 'DSC_5694.jpg', 'image/jpeg', 'jpg', 261167, 0, '2022/02/11/', NULL, NULL, '22ba8255898fb3ae1f2cd2cf6c9afc8328a6a8e9', 'public', 1, 'photos', '2022-02-11 10:45:03', '2022-02-11 10:45:03'),
       (389, 'fd8399040c8eaad4eccfea53991d9468d77c2118', 'DSC_5702.jpg', 'image/jpeg', 'jpg', 182415, 0, '2022/02/11/', NULL, NULL, 'e82f8c81b6cd1e4dd7a539b9400bf2a67104f61f', 'public', 1, 'photos', '2022-02-11 10:45:03', '2022-02-11 10:45:03'),
       (390, '4c5c7a74e997a791675a6c0568fa9bdcb197f416', 'DSC_5704.jpg', 'image/jpeg', 'jpg', 241722, 0, '2022/02/11/', NULL, NULL, '2f2304b6935356ae9be725406b7b5d0f6d5309c4', 'public', 1, 'photos', '2022-02-11 10:45:03', '2022-02-11 10:45:03'),
       (391, '85b11e26dd4f3217c272654e5ae6910c686f2689', 'DSC_5685.jpg', 'image/jpeg', 'jpg', 219803, 0, '2022/02/11/', NULL, NULL, 'bc4dc0ec96404d7ed3ec79b9d24923917f23d94d', 'public', 1, 'photos', '2022-02-11 10:45:11', '2022-02-11 10:45:11'),
       (392, '902e1a9a7a85aee8bbe72375a3870ddb4aef0cbe', 'DSC_5689.jpg', 'image/jpeg', 'jpg', 242179, 0, '2022/02/11/', NULL, NULL, 'fa08a6b8471383845668edc095ef3ed5b7d7cd87', 'public', 1, 'photos', '2022-02-11 10:45:11', '2022-02-11 10:45:11'),
       (393, '62f860287cf8f0848ee394c4d3fb4809266acf39', 'DSC_5694.jpg', 'image/jpeg', 'jpg', 261167, 0, '2022/02/11/', NULL, NULL, '22ba8255898fb3ae1f2cd2cf6c9afc8328a6a8e9', 'public', 1, 'photos', '2022-02-11 10:45:11', '2022-02-11 10:45:11'),
       (394, 'fd8399040c8eaad4eccfea53991d9468d77c2118', 'DSC_5702.jpg', 'image/jpeg', 'jpg', 182415, 0, '2022/02/11/', NULL, NULL, 'e82f8c81b6cd1e4dd7a539b9400bf2a67104f61f', 'public', 1, 'photos', '2022-02-11 10:45:11', '2022-02-11 10:45:11'),
       (395, '4c5c7a74e997a791675a6c0568fa9bdcb197f416', 'DSC_5704.jpg', 'image/jpeg', 'jpg', 241722, 0, '2022/02/11/', NULL, NULL, '2f2304b6935356ae9be725406b7b5d0f6d5309c4', 'public', 1, 'photos', '2022-02-11 10:45:12', '2022-02-11 10:45:12'),
       (396, '85b11e26dd4f3217c272654e5ae6910c686f2689', 'DSC_5685.jpg', 'image/jpeg', 'jpg', 219803, 0, '2022/02/11/', NULL, NULL, 'bc4dc0ec96404d7ed3ec79b9d24923917f23d94d', 'public', 1, 'photos', '2022-02-11 10:45:22', '2022-02-11 10:45:22'),
       (397, '902e1a9a7a85aee8bbe72375a3870ddb4aef0cbe', 'DSC_5689.jpg', 'image/jpeg', 'jpg', 242179, 0, '2022/02/11/', NULL, NULL, 'fa08a6b8471383845668edc095ef3ed5b7d7cd87', 'public', 1, 'photos', '2022-02-11 10:45:22', '2022-02-11 10:45:22'),
       (398, '62f860287cf8f0848ee394c4d3fb4809266acf39', 'DSC_5694.jpg', 'image/jpeg', 'jpg', 261167, 0, '2022/02/11/', NULL, NULL, '22ba8255898fb3ae1f2cd2cf6c9afc8328a6a8e9', 'public', 1, 'photos', '2022-02-11 10:45:22', '2022-02-11 10:45:22'),
       (399, 'fd8399040c8eaad4eccfea53991d9468d77c2118', 'DSC_5702.jpg', 'image/jpeg', 'jpg', 182415, 0, '2022/02/11/', NULL, NULL, 'e82f8c81b6cd1e4dd7a539b9400bf2a67104f61f', 'public', 1, 'photos', '2022-02-11 10:45:22', '2022-02-11 10:45:22'),
       (400, '4c5c7a74e997a791675a6c0568fa9bdcb197f416', 'DSC_5704.jpg', 'image/jpeg', 'jpg', 241722, 0, '2022/02/11/', NULL, NULL, '2f2304b6935356ae9be725406b7b5d0f6d5309c4', 'public', 1, 'photos', '2022-02-11 10:45:22', '2022-02-11 10:45:22'),
       (401, '85b11e26dd4f3217c272654e5ae6910c686f2689', 'DSC_5685.jpg', 'image/jpeg', 'jpg', 219803, 0, '2022/02/11/', NULL, NULL, 'bc4dc0ec96404d7ed3ec79b9d24923917f23d94d', 'public', 1, 'photos', '2022-02-11 10:45:30', '2022-02-11 10:45:30'),
       (402, '902e1a9a7a85aee8bbe72375a3870ddb4aef0cbe', 'DSC_5689.jpg', 'image/jpeg', 'jpg', 242179, 0, '2022/02/11/', NULL, NULL, 'fa08a6b8471383845668edc095ef3ed5b7d7cd87', 'public', 1, 'photos', '2022-02-11 10:45:30', '2022-02-11 10:45:30'),
       (403, '62f860287cf8f0848ee394c4d3fb4809266acf39', 'DSC_5694.jpg', 'image/jpeg', 'jpg', 261167, 0, '2022/02/11/', NULL, NULL, '22ba8255898fb3ae1f2cd2cf6c9afc8328a6a8e9', 'public', 1, 'photos', '2022-02-11 10:45:30', '2022-02-11 10:45:30'),
       (404, 'fd8399040c8eaad4eccfea53991d9468d77c2118', 'DSC_5702.jpg', 'image/jpeg', 'jpg', 182415, 0, '2022/02/11/', NULL, NULL, 'e82f8c81b6cd1e4dd7a539b9400bf2a67104f61f', 'public', 1, 'photos', '2022-02-11 10:45:30', '2022-02-11 10:45:30'),
       (405, '4c5c7a74e997a791675a6c0568fa9bdcb197f416', 'DSC_5704.jpg', 'image/jpeg', 'jpg', 241722, 0, '2022/02/11/', NULL, NULL, '2f2304b6935356ae9be725406b7b5d0f6d5309c4', 'public', 1, 'photos', '2022-02-11 10:45:30', '2022-02-11 10:45:30'),
       (406, 'ab3ecd12ee61605ed5f2443d63375e26ba1eefc3', 'DSC_2782oDSC_2782.jpg', 'image/jpeg', 'jpg', 61689, 0, '2022/02/11/', NULL, NULL, '1bd03ab7a642d90fdbb34c0e1c9a61bea8068fd9', 'public', 1, 'photos', '2022-02-11 10:46:11', '2022-02-11 10:46:11'),
       (407, 'dd43e569750f1410615a64bdb779bf9d24b12e13', 'DSC_2860oDSC_2860.jpg', 'image/jpeg', 'jpg', 163597, 0, '2022/02/11/', NULL, NULL, 'bc85abb66b5ce9cc2e96250a7715eeb5674f67d0', 'public', 1, 'photos', '2022-02-11 10:46:11', '2022-02-11 10:46:11'),
       (408, '46046f8ff740101809beab35b0766eec4807a40f', 'DSC_2862oDSC_2862.jpg', 'image/jpeg', 'jpg', 144131, 0, '2022/02/11/', NULL, NULL, '5e96a4ba91e51c93482c097e8aca5738fa304e7d', 'public', 1, 'photos', '2022-02-11 10:46:12', '2022-02-11 10:46:12'),
       (409, 'cac35f901ef94cb40753208db57264c8d4677de5', 'DSC_2869oDSC_2869.jpg', 'image/jpeg', 'jpg', 207129, 0, '2022/02/11/', NULL, NULL, '2ddbe34092bfaf020664841f60ff4d57b79b73be', 'public', 1, 'photos', '2022-02-11 10:46:12', '2022-02-11 10:46:12'),
       (410, '18ba09941f6022d240a78d174e9393db3176ed73', 'DSC_2877oDSC_2877.jpg', 'image/jpeg', 'jpg', 130955, 0, '2022/02/11/', NULL, NULL, 'c1ddf55528b98aacd32a29dcc9b63343b5f004ca', 'public', 1, 'photos', '2022-02-11 10:46:12', '2022-02-11 10:46:12'),
       (411, 'ba56d7351707c163671a0389cd59788aea84996d', 'DSC_2887oDSC_2887.jpg', 'image/jpeg', 'jpg', 167860, 0, '2022/02/11/', NULL, NULL, '086286ce1710de2840de52f4a17788da1c236fc2', 'public', 1, 'photos', '2022-02-11 10:46:12', '2022-02-11 10:46:12'),
       (412, 'e4d4468629656ccf0c085b02e21bbcc19a546f65', 'DSC_2890oDSC_2890.jpg', 'image/jpeg', 'jpg', 165647, 0, '2022/02/11/', NULL, NULL, 'b22aeb8f1e782b3ea35fb97325d8062a82f40a39', 'public', 1, 'photos', '2022-02-11 10:46:12', '2022-02-11 10:46:12'),
       (413, '89d9f480ee4cd3ff31f45dfda61a6418549d1f0f', 'DSC_5194_.jpg', 'image/jpeg', 'jpg', 193677, 0, '2022/02/11/', NULL, NULL, '21d1d3e7555fb40d3573eb67a99cda6660a8bedb', 'public', 1, 'photos', '2022-02-11 10:46:45', '2022-02-11 10:46:45'),
       (414, '4f035bb529c89b81e567649408bc659584bcd74d', 'DSC_5201_.jpg', 'image/jpeg', 'jpg', 281564, 0, '2022/02/11/', NULL, NULL, '2a53627d6a3519fcc422dcf43c35705259a8b52b', 'public', 1, 'photos', '2022-02-11 10:46:45', '2022-02-11 10:46:45'),
       (415, '69c71304fd2decc9806f617cb18b1d03d674e6f5', 'DSC_5203_.jpg', 'image/jpeg', 'jpg', 185992, 0, '2022/02/11/', NULL, NULL, '34b91fd91e0bdada253488a9fb359950f4198064', 'public', 1, 'photos', '2022-02-11 10:46:46', '2022-02-11 10:46:46'),
       (416, '54f32206dda5e03144dffb65d0137af53de05785', '56 (1).jpg', 'image/jpeg', 'jpg', 97630, 0, '2022/02/11/', NULL, NULL, 'e7f7ce27c20ee03d75b332bac470684fe050284b', 'public', 1, 'photos', '2022-02-11 10:47:36', '2022-02-11 10:47:36'),
       (417, '7a0a3175eb0875ce2d2b6586d79617479025d5bf', '56 (2).jpg', 'image/jpeg', 'jpg', 98885, 0, '2022/02/11/', NULL, NULL, 'ee3b6c99f30326ebe815e24ad97b9d3d20da211e', 'public', 1, 'photos', '2022-02-11 10:47:36', '2022-02-11 10:47:36'),
       (418, 'bec4e9ff09f3c90b99b317844295de40c38533ae', '56 (3).jpg', 'image/jpeg', 'jpg', 125812, 0, '2022/02/11/', NULL, NULL, 'a5dd2827ea348ebab24ad538c8405e6439140c56', 'public', 1, 'photos', '2022-02-11 10:47:36', '2022-02-11 10:47:36'),
       (419, 'd01630983bf7b3d81ead24793e7deae96f2dfe1b', 'DSC_5481_.jpg', 'image/jpeg', 'jpg', 135375, 0, '2022/02/11/', NULL, NULL, 'c3d9b2bddc1f46b1b1de5f18701f5fca9b29a29f', 'public', 1, 'photos', '2022-02-11 10:50:39', '2022-02-11 10:50:39'),
       (420, '0dd86e82ee90bbcbbe74c075cb9c0fcba71755c6', 'DSC_5481__.jpg', 'image/jpeg', 'jpg', 147566, 0, '2022/02/11/', NULL, NULL, '0c810040ffcaa11de11598929ff45deaeec17c81', 'public', 1, 'photos', '2022-02-11 10:50:39', '2022-02-11 10:50:39'),
       (421, '54ef92b975b07fda4f00cd085207bdfbc7747efc', 'DSC_5492_.jpg', 'image/jpeg', 'jpg', 136723, 0, '2022/02/11/', NULL, NULL, '5626f38188cd0f5fe2aee8a4d46a968f57e99ebb', 'public', 1, 'photos', '2022-02-11 10:50:39', '2022-02-11 10:50:39'),
       (422, '75512ab63e77f2eaad2061d1c97aebd195caea7f', 'DSC_5492__.jpg', 'image/jpeg', 'jpg', 166065, 0, '2022/02/11/', NULL, NULL, '075952ad92225829740c6dd5345869afcec8a3c2', 'public', 1, 'photos', '2022-02-11 10:50:39', '2022-02-11 10:50:39'),
       (423, '758993133d569156406db7d48577253d60e10b77', 'DSC_5494_.jpg', 'image/jpeg', 'jpg', 137469, 0, '2022/02/11/', NULL, NULL, 'cdfc1e8ea0a13f8a7b67d3bacac7793a857858c8', 'public', 1, 'photos', '2022-02-11 10:50:39', '2022-02-11 10:50:39'),
       (424, 'a788ea404b6724a0fe3a3861f528e9ff1054aea9', 'DSC_5494__.jpg', 'image/jpeg', 'jpg', 115839, 0, '2022/02/11/', NULL, NULL, '0c3aadfe56928212a2ae89abc480da9077c625bc', 'public', 1, 'photos', '2022-02-11 10:50:39', '2022-02-11 10:50:39'),
       (425, '6db7ab6de4b4f81ea353215c13b1b4db6a1a2b40', 'DSC_2137.jpg', 'image/jpeg', 'jpg', 234542, 0, '2022/02/11/', NULL, NULL, '7a0c821a554599516be75aa555b7c0a2f2a024c7', 'public', 1, 'photos', '2022-02-11 10:51:38', '2022-02-11 10:51:38'),
       (426, '10d1dd0adda255fc8c732b8a42f55819193021f4', 'DSC_2138.jpg', 'image/jpeg', 'jpg', 177293, 0, '2022/02/11/', NULL, NULL, 'ed03510b56147a075decbab3117cb6be749a351e', 'public', 1, 'photos', '2022-02-11 10:51:38', '2022-02-11 10:51:38'),
       (427, 'e0aa12a674776581148dcc1dbb1148fcf495a43a', 'DSC_2142.jpg', 'image/jpeg', 'jpg', 166723, 0, '2022/02/11/', NULL, NULL, 'd75eeff46016e2a456ddb8bcd28b0a52aa712459', 'public', 1, 'photos', '2022-02-11 10:51:38', '2022-02-11 10:51:38'),
       (428, 'be98404ca8244aa369cbab18a1ab033f79606f35', 'DSC_2143.jpg', 'image/jpeg', 'jpg', 167393, 0, '2022/02/11/', NULL, NULL, '33e4c3d48d2aa34c2cd9b116499989c7502b7043', 'public', 1, 'photos', '2022-02-11 10:51:39', '2022-02-11 10:51:39'),
       (429, 'f42317b80c0e7767c90e3671731b3449db48327a', 'DSC_2145.jpg', 'image/jpeg', 'jpg', 266295, 0, '2022/02/11/', NULL, NULL, 'c2fcbddb8baf90ee331d4b41e570853c08d60788', 'public', 1, 'photos', '2022-02-11 10:51:39', '2022-02-11 10:51:39'),
       (430, '8eb2c3f1be1485a03101427a7d4b2133a2eef9f2', 'DSC_2150.jpg', 'image/jpeg', 'jpg', 364302, 0, '2022/02/11/', NULL, NULL, 'c96a9f049e998cea2ab487a465639fad93ab0e82', 'public', 1, 'photos', '2022-02-11 10:53:30', '2022-02-11 10:53:30'),
       (431, '62f3acad03736f871ce79a1637d85841f604eac0', 'DSC_2153.jpg', 'image/jpeg', 'jpg', 181140, 0, '2022/02/11/', NULL, NULL, '5f1ee7e6cb81c04d1366442ef53830c43d39c29c', 'public', 1, 'photos', '2022-02-11 10:53:30', '2022-02-11 10:53:30'),
       (432, '2f062244a322c3932d96e8588b24b41d129441ca', 'DSC_2155.jpg', 'image/jpeg', 'jpg', 144048, 0, '2022/02/11/', NULL, NULL, '5b8e6c265cb2f5b234c089f67da93f993bb77d4d', 'public', 1, 'photos', '2022-02-11 10:53:30', '2022-02-11 10:53:30'),
       (433, '33ed8b0851036dbaabd7259869f04cd8e3589fa3', 'DSC_2158.jpg', 'image/jpeg', 'jpg', 156675, 0, '2022/02/11/', NULL, NULL, 'f22db9eef0a54e6fed89f9d3dae32dea74585a9f', 'public', 1, 'photos', '2022-02-11 10:53:30', '2022-02-11 10:53:30'),
       (434, '3d556da089f798f4ad9b114c376900684c842f36', 'DSC_2159.jpg', 'image/jpeg', 'jpg', 157991, 0, '2022/02/11/', NULL, NULL, '342969fd9bba72dfb9f38d92cc8e9d909855a68c', 'public', 1, 'photos', '2022-02-11 10:53:31', '2022-02-11 10:53:31'),
       (435, '433d23af4a0fae5fcc83f34dd6945cc5929375e0', 'DSC_2160.jpg', 'image/jpeg', 'jpg', 148039, 0, '2022/02/11/', NULL, NULL, '5c3ad624105a47ead5fdadd3d99e13271b667b25', 'public', 1, 'photos', '2022-02-11 10:53:31', '2022-02-11 10:53:31'),
       (436, 'e00c0466427cb99cd618cc19d45f3039834dcbf3', 'DSC_2164.jpg', 'image/jpeg', 'jpg', 163222, 0, '2022/02/11/', NULL, NULL, 'b3b2db0ed5e31cae477415ec2225fcebfab76f04', 'public', 1, 'photos', '2022-02-11 10:53:31', '2022-02-11 10:53:31'),
       (437, '11f497be8c55d22e4d074085ce183c76d250de47', 'DSC_2167.jpg', 'image/jpeg', 'jpg', 175208, 0, '2022/02/11/', NULL, NULL, '7460f56f07b44aeeccba4b50ffaccbdc1211bd25', 'public', 1, 'photos', '2022-02-11 10:53:31', '2022-02-11 10:53:31'),
       (444, '95ee1abc3062635813fd7601957e2fdbf67ee4df', '65 (1).jpg', 'image/jpeg', 'jpg', 423042, 0, '2022/02/11/', NULL, NULL, 'fa0a493b7629f998149cde4d7d2399bd613a538b', 'public', 1, 'photos', '2022-02-11 10:56:29', '2022-02-11 10:56:29'),
       (445, 'd8fef8be1837bbef8d3d5054fa7582265ba35ab0', '65 (2).jpg', 'image/jpeg', 'jpg', 304089, 0, '2022/02/11/', NULL, NULL, '4e126af6523be46325c949ace7113f7b9c0a5877', 'public', 1, 'photos', '2022-02-11 10:56:29', '2022-02-11 10:56:29'),
       (446, 'eb66e1af9949cb840d52dad1d107a487cecb01b1', 'DSC_2857oDSC_2857.jpg', 'image/jpeg', 'jpg', 71019, 0, '2022/02/11/', NULL, NULL, 'c954af3ae515472277d08582b241d790062f6ef6', 'public', 1, 'photos', '2022-02-11 10:56:56', '2022-02-11 10:56:56'),
       (447, 'a643210b36be4d264c5e440c9b47f0eada218552', 'DSC_2941oDSC_2941.jpg', 'image/jpeg', 'jpg', 185338, 0, '2022/02/11/', NULL, NULL, '1a87c90b77a7de74b286d59c1d5437fa27e5cbea', 'public', 1, 'photos', '2022-02-11 10:56:56', '2022-02-11 10:56:56'),
       (448, 'af9f6dacfb8d419e66949dfd7a3476c4b9758d45', 'DSC_2944oDSC_2944.jpg', 'image/jpeg', 'jpg', 152297, 0, '2022/02/11/', NULL, NULL, '8b6923e83f9b0bf6d0ae314065322ea674024e0d', 'public', 1, 'photos', '2022-02-11 10:56:56', '2022-02-11 10:56:56'),
       (449, '43591f81a61615f586db8e642694747f3a4c266f', 'DSC_2949oDSC_2949.jpg', 'image/jpeg', 'jpg', 230373, 0, '2022/02/11/', NULL, NULL, '11c947618905c818e61b45d3ca1e403b293e08d4', 'public', 1, 'photos', '2022-02-11 10:56:56', '2022-02-11 10:56:56'),
       (450, 'b2e71cd23bd7c2dac2e13612f46220e090f65af1', 'DSC_2955oDSC_2955.jpg', 'image/jpeg', 'jpg', 183384, 0, '2022/02/11/', NULL, NULL, '293a45abd1d263d5f9ac92695c8f63e32d3bbd73', 'public', 1, 'photos', '2022-02-11 10:56:57', '2022-02-11 10:56:57'),
       (451, '3bdfe43fc546b99bf613aea67ee8eb6e3ffb99b4', 'DSC_2963oDSC_2963.jpg', 'image/jpeg', 'jpg', 154368, 0, '2022/02/11/', NULL, NULL, '5da9e84709ee7af45c77cee3ad426a9d92b146b1', 'public', 1, 'photos', '2022-02-11 10:56:57', '2022-02-11 10:56:57'),
       (452, '9ef3bdf2497840f04d32b13d9bffeab9c8b54c46', 'DSC_2784oDSC_2784.jpg', 'image/jpeg', 'jpg', 61920, 0, '2022/02/11/', NULL, NULL, 'd6ff4347e91bbc0509716c0fe72a818964adcded', 'public', 1, 'photos', '2022-02-11 11:00:01', '2022-02-11 11:00:01'),
       (453, '8e188fdd035d5c3098f6f4158532b32588609481', 'DSC_2789oDSC_2789.jpg', 'image/jpeg', 'jpg', 116031, 0, '2022/02/11/', NULL, NULL, '5b75a1e1091a10e4175dd8e5b454304dbc9a6d7a', 'public', 1, 'photos', '2022-02-11 11:00:01', '2022-02-11 11:00:01'),
       (454, '015588a0f9d757f868eb5c88c185cc89b861297d', 'DSC_2791oDSC_2791.jpg', 'image/jpeg', 'jpg', 230981, 0, '2022/02/11/', NULL, NULL, '11651bd2e8a1a7024f37c8242c56a828f17cd4e2', 'public', 1, 'photos', '2022-02-11 11:00:02', '2022-02-11 11:00:02'),
       (455, '22ddb5e279109a586c0eb024fdc4d5a0636aadd8', 'DSC_2793oDSC_2793.jpg', 'image/jpeg', 'jpg', 157792, 0, '2022/02/11/', NULL, NULL, 'a25c9d67c6c528ae6faba22b189a50bc56adddb6', 'public', 1, 'photos', '2022-02-11 11:00:02', '2022-02-11 11:00:02'),
       (456, 'f8e2288f94733932c94f1172a275c1f5b7e3365d', 'DSC_2796oDSC_2796.jpg', 'image/jpeg', 'jpg', 186336, 0, '2022/02/11/', NULL, NULL, '17161e6a75c0dcbe7935415c92b45a29f6124f46', 'public', 1, 'photos', '2022-02-11 11:00:02', '2022-02-11 11:00:02'),
       (457, '6b5a65e999e7f0c3e4c0ee18157f1084be6011c0', 'DSC_2799oDSC_2799.jpg', 'image/jpeg', 'jpg', 155033, 0, '2022/02/11/', NULL, NULL, 'd3a73efcdd0da318ce8cb326ad484b013c26d17d', 'public', 1, 'photos', '2022-02-11 11:00:02', '2022-02-11 11:00:02'),
       (458, 'da80a4b8175d11b104d4e63e3f140fcada8cfc5a', 'DSC_2806oDSC_2806.jpg', 'image/jpeg', 'jpg', 270124, 0, '2022/02/11/', NULL, NULL, '70c04ac25ff1d48a5dcbd4c9ed5e8f278fa309ba', 'public', 1, 'photos', '2022-02-11 11:00:02', '2022-02-11 11:00:02'),
       (459, '4158aaee9fb4a1263c52226ec7d01991c73b39bb', 'DSC_2808oDSC_2808.jpg', 'image/jpeg', 'jpg', 274395, 0, '2022/02/11/', NULL, NULL, '5390a370b9c32f5b50c453b44cda8da5ac52b400', 'public', 1, 'photos', '2022-02-11 11:00:02', '2022-02-11 11:00:02'),
       (460, '569b5f498445de6d5cadda956aff9c0ec361fbf3', 'DSC_2814oDSC_2814.jpg', 'image/jpeg', 'jpg', 197546, 0, '2022/02/11/', NULL, NULL, '0b62e25c9c093786b809316c7f3d74f19f57fe2e', 'public', 1, 'photos', '2022-02-11 11:00:02', '2022-02-11 11:00:02'),
       (461, 'e7b0a6cf6aa2f79bea40c818e6c8266a48c813b3', 'DSC_2817oDSC_2817.jpg', 'image/jpeg', 'jpg', 188855, 0, '2022/02/11/', NULL, NULL, 'd9f59df0844e8d8adbcf0250d8d7d20de41893da', 'public', 1, 'photos', '2022-02-11 11:00:02', '2022-02-11 11:00:02'),
       (462, '3a7a96da33bae198eb513eb6eac24f3a7d3acd6f', 'DSC_3366oDSC_3366.jpg', 'image/jpeg', 'jpg', 75868, 0, '2022/02/11/', NULL, NULL, '9035b0724c3e614fc18a24cdd9738509ad306045', 'public', 1, 'photos', '2022-02-11 11:00:26', '2022-02-11 11:00:26'),
       (463, '812053fc6be2a9e76693a794535d768107d26c61', 'DSC_3374oDSC_3374.jpg', 'image/jpeg', 'jpg', 198806, 0, '2022/02/11/', NULL, NULL, '7af6fcbbfc9d173a4b46837a6f4f1f6b447e4071', 'public', 1, 'photos', '2022-02-11 11:00:26', '2022-02-11 11:00:26'),
       (464, '00c1e4700dca1cdf075d836a92cfb891f9957826', 'DSC_3376oDSC_3376.jpg', 'image/jpeg', 'jpg', 188786, 0, '2022/02/11/', NULL, NULL, '263423729f98bfd24e3c8a11863883776935b4ac', 'public', 1, 'photos', '2022-02-11 11:00:26', '2022-02-11 11:00:26'),
       (465, '6cb15702f12dc9e236b1edd51f903de0300619da', 'DSC_3382oDSC_3382.jpg', 'image/jpeg', 'jpg', 136981, 0, '2022/02/11/', NULL, NULL, 'e7604560957e770e1b3227b9a85aeed69efb8833', 'public', 1, 'photos', '2022-02-11 11:00:26', '2022-02-11 11:00:26'),
       (466, '605971b54c81f8d856bd8e769f6f21d5704d48ce', 'DSC_3384oDSC_3384.jpg', 'image/jpeg', 'jpg', 213123, 0, '2022/02/11/', NULL, NULL, 'c875f6079336352851273f945fea9fb22056a85b', 'public', 1, 'photos', '2022-02-11 11:00:27', '2022-02-11 11:00:27'),
       (467, '66a49ce8b9bb35284b71f12be766f5047019f7ae', 'DSC_3396oDSC_3396.jpg', 'image/jpeg', 'jpg', 130981, 0, '2022/02/11/', NULL, NULL, 'e5e7479da55d2632963919a71eb06acf228090e2', 'public', 1, 'photos', '2022-02-11 11:00:27', '2022-02-11 11:00:27'),
       (468, '27462b6c38109be677b7f887a3c39f5f6a5861fe', 'DSC_3402oDSC_3402.jpg', 'image/jpeg', 'jpg', 130237, 0, '2022/02/11/', NULL, NULL, '937f08bce08663a94dded039f293d9b2e4201c76', 'public', 1, 'photos', '2022-02-11 11:00:27', '2022-02-11 11:00:27'),
       (469, 'c5bba05c2c9db76c314a5128cb475af54d106be2', 'DSC_3313oDSC_3313.jpg', 'image/jpeg', 'jpg', 72321, 0, '2022/02/11/', NULL, NULL, '106a639678532fea824f07e922c20943c64843d5', 'public', 1, 'photos', '2022-02-11 11:00:51', '2022-02-11 11:00:51'),
       (470, 'bc365eb0cf5ab5800e6bd1d6c31ae686b604b3e0', 'DSC_3315oDSC_3315.jpg', 'image/jpeg', 'jpg', 129675, 0, '2022/02/11/', NULL, NULL, '33e09a7acc19a0e8c980cb5470580e4cbf67376d', 'public', 1, 'photos', '2022-02-11 11:00:51', '2022-02-11 11:00:51'),
       (471, 'e82f9de189ff4565ba12b2d2426491fcf29bcc58', 'DSC_3319oDSC_3319.jpg', 'image/jpeg', 'jpg', 162471, 0, '2022/02/11/', NULL, NULL, '843f50497bccfdb6aaede72c653c37c4250987f5', 'public', 1, 'photos', '2022-02-11 11:00:52', '2022-02-11 11:00:52'),
       (472, 'd3cb2b759a5bc68ed4b3a8176922de4a0472b955', 'DSC_3324oDSC_3324.jpg', 'image/jpeg', 'jpg', 115676, 0, '2022/02/11/', NULL, NULL, '4d172d6854a8a4824a826af4c6da78238ebfa1df', 'public', 1, 'photos', '2022-02-11 11:00:52', '2022-02-11 11:00:52'),
       (473, 'd3d4f9efbb00c39fe05bdf74b8832ed2ac07bd56', 'DSC_3326oDSC_3326.jpg', 'image/jpeg', 'jpg', 128103, 0, '2022/02/11/', NULL, NULL, '7d94ee76d5b3ff04e22e79a0e2a834c42491f295', 'public', 1, 'photos', '2022-02-11 11:00:52', '2022-02-11 11:00:52'),
       (474, 'adc84561636f77e5a63dcda9338f7b5a301eee2e', 'DSC_3327oDSC_3327.jpg', 'image/jpeg', 'jpg', 156036, 0, '2022/02/11/', NULL, NULL, '1f28d931f270ae1801ae234b7457d623139bf34c', 'public', 1, 'photos', '2022-02-11 11:00:52', '2022-02-11 11:00:52'),
       (475, 'd254b17fc1e516cb262dfd76581ceb099a8e2801', 'DSC_3330oDSC_3330.jpg', 'image/jpeg', 'jpg', 236887, 0, '2022/02/11/', NULL, NULL, '8c398db6fa0849b5b86e2f8baf58dcaa4dc80ee0', 'public', 1, 'photos', '2022-02-11 11:00:52', '2022-02-11 11:00:52'),
       (476, 'fe6b5d3ee6f1895bf3a6fc4a824db2ae9b5358f6', 'DSC_3331oDSC_3331.jpg', 'image/jpeg', 'jpg', 159696, 0, '2022/02/11/', NULL, NULL, '1ba156d6088424fcdc71ef1a139edf9c5b650801', 'public', 1, 'photos', '2022-02-11 11:00:52', '2022-02-11 11:00:52'),
       (477, '75645d35e5bf37d3db961a4e143d3b4e20217df9', 'DSC_3333oDSC_3333.jpg', 'image/jpeg', 'jpg', 173755, 0, '2022/02/11/', NULL, NULL, 'b0e02eebef1b83694c4b04c048b813aba6f1867d', 'public', 1, 'photos', '2022-02-11 11:00:52', '2022-02-11 11:00:52'),
       (478, '74a0198507fd05380f8410435dac884d9bbbc51a', 'DSC_3058oDSC_3058.jpg', 'image/jpeg', 'jpg', 70476, 0, '2022/02/11/', NULL, NULL, '9503f48c32e6bbab118d26d1207c774775e6c3dc', 'public', 1, 'photos', '2022-02-11 11:02:31', '2022-02-11 11:02:31'),
       (479, 'ed9b6e8bca92ea9ea14ae080b42fbdd911db59f5', 'DSC_3073oDSC_3073.jpg', 'image/jpeg', 'jpg', 136356, 0, '2022/02/11/', NULL, NULL, '73a1295606ac8586b3131bbc92a19ec90dc40ea6', 'public', 1, 'photos', '2022-02-11 11:02:31', '2022-02-11 11:02:31'),
       (480, '814dfeae9e4a9502d58ddeb9fe46897f6ff6d482', 'DSC_3086oDSC_3086.jpg', 'image/jpeg', 'jpg', 121460, 0, '2022/02/11/', NULL, NULL, '03da308c8f74d4dbba1bfe5ee1c970ac290865bc', 'public', 1, 'photos', '2022-02-11 11:02:32', '2022-02-11 11:02:32'),
       (481, '7ac8de4c349c8dc3b06e294bf542f1cc21375dde', 'DSC_3088oDSC_3088.jpg', 'image/jpeg', 'jpg', 168265, 0, '2022/02/11/', NULL, NULL, 'aba8a14ea2bbac880b5b160cbb14010e6706c3ae', 'public', 1, 'photos', '2022-02-11 11:02:32', '2022-02-11 11:02:32'),
       (482, '2664bd335a2d198870b7120f4c3b33a62b3eb2cb', 'DSC_3095oDSC_3095.jpg', 'image/jpeg', 'jpg', 86483, 0, '2022/02/11/', NULL, NULL, '0e8ef475635d8b5d7fc5de464c2c04ea467e0154', 'public', 1, 'photos', '2022-02-11 11:02:32', '2022-02-11 11:02:32'),
       (483, '9e03b8d9c962e52211581b14f9fb582531096242', 'DSC_3103oDSC_3103.jpg', 'image/jpeg', 'jpg', 189882, 0, '2022/02/11/', NULL, NULL, 'eadcf5bfcb5ed348fa176e96831295a7451e802c', 'public', 1, 'photos', '2022-02-11 11:02:32', '2022-02-11 11:02:32'),
       (484, 'a7e1dad7727147a3aee1006fb1be56d0160c6f46', 'DSC_3008oDSC_3008.jpg', 'image/jpeg', 'jpg', 74500, 0, '2022/02/11/', NULL, NULL, '5d300968164a89f285f4f05c374d73bc22ac8f53', 'public', 1, 'photos', '2022-02-11 11:02:58', '2022-02-11 11:02:58'),
       (485, 'b9e980c8a93f19deae8c87bd7d72c9a333a2acd5', 'DSC_3013oDSC_3013.jpg', 'image/jpeg', 'jpg', 265892, 0, '2022/02/11/', NULL, NULL, 'c0f6f938d9909e1d4970b24fb9a788f79e205a31', 'public', 1, 'photos', '2022-02-11 11:02:58', '2022-02-11 11:02:58'),
       (486, '801f1c0e68cfb7db5d6704ffd81359c729db902d', 'DSC_3029oDSC_3029.jpg', 'image/jpeg', 'jpg', 284656, 0, '2022/02/11/', NULL, NULL, '0033f3b8e0f313abcf197be159c0acb8ccb129a6', 'public', 1, 'photos', '2022-02-11 11:02:58', '2022-02-11 11:02:58'),
       (487, 'b139d710055a49df4da773349f8bff9254b9dec3', 'DSC_3036oDSC_3036.jpg', 'image/jpeg', 'jpg', 127201, 0, '2022/02/11/', NULL, NULL, '65a1b2938eb94dc01f9331dbbe58bf92af263220', 'public', 1, 'photos', '2022-02-11 11:02:58', '2022-02-11 11:02:58'),
       (488, '9d6c56095e7bbd33038c18c988b8c8c9ee4a4601', 'DSC_3039oDSC_3039.jpg', 'image/jpeg', 'jpg', 182767, 0, '2022/02/11/', NULL, NULL, '7a1d27a592a5b3c735267c16867e3b57eb608998', 'public', 1, 'photos', '2022-02-11 11:02:58', '2022-02-11 11:02:58'),
       (489, '39d02c4f8da5b677304e89ada87dc8eb1ef3b41e', 'DSC_3045oDSC_3045.jpg', 'image/jpeg', 'jpg', 107254, 0, '2022/02/11/', NULL, NULL, 'f9a445a9e4002e75d9cf00aa9f5322056db13a0d', 'public', 1, 'photos', '2022-02-11 11:02:58', '2022-02-11 11:02:58'),
       (490, 'ae7cb81fbf6c59d7bfd7d8bb7b58001dc187141d', 'DSC_3048oDSC_3048.jpg', 'image/jpeg', 'jpg', 152173, 0, '2022/02/11/', NULL, NULL, 'a29e75ceae6cdc24b95cb5c7b9d9e48e46ff400b', 'public', 1, 'photos', '2022-02-11 11:02:58', '2022-02-11 11:02:58'),
       (491, '7f775137a6a82fccdb2aed33281e8aec98ea7eda', 'DSC_2928oDSC_2928.jpg', 'image/jpeg', 'jpg', 71032, 0, '2022/02/11/', NULL, NULL, 'd906b10c86513f2f29267a91c776fdd13bf0f3fc', 'public', 1, 'photos', '2022-02-11 11:03:27', '2022-02-11 11:03:27'),
       (492, 'd8eacc63dfe5856b9cc195831b05a64845d94e61', 'DSC_2976oDSC_2976.jpg', 'image/jpeg', 'jpg', 217227, 0, '2022/02/11/', NULL, NULL, '795f73030fde094ca682a5a3bdaf2baf55c9e05d', 'public', 1, 'photos', '2022-02-11 11:03:27', '2022-02-11 11:03:27'),
       (493, 'e5fb8ad74b477a6c82d2efe69f2a0d55f9e06d54', 'DSC_2979oDSC_2979.jpg', 'image/jpeg', 'jpg', 103080, 0, '2022/02/11/', NULL, NULL, 'a0977714183b497a7036d20557a8f78afaaf0b87', 'public', 1, 'photos', '2022-02-11 11:03:27', '2022-02-11 11:03:27'),
       (494, 'a59dca847e2e783cc04869a29625aace56da26df', 'DSC_2998oDSC_2998.jpg', 'image/jpeg', 'jpg', 120671, 0, '2022/02/11/', NULL, NULL, 'db7caa154b8ee5a4b0e9d0dc2092134ea00db3a9', 'public', 1, 'photos', '2022-02-11 11:03:27', '2022-02-11 11:03:27'),
       (495, 'ee5b652c676db19a18b8220705f0d2766175beaf', 'DSC_2999oDSC_2999.jpg', 'image/jpeg', 'jpg', 173051, 0, '2022/02/11/', NULL, NULL, '78fac8aa83dc2b8e0f3e4a5296975a44a014c5a0', 'public', 1, 'photos', '2022-02-11 11:03:27', '2022-02-11 11:03:27'),
       (496, 'dad3faecf6863d2bac5e9ebbed8aefcc76b7673f', 'DSC_3000oDSC_3000.jpg', 'image/jpeg', 'jpg', 216652, 0, '2022/02/11/', NULL, NULL, '7f9caa09202f04c4968c049ad29e8eadba9c6744', 'public', 1, 'photos', '2022-02-11 11:03:27', '2022-02-11 11:03:27'),
       (497, '552cf12e54ca1b114a74353cda1e2a9ed7fd2f13', '63 (1).jpg', 'image/jpeg', 'jpg', 335924, 0, '2022/02/11/', NULL, NULL, '32895785da7bd2a0e6a5eac3815391a3f2794244', 'public', 1, 'photos', '2022-02-11 11:03:52', '2022-02-11 11:03:52'),
       (498, '53d06c147e0b4697f04a6f46d9a6d87f3da4c5eb', '63 (2).jpg', 'image/jpeg', 'jpg', 259810, 0, '2022/02/11/', NULL, NULL, '27e9f2edfeee8fcfd09b5c2773f3ef59d44979fb', 'public', 1, 'photos', '2022-02-11 11:03:52', '2022-02-11 11:03:52'),
       (499, 'e94be6f5494f5199572d11d1ad2b2aeb11d55bcb', 'DSC_6364.jpg', 'image/jpeg', 'jpg', 220083, 0, '2022/02/11/', NULL, NULL, '924cc889343b8b8bb5bdfeb9e4229fb526cf9ec8', 'public', 1, 'photos', '2022-02-11 11:04:20', '2022-02-11 11:04:20'),
       (500, '098e7b2cabb9d2f3be8846afac2bf5e8ca7b533f', 'DSC_6370.jpg', 'image/jpeg', 'jpg', 164220, 0, '2022/02/11/', NULL, NULL, 'c4e79b91f065c87b5cb63f82aa0c9f36876659f5', 'public', 1, 'photos', '2022-02-11 11:04:20', '2022-02-11 11:04:20'),
       (501, 'fe634625dbb101f5025193b9f4f4d3c9fa81a8da', 'DSC_6378.jpg', 'image/jpeg', 'jpg', 332183, 0, '2022/02/11/', NULL, NULL, '73999814aed232ddece697d7db52ee565b3e31fa', 'public', 1, 'photos', '2022-02-11 11:04:20', '2022-02-11 11:04:20'),
       (502, '44aa7d35c38de90494c93e8fe7e3c13e23a28212', 'DSC_6379.jpg', 'image/jpeg', 'jpg', 345594, 0, '2022/02/11/', NULL, NULL, '14594593167834a8d2f1aaca3c1e258d6f3fad73', 'public', 1, 'photos', '2022-02-11 11:04:20', '2022-02-11 11:04:20'),
       (503, '0ea814bd15d8aead023509be94bf568ff1c5b48d', '67.jpg', 'image/jpeg', 'jpg', 196083, 0, '2022/02/11/', NULL, NULL, '633a9e8fb895add94cd1fccc846185a7d4003f6a', 'public', 1, 'photos', '2022-02-11 11:05:01', '2022-02-11 11:05:01'),
       (504, '0ea814bd15d8aead023509be94bf568ff1c5b48d', '67.jpg', 'image/jpeg', 'jpg', 196083, 0, '2022/02/11/', NULL, NULL, '633a9e8fb895add94cd1fccc846185a7d4003f6a', 'public', 1, 'photos', '2022-02-11 11:05:15', '2022-02-11 11:05:15'),
       (513, '28b0077033ea81408dd25b29ad6c928386cf3f4f', 'DSC_5227_.jpg', 'image/jpeg', 'jpg', 261759, 0, '2022/02/11/', NULL, NULL, 'cb568ce4899049046cd21beb2105654dc08b11fd', 'public', 1, 'photos', '2022-02-11 11:06:42', '2022-02-11 11:06:42'),
       (514, '5678f79d15a9f8b4d17fda1806a8a80020ef4dc0', 'DSC_5227__.jpg', 'image/jpeg', 'jpg', 337709, 0, '2022/02/11/', NULL, NULL, '17b8eb585628dfdedd564f4f6b0bd9ffdf23c8cf', 'public', 1, 'photos', '2022-02-11 11:06:42', '2022-02-11 11:06:42'),
       (515, '083a37a4b52b00d48929df9a57109d7e48d83c9a', 'DSC_5230_.jpg', 'image/jpeg', 'jpg', 196872, 0, '2022/02/11/', NULL, NULL, 'cda488cc8ce3d34ecafa6926a8e52aaf7e11d428', 'public', 1, 'photos', '2022-02-11 11:06:43', '2022-02-11 11:06:43'),
       (516, 'f9a3bee5751451034f2a8509853bd6654db8e521', 'DSC_5236_.jpg', 'image/jpeg', 'jpg', 207747, 0, '2022/02/11/', NULL, NULL, '215030c0e715fce1cbe8a277da0a5d4f1b077e4a', 'public', 1, 'photos', '2022-02-11 11:06:43', '2022-02-11 11:06:43'),
       (517, '43717447e62babe4f3a69a57ac468298f6c60a3c', 'DSC_5237_.jpg', 'image/jpeg', 'jpg', 284341, 0, '2022/02/11/', NULL, NULL, 'db49df176d79ef35f8e0ee909ec1122125b6bfca', 'public', 1, 'photos', '2022-02-11 11:06:43', '2022-02-11 11:06:43'),
       (518, 'e1a881e52701faafbe972419d823c4cfec5eee20', 'DSC_5237__.jpg', 'image/jpeg', 'jpg', 341149, 0, '2022/02/11/', NULL, NULL, 'd8947d3dfe617751ab846e23390db34235499092', 'public', 1, 'photos', '2022-02-11 11:06:43', '2022-02-11 11:06:43'),
       (519, '7876780e4a0b5800b30115ccb1c3dfaafadadbac', '62 (1).jpg', 'image/jpeg', 'jpg', 320692, 0, '2022/02/11/', NULL, NULL, 'd19eb6b4f15db68ebac0477156c15803a70e646c', 'public', 1, 'photos', '2022-02-11 11:08:54', '2022-02-11 11:08:54'),
       (520, 'ff9a2eb261317a12281a6e21dbae9e269298a084', '62 (2).jpg', 'image/jpeg', 'jpg', 269920, 0, '2022/02/11/', NULL, NULL, '86dfcc5fe1cbad91d23a5fe54f3daf4934f76f9f', 'public', 1, 'photos', '2022-02-11 11:08:54', '2022-02-11 11:08:54'),
       (533, '6ee3e451085588ba548682d6e77db46fc0a34633', 'DSC_7891.jpg', 'image/jpeg', 'jpg', 282421, 0, '2022/02/11/', NULL, NULL, '9a67aa6f34420300ff7ff9ad5092562b7193b6a0', 'public', 1, 'photos', '2022-02-11 11:10:11', '2022-02-11 11:10:11'),
       (534, 'cd8173a45dd97c69b799613f6dfdc63d01377788', 'DSC_7903.jpg', 'image/jpeg', 'jpg', 195820, 0, '2022/02/11/', NULL, NULL, '711f5bfc02426895966eaa8e55f77584409bed2b', 'public', 1, 'photos', '2022-02-11 11:10:11', '2022-02-11 11:10:11'),
       (535, 'b6ffd421df9e3775dfbe4e893f94cb3ab7fc8c73', 'DSC_7906.jpg', 'image/jpeg', 'jpg', 194853, 0, '2022/02/11/', NULL, NULL, '44f02a417dddd06c67acbfef08c2daa3058741c3', 'public', 1, 'photos', '2022-02-11 11:10:11', '2022-02-11 11:10:11'),
       (536, 'eeefaf98e3dc9c7eee3d102404395e28cf3d264d', 'DSC_7911.jpg', 'image/jpeg', 'jpg', 188134, 0, '2022/02/11/', NULL, NULL, '4d018be75b19d60a26f14de761c7ae22eb3ab2eb', 'public', 1, 'photos', '2022-02-11 11:10:11', '2022-02-11 11:10:11'),
       (537, '3810201c533b0aaad3651b629112daca6b0da86c', 'DSC_5595.jpg', 'image/jpeg', 'jpg', 116964, 0, '2022/02/11/', NULL, NULL, 'cb79cfd9c95973fff0e3110afc0ac12f1bbbc98b', 'public', 1, 'photos', '2022-02-11 11:10:34', '2022-02-11 11:10:34'),
       (538, '8e89a55b25aca44544ae156c68975ec27db0382e', 'DSC_5596.jpg', 'image/jpeg', 'jpg', 100067, 0, '2022/02/11/', NULL, NULL, '3b04f331ca25c691f08ca99f0f20c6f148a5973e', 'public', 1, 'photos', '2022-02-11 11:10:34', '2022-02-11 11:10:34'),
       (539, '5896c4a0c705086f25e96fe8716cf1646f4b5d08', 'DSC_5602.jpg', 'image/jpeg', 'jpg', 101499, 0, '2022/02/11/', NULL, NULL, '1808e8175d49297d2c63dac09b6a25759475e828', 'public', 1, 'photos', '2022-02-11 11:10:34', '2022-02-11 11:10:34'),
       (540, '9498a8b3bd32036c5135de0cab902831a26fece7', '68 (1).jpg', 'image/jpeg', 'jpg', 104545, 0, '2022/02/11/', NULL, NULL, 'c732ba6db0bdfda56c27add6f0c42ccee1979c7f', 'public', 1, 'photos', '2022-02-11 11:10:56', '2022-02-11 11:10:56'),
       (541, 'd13da476f5249e143618f3fde700f178ebcf0347', '68 (2).jpg', 'image/jpeg', 'jpg', 171927, 0, '2022/02/11/', NULL, NULL, 'dda8a40551450e21e7940f3f48eef37533adf6d2', 'public', 1, 'photos', '2022-02-11 11:10:56', '2022-02-11 11:10:56'),
       (542, '9df2db08f3969bcb870a4239c732df002d0ff443', '68 (3).jpg', 'image/jpeg', 'jpg', 198893, 0, '2022/02/11/', NULL, NULL, '8078c38b387da3b69ce1a5b1451255791d74234e', 'public', 1, 'photos', '2022-02-11 11:10:56', '2022-02-11 11:10:56'),
       (543, '1ba09e20e52cb49f402b8a54888633d61b13336b', '68 (4).jpg', 'image/jpeg', 'jpg', 218202, 0, '2022/02/11/', NULL, NULL, '0a769abef44406d7a996f39a29eedb9b34613eb5', 'public', 1, 'photos', '2022-02-11 11:10:56', '2022-02-11 11:10:56'),
       (544, '39d655aaea3ad317f3bf7786335c42cc0940104f', 'DSC_0110.jpg', 'image/jpeg', 'jpg', 174985, 0, '2022/02/11/', NULL, NULL, '5af96fceacf9e9e8b6ecdfa8e6ab0cc7e94b599c', 'public', 1, 'photos', '2022-02-11 11:11:25', '2022-02-11 11:11:25'),
       (545, '55cc992b9165c88de84565fe43a0e74475e62076', 'DSC_0114.jpg', 'image/jpeg', 'jpg', 168851, 0, '2022/02/11/', NULL, NULL, 'ef58c1a92b29421032d736f4a994c7af55cca632', 'public', 1, 'photos', '2022-02-11 11:11:25', '2022-02-11 11:11:25'),
       (546, 'f2a7a18080890df3d4352f6acc0b99dbcae37767', 'DSC_0126.jpg', 'image/jpeg', 'jpg', 170626, 0, '2022/02/11/', NULL, NULL, 'f127b08519f4dfdc904942887abb24113c1d0a2e', 'public', 1, 'photos', '2022-02-11 11:11:25', '2022-02-11 11:11:25'),
       (547, '40189b8e61ea7675f89a43d584cf1da722678ff9', 'DSC_0130.jpg', 'image/jpeg', 'jpg', 169938, 0, '2022/02/11/', NULL, NULL, '4b308b81c3600aed86840b23b91ed91b99c6f142', 'public', 1, 'photos', '2022-02-11 11:11:25', '2022-02-11 11:11:25'),
       (548, 'c7bae6220d5e674776e869878b232cde02337014', 'DSC_0137.jpg', 'image/jpeg', 'jpg', 162302, 0, '2022/02/11/', NULL, NULL, '5428c8c6cf393c7ca48fa13b28ac21acbec29b4b', 'public', 1, 'photos', '2022-02-11 11:11:25', '2022-02-11 11:11:25'),
       (549, 'd90fa97ed8d8eceaf08fc82489300b2efa8d0edd', 'DSC_3162oDSC_3162.jpg', 'image/jpeg', 'jpg', 80234, 0, '2022/02/11/', NULL, NULL, '68d879e5eaef62bb74c016515e9c7723513792bf', 'public', 1, 'photos', '2022-02-11 11:11:50', '2022-02-11 11:11:50'),
       (550, '3705ac31c0ce25ba33cb6b01e8f0146e79177c38', 'DSC_3167oDSC_3167.jpg', 'image/jpeg', 'jpg', 212159, 0, '2022/02/11/', NULL, NULL, '620f12e0cb9901cf81d999188dbc06e039aa1ba2', 'public', 1, 'photos', '2022-02-11 11:11:50', '2022-02-11 11:11:50'),
       (551, '65b6166cc70b80301d88c03ecc8a963f6744ec23', 'DSC_3175oDSC_3175.jpg', 'image/jpeg', 'jpg', 153785, 0, '2022/02/11/', NULL, NULL, '9399b03236f271b28ba6122995c1b717c2db67fe', 'public', 1, 'photos', '2022-02-11 11:11:51', '2022-02-11 11:11:51'),
       (552, '9dc8f37cd6c4cf2880690a1e61a87eddb2cc7e27', 'DSC_3179oDSC_3179.jpg', 'image/jpeg', 'jpg', 246739, 0, '2022/02/11/', NULL, NULL, '0367e75f8bdd01b1a9610eeab2dbc1e23cc8f1bf', 'public', 1, 'photos', '2022-02-11 11:11:51', '2022-02-11 11:11:51'),
       (553, 'c96b9cc4ff7f1ef6d891115f9d61a8d0b8cea316', 'DSC_3187oDSC_3187.jpg', 'image/jpeg', 'jpg', 122005, 0, '2022/02/11/', NULL, NULL, '54a75a8ce53021bb0c4be57d03d529c484533cf8', 'public', 1, 'photos', '2022-02-11 11:11:51', '2022-02-11 11:11:51'),
       (554, 'f6e2c30c1781d1feb0ded1f09e66307bd91086b3', 'DSC_3199oDSC_3199.jpg', 'image/jpeg', 'jpg', 258522, 0, '2022/02/11/', NULL, NULL, 'b5a43a36e9e6e2a7d7a859bc92844dab04a8a498', 'public', 1, 'photos', '2022-02-11 11:11:51', '2022-02-11 11:11:51'),
       (555, 'f417cfd9b1947cd346165d38fb8e7421dacbdca4', 'DSC_6151.jpg', 'image/jpeg', 'jpg', 193506, 0, '2022/02/11/', NULL, NULL, 'a09cb02db97ab577bff8269459dc0595aa4f285d', 'public', 1, 'photos', '2022-02-11 11:12:14', '2022-02-11 11:12:14'),
       (556, 'bda45513edc54a12f32342771f00846c7c325d71', 'DSC_6160.jpg', 'image/jpeg', 'jpg', 218530, 0, '2022/02/11/', NULL, NULL, 'c6956e0371e336861e25a2a383c945d5a6155c6c', 'public', 1, 'photos', '2022-02-11 11:12:14', '2022-02-11 11:12:14'),
       (557, 'f417cfd9b1947cd346165d38fb8e7421dacbdca4', 'DSC_6151.jpg', 'image/jpeg', 'jpg', 193506, 0, '2022/02/11/', NULL, NULL, 'a09cb02db97ab577bff8269459dc0595aa4f285d', 'public', 1, 'photos', '2022-02-11 11:12:26', '2022-02-11 11:12:26'),
       (558, 'bda45513edc54a12f32342771f00846c7c325d71', 'DSC_6160.jpg', 'image/jpeg', 'jpg', 218530, 0, '2022/02/11/', NULL, NULL, 'c6956e0371e336861e25a2a383c945d5a6155c6c', 'public', 1, 'photos', '2022-02-11 11:12:26', '2022-02-11 11:12:26'),
       (559, '88cffd5676682b7fb1c27928607ee7005e8f2965', 'DSC_6161.jpg', 'image/jpeg', 'jpg', 195752, 0, '2022/02/11/', NULL, NULL, 'f4331876373e4c4bc986dd631679b4ffbb33a887', 'public', 1, 'photos', '2022-02-11 11:12:27', '2022-02-11 11:12:27'),
       (560, '736dc0bb528f8d35716cdcd20487f531b7dd03b0', 'DSC_6166.jpg', 'image/jpeg', 'jpg', 190693, 0, '2022/02/11/', NULL, NULL, 'd1e304e56a01378eb7aa35de64ab3507e6b81416', 'public', 1, 'photos', '2022-02-11 11:12:27', '2022-02-11 11:12:27'),
       (561, 'ad46e187bde3b87bad502b06097083b407b40dff', 'DSC_6167.jpg', 'image/jpeg', 'jpg', 264601, 0, '2022/02/11/', NULL, NULL, '70ccac6ba18e99f353b39566c81d660a24e025be', 'public', 1, 'photos', '2022-02-11 11:12:27', '2022-02-11 11:12:27'),
       (562, '0700840d808295d3e20cd2fc46632381e31476b9', 'DSC_3066oDSC_3066.jpg', 'image/jpeg', 'jpg', 72035, 0, '2022/02/11/', NULL, NULL, 'ac04a651d73b77610160d1a003223669538acdfa', 'public', 1, 'photos', '2022-02-11 11:13:01', '2022-02-11 11:13:01'),
       (563, '98fb656e74eacdb385f464c55978d50412024c05', 'DSC_3111oDSC_3111.jpg', 'image/jpeg', 'jpg', 200252, 0, '2022/02/11/', NULL, NULL, '2c01f04441fef690d0fd39bb1be1b82d92818ccc', 'public', 1, 'photos', '2022-02-11 11:13:01', '2022-02-11 11:13:01'),
       (564, 'bc97bce6024570793ab19c26bd4e253879b00749', 'DSC_3113oDSC_3113.jpg', 'image/jpeg', 'jpg', 208609, 0, '2022/02/11/', NULL, NULL, 'b35295e1711c97faca436b1d55bebba17bd2c272', 'public', 1, 'photos', '2022-02-11 11:13:01', '2022-02-11 11:13:01'),
       (565, '833a78339e0900cb82e9369c4bf632a9a67c3d47', 'DSC_3131oDSC_3131.jpg', 'image/jpeg', 'jpg', 213663, 0, '2022/02/11/', NULL, NULL, '79d7f30a3af920917ccef6818e092af137209a6d', 'public', 1, 'photos', '2022-02-11 11:13:01', '2022-02-11 11:13:01'),
       (566, 'bbd83ebe46ef9920024161bc6e7ea6cc0e46b1e6', 'DSC_3135oDSC_3135.jpg', 'image/jpeg', 'jpg', 230706, 0, '2022/02/11/', NULL, NULL, 'd321e99f15166a498eab52944cf0327ce913065e', 'public', 1, 'photos', '2022-02-11 11:13:02', '2022-02-11 11:13:02'),
       (567, 'df4c1ff357469e21d65f1ca68ca38a86203b6c50', 'DSC_3146oDSC_3146.jpg', 'image/jpeg', 'jpg', 144914, 0, '2022/02/11/', NULL, NULL, 'a580557dc0c28109398f7db6545669a516328886', 'public', 1, 'photos', '2022-02-11 11:13:02', '2022-02-11 11:13:02'),
       (568, '482c484eebd0106b32d7379e5e7fcc85b46bdf44', 'DSC_3150oDSC_3150.jpg', 'image/jpeg', 'jpg', 212727, 0, '2022/02/11/', NULL, NULL, '40d29ac3c7d69e2fcb3830fd927d116fa24443f2', 'public', 1, 'photos', '2022-02-11 11:13:02', '2022-02-11 11:13:02'),
       (569, '40eaaa0f776de04c6b71e9c044c1cbb169bc0908', 'DSC_3152oDSC_3152.jpg', 'image/jpeg', 'jpg', 223831, 0, '2022/02/11/', NULL, NULL, '568b2550d716fd3c674435cecf5694f8f1a48c57', 'public', 1, 'photos', '2022-02-11 11:13:02', '2022-02-11 11:13:02'),
       (570, 'b30d4129e6ac8603aee0326f5e0ed1d824e1fd66', 'DSC_1991.jpg', 'image/jpeg', 'jpg', 120447, 0, '2022/02/11/', NULL, NULL, '6206a0f9bad4ea6a077a214c0373bd4044a32d10', 'public', 1, 'photos', '2022-02-11 11:13:27', '2022-02-11 11:13:27'),
       (571, '059a25d12668c8b73f4682dc4f5e410fc9b32759', 'DSC_1996.jpg', 'image/jpeg', 'jpg', 144821, 0, '2022/02/11/', NULL, NULL, 'd2b68e7a46c00e25175d1850105be18a22418a17', 'public', 1, 'photos', '2022-02-11 11:13:27', '2022-02-11 11:13:27'),
       (572, 'f59064da2d1a4475653bd4e6e1e66ff568f8abbe', 'DSC_2000.jpg', 'image/jpeg', 'jpg', 127031, 0, '2022/02/11/', NULL, NULL, '64e2f1a2eafd6c91496352d6400de05550e71ce5', 'public', 1, 'photos', '2022-02-11 11:13:28', '2022-02-11 11:13:28'),
       (573, '653f3d9bee656d61eb8efc0da2ecefd6c854fbc8', 'DSC_2002.jpg', 'image/jpeg', 'jpg', 137496, 0, '2022/02/11/', NULL, NULL, '46f5d2d3ed463708456fbed82172c65e61494077', 'public', 1, 'photos', '2022-02-11 11:13:28', '2022-02-11 11:13:28'),
       (574, 'a4a92fd65b186eeeed83c6ebf5c0cc4877d81d1f', 'DSC_6317.jpg', 'image/jpeg', 'jpg', 180843, 0, '2022/02/11/', NULL, NULL, 'dcbbcd0429b2d9486f552e5a517189f8e980cebd', 'public', 1, 'photos', '2022-02-11 11:13:51', '2022-02-11 11:13:51'),
       (575, 'f6a55fa1499695e04a0733e16e218a1b75b9cf37', 'DSC_6323.jpg', 'image/jpeg', 'jpg', 177248, 0, '2022/02/11/', NULL, NULL, '6347e562a1a080764206bc6c82ca7ba2445284f5', 'public', 1, 'photos', '2022-02-11 11:13:51', '2022-02-11 11:13:51'),
       (576, '410af81789608a7d2bf1418dc0191feff00edaac', 'DSC_1911.jpg', 'image/jpeg', 'jpg', 116253, 0, '2022/02/11/', NULL, NULL, 'c554d266c90be9b80d3279cfe94c40ee2a514557', 'public', 1, 'photos', '2022-02-11 11:14:16', '2022-02-11 11:14:16'),
       (577, '08247eeb606751e4fcdf3fe798c48c331c5122d8', 'DSC_1925.jpg', 'image/jpeg', 'jpg', 106522, 0, '2022/02/11/', NULL, NULL, '50e117deb1cd68af8bf670d12eb88de05c187452', 'public', 1, 'photos', '2022-02-11 11:14:16', '2022-02-11 11:14:16'),
       (578, 'ea7c3c356a76d3641704d026d4d17073e3312fb9', 'DSC_1928.jpg', 'image/jpeg', 'jpg', 125353, 0, '2022/02/11/', NULL, NULL, '756d170a84fe53e774e2f8f9019f651cf70c4fd0', 'public', 1, 'photos', '2022-02-11 11:14:16', '2022-02-11 11:14:16'),
       (579, '91d9b7cf9afda34a3443f4416f4e94f8fe2f0d02', 'DSC_1975.jpg', 'image/jpeg', 'jpg', 119855, 0, '2022/02/11/', NULL, NULL, 'be70361d534b0099f873e4f4885625e4f86752fd', 'public', 1, 'photos', '2022-02-11 11:14:41', '2022-02-11 11:14:41'),
       (580, 'ffa83de8c7650631bb0cf2bdf2b6b63e46ae001e', 'DSC_1977.jpg', 'image/jpeg', 'jpg', 123660, 0, '2022/02/11/', NULL, NULL, '236c7cf9bf3790589f2804c6127bfb4ccb3b45a2', 'public', 1, 'photos', '2022-02-11 11:14:41', '2022-02-11 11:14:41'),
       (581, 'c01db3783cc9a79aa184c892c6a6777a4749335a', 'DSC_1979.jpg', 'image/jpeg', 'jpg', 117035, 0, '2022/02/11/', NULL, NULL, 'eb3189e8256ca959c8bcaada0addff373993f5b3', 'public', 1, 'photos', '2022-02-11 11:14:42', '2022-02-11 11:14:42'),
       (582, 'b7a0b8005ed938409bf41a9f4edde50b28898af3', 'DSC_0025.jpg', 'image/jpeg', 'jpg', 159483, 0, '2022/02/11/', NULL, NULL, '09475816bff23fbae11f83b52f15614182fc1545', 'public', 1, 'photos', '2022-02-11 11:15:08', '2022-02-11 11:15:08'),
       (583, 'd849bec9ecbdb2072c8b269879441173ae18c0ce', 'DSC_0040.jpg', 'image/jpeg', 'jpg', 156923, 0, '2022/02/11/', NULL, NULL, 'ce6d120e11291528e8a17914404f8eaba54a7d6c', 'public', 1, 'photos', '2022-02-11 11:15:08', '2022-02-11 11:15:08'),
       (584, '795ee3e97c9209fd2005c4e17d26d9fb6fa855ef', 'DSC_0046.jpg', 'image/jpeg', 'jpg', 164268, 0, '2022/02/11/', NULL, NULL, '5453d7c3f2a4f03416acafea4c0a20f744c3c411', 'public', 1, 'photos', '2022-02-11 11:15:09', '2022-02-11 11:15:09'),
       (585, '31df8225214c46960ef08741e7d47c5074ca511f', 'DSC_0050.jpg', 'image/jpeg', 'jpg', 159760, 0, '2022/02/11/', NULL, NULL, '479abe1148aea96f6c7eb332e73ff2b2b489c708', 'public', 1, 'photos', '2022-02-11 11:15:09', '2022-02-11 11:15:09'),
       (586, 'f7533ee6c4b7c4f7a23ccb26f5a44a0b46c2a6c6', 'DSC_0051.jpg', 'image/jpeg', 'jpg', 157568, 0, '2022/02/11/', NULL, NULL, 'ebaed67d1c2d8fb717255e0bcaca981c826b5eb2', 'public', 1, 'photos', '2022-02-11 11:15:09', '2022-02-11 11:15:09'),
       (587, '246941b2012ceb808ae58fdceb0859ff7a728005', 'DSC_0057.jpg', 'image/jpeg', 'jpg', 162071, 0, '2022/02/11/', NULL, NULL, '1c7624ef54aa1ad27ab95211fceeb85ab8b31b7c', 'public', 1, 'photos', '2022-02-11 11:15:09', '2022-02-11 11:15:09'),
       (588, 'f9dfcdc3cf3351b5c7936a3f66aef51013f48337', 'DSC_2077.jpg', 'image/jpeg', 'jpg', 150702, 0, '2022/02/11/', NULL, NULL, '42c67325ec0fead1a0b1ac278d3f24993983ff7d', 'public', 1, 'photos', '2022-02-11 11:15:34', '2022-02-11 11:15:34'),
       (589, '2deb934c7deb2d4ad2399d619a84214ebda02f8c', 'DSC_2098.jpg', 'image/jpeg', 'jpg', 131181, 0, '2022/02/11/', NULL, NULL, '0efae79e65b343dc88795136082efda8134c97a8', 'public', 1, 'photos', '2022-02-11 11:15:34', '2022-02-11 11:15:34'),
       (590, 'a068d6ea2786fa3608eb7bc85bae911e02ab80aa', 'DSC_2829oDSC_2829.jpg', 'image/jpeg', 'jpg', 80404, 0, '2022/02/11/', NULL, NULL, '7c1a0897c958b4886d0678463bc463a4c7e571fe', 'public', 1, 'photos', '2022-02-11 11:15:59', '2022-02-11 11:15:59'),
       (591, '91f0c8ae3463c417d1d1b960057ffa4cca0dc6f4', 'DSC_2895oDSC_2895.jpg', 'image/jpeg', 'jpg', 184600, 0, '2022/02/11/', NULL, NULL, 'c809d0207954b2db4bda4b8a4c7b15062e4fbc80', 'public', 1, 'photos', '2022-02-11 11:15:59', '2022-02-11 11:15:59'),
       (592, '49f564ba10a770ae95d59a62ba8f18f764b07046', 'DSC_2896oDSC_2896.jpg', 'image/jpeg', 'jpg', 166537, 0, '2022/02/11/', NULL, NULL, '325f39122b58e6a36f3a3262b797fe14da89dc07', 'public', 1, 'photos', '2022-02-11 11:15:59', '2022-02-11 11:15:59'),
       (593, '39ab2d88e2099b06481c48d1317b3720180adcc3', 'DSC_2901oDSC_2901.jpg', 'image/jpeg', 'jpg', 121425, 0, '2022/02/11/', NULL, NULL, '6566d44c17da0e6451892fdc38a39363389de009', 'public', 1, 'photos', '2022-02-11 11:15:59', '2022-02-11 11:15:59'),
       (594, '67f28e4ad4f51e19407797664f7870d8029a48b7', 'DSC_2903oDSC_2903.jpg', 'image/jpeg', 'jpg', 253644, 0, '2022/02/11/', NULL, NULL, '72d1f13bb7355687ec1ff377c85f307fc8a54e2c', 'public', 1, 'photos', '2022-02-11 11:16:00', '2022-02-11 11:16:00'),
       (595, '0e97e2c8fbf91e4714073972302ac3b52e4ea70f', 'DSC_2908oDSC_2908.jpg', 'image/jpeg', 'jpg', 224780, 0, '2022/02/11/', NULL, NULL, '21a74f69d462c33250a742edfd90c690d2d48a09', 'public', 1, 'photos', '2022-02-11 11:16:00', '2022-02-11 11:16:00'),
       (596, '2d66ab8948781b730ebb30421a5c82c59d3c3f7e', 'DSC_2912oDSC_2912.jpg', 'image/jpeg', 'jpg', 209018, 0, '2022/02/11/', NULL, NULL, '561d95fba4b40f4ff85ad18afbf964c087759513', 'public', 1, 'photos', '2022-02-11 11:16:00', '2022-02-11 11:16:00'),
       (597, '05caf49df14293976e11cbbf417b1582b251521c', 'DSC_5257_.jpg', 'image/jpeg', 'jpg', 150663, 0, '2022/02/11/', NULL, NULL, 'bf0f91c46308e383ce642722435fc7ee08908aad', 'public', 1, 'photos', '2022-02-11 11:16:31', '2022-02-11 11:16:31'),
       (598, '787acea5a6a84fd8d4e1e757c074a2cbada0a3e7', 'DSC_5257__.jpg', 'image/jpeg', 'jpg', 129966, 0, '2022/02/11/', NULL, NULL, '4b93fa82c6ddbf2fc24cb2076f9b8d7677ce6b97', 'public', 1, 'photos', '2022-02-11 11:16:31', '2022-02-11 11:16:31'),
       (599, 'db6d2813ee20faf08d094cfcec9f60036e2960ac', 'DSC_5260_.jpg', 'image/jpeg', 'jpg', 130778, 0, '2022/02/11/', NULL, NULL, '7ab3830c8ad083c12d4261e5d0bd447f69fe2838', 'public', 1, 'photos', '2022-02-11 11:16:32', '2022-02-11 11:16:32'),
       (600, '255b141a1b6fae86253ea991670100c6aff577f3', 'DSC_5269_.jpg', 'image/jpeg', 'jpg', 155079, 0, '2022/02/11/', NULL, NULL, '7dd6756c761904f653ac6f8e98313f1fab7d6cc9', 'public', 1, 'photos', '2022-02-11 11:16:32', '2022-02-11 11:16:32'),
       (601, '54f973942eb68f96832e45a01729de4533f48005', 'DSC_5269__.jpg', 'image/jpeg', 'jpg', 191607, 0, '2022/02/11/', NULL, NULL, 'cbb8f8ef624e88f2612499ebbbc8024168fc2354', 'public', 1, 'photos', '2022-02-11 11:16:32', '2022-02-11 11:16:32'),
       (602, 'd1ee898782a532e31ca12bcc113af503cadd7655', 'DSC_5271_.jpg', 'image/jpeg', 'jpg', 217255, 0, '2022/02/11/', NULL, NULL, '8611b8b7603a0fc0e57a4fb90624883ee30cbef7', 'public', 1, 'photos', '2022-02-11 11:16:32', '2022-02-11 11:16:32'),
       (603, 'd42b775957b08687c775b49f65f05491710aef75', 'DSC_5272_.jpg', 'image/jpeg', 'jpg', 173865, 0, '2022/02/11/', NULL, NULL, 'b24a05bc321b0b60004caeec610bea25a6bfd3d3', 'public', 1, 'photos', '2022-02-11 11:16:32', '2022-02-11 11:16:32'),
       (604, '6c208398fa8c5bd6a37a62e41512d3fb818e7037', 'DSC_5272__.jpg', 'image/jpeg', 'jpg', 145337, 0, '2022/02/11/', NULL, NULL, 'ff06716e02aac7e92fab78703cf5372f754f0577', 'public', 1, 'photos', '2022-02-11 11:16:32', '2022-02-11 11:16:32'),
       (605, '591eb71a8f8285c6d004e03b7ac2b5cea37a91cb', '57 (1).jpg', 'image/jpeg', 'jpg', 150928, 0, '2022/02/11/', NULL, NULL, '947930efb302f182f9e982eb67e3887e68b4285f', 'public', 1, 'photos', '2022-02-11 11:16:58', '2022-02-11 11:16:58'),
       (606, 'c079480239a1bfa8fd5b8619941b8339f77e73f2', '57 (2).jpg', 'image/jpeg', 'jpg', 126086, 0, '2022/02/11/', NULL, NULL, 'ef4aa90639da0e04a8da214ad64f8b8618308655', 'public', 1, 'photos', '2022-02-11 11:16:59', '2022-02-11 11:16:59'),
       (614, '15c796cf173c81f223ea2b57c75e8727f52a60a4', 'DSC_5548.jpg', 'image/jpeg', 'jpg', 163210, 0, '2022/02/11/', NULL, NULL, '4e0689666f1651adad6d034306d3b2d324e62208', 'public', 1, 'photos', '2022-02-11 11:17:59', '2022-02-11 11:17:59'),
       (615, '9ea5a9281385153a7a45b34a7a7fa2190f556d15', 'DSC_5551.jpg', 'image/jpeg', 'jpg', 146033, 0, '2022/02/11/', NULL, NULL, 'f8a5ce24537bfda4b5c59a59c1fa9caa9c1aade9', 'public', 1, 'photos', '2022-02-11 11:17:59', '2022-02-11 11:17:59'),
       (616, '5c68c5acebc5877149082326394fdfecdde703a3', 'DSC_5552.jpg', 'image/jpeg', 'jpg', 147720, 0, '2022/02/11/', NULL, NULL, '2237eea31f35dfe4a74db842305c3f078f141fe2', 'public', 1, 'photos', '2022-02-11 11:17:59', '2022-02-11 11:17:59'),
       (617, 'fda64c0d751f6cb2db5f9d80d40cb666cffc9c8d', 'DSC_5556.jpg', 'image/jpeg', 'jpg', 162137, 0, '2022/02/11/', NULL, NULL, 'd5e233dd9e676700774c20549a6f35f5ccf62cf6', 'public', 1, 'photos', '2022-02-11 11:17:59', '2022-02-11 11:17:59'),
       (618, '51be60ea560711d801640371d459f1373d7a553a', 'DSC_5557.jpg', 'image/jpeg', 'jpg', 170150, 0, '2022/02/11/', NULL, NULL, 'dbb477590e5f379f0fa9de581b3086a3c7e32af9', 'public', 1, 'photos', '2022-02-11 11:18:00', '2022-02-11 11:18:00'),
       (619, 'f3e26e8b4949d7c9d4fff9f5601399975ffbe52d', 'DSC_5558.jpg', 'image/jpeg', 'jpg', 196127, 0, '2022/02/11/', NULL, NULL, '8dd13a823706ffb2a5637194de50869d7004e8e0', 'public', 1, 'photos', '2022-02-11 11:18:00', '2022-02-11 11:18:00'),
       (620, '204dbbd836d2837d5900b16a95f6cee4775f423c', 'DSC_3212oDSC_3212.jpg', 'image/jpeg', 'jpg', 84875, 0, '2022/02/11/', NULL, NULL, '95959223f4252d975a795a84d9d964393fcce5c7', 'public', 1, 'photos', '2022-02-11 11:18:26', '2022-02-11 11:18:26'),
       (621, '4fcca7280872646367e70b2b687be31af29b8c38', 'DSC_3226oDSC_3226.jpg', 'image/jpeg', 'jpg', 218560, 0, '2022/02/11/', NULL, NULL, '2a0d86e845d6e4e8262f5d9adb27d4d0e2299172', 'public', 1, 'photos', '2022-02-11 11:18:26', '2022-02-11 11:18:26'),
       (622, 'c1d675bed67576d383cd1193fd286c178229e355', 'DSC_3232oDSC_3232.jpg', 'image/jpeg', 'jpg', 143787, 0, '2022/02/11/', NULL, NULL, '588fd2e5004b9caeb2c3f355e3b22e38a73dbec8', 'public', 1, 'photos', '2022-02-11 11:18:26', '2022-02-11 11:18:26'),
       (623, 'd1d702d714163ce10629c5b5f1f4cdf9365a53f4', 'DSC_3246oDSC_3246.jpg', 'image/jpeg', 'jpg', 223701, 0, '2022/02/11/', NULL, NULL, 'a5dcd83f95368cfa71988cabeeb1e840315ede20', 'public', 1, 'photos', '2022-02-11 11:18:26', '2022-02-11 11:18:26'),
       (624, '171713a57f78405fdc3fe41e3f21302b87e0021e', 'DSC_3249oDSC_3249.jpg', 'image/jpeg', 'jpg', 280367, 0, '2022/02/11/', NULL, NULL, '7986061f066011bcd5fd86aa0ec256ef62d110fe', 'public', 1, 'photos', '2022-02-11 11:18:27', '2022-02-11 11:18:27'),
       (625, '324d0f43dcbdd02872a4c328cf3bbed818f4e1ac', 'DSC_3250oDSC_3250.jpg', 'image/jpeg', 'jpg', 165852, 0, '2022/02/11/', NULL, NULL, '9a5dd0b7620125c440bd39932ab15a60aa43a91f', 'public', 1, 'photos', '2022-02-11 11:18:27', '2022-02-11 11:18:27'),
       (626, '62ad54fdcefd83a06a47ab5fa0f75a074f856360', '59 (1).jpg', 'image/jpeg', 'jpg', 110913, 0, '2022/02/11/', NULL, NULL, '814c7023b89900a0b97a5374127dd57370e1a688', 'public', 1, 'photos', '2022-02-11 11:18:58', '2022-02-11 11:18:58'),
       (627, 'c86512e0034f9d03ddbcd605168d2575015d38aa', '59 (2).jpg', 'image/jpeg', 'jpg', 118191, 0, '2022/02/11/', NULL, NULL, '7fca18ae8aeb76d78572e8e35951bfdbd7de4962', 'public', 1, 'photos', '2022-02-11 11:18:58', '2022-02-11 11:18:58'),
       (628, 'c4fa2b7ef9d5b2d066016cc1efb9cc639e82b99f', '59 (3).jpg', 'image/jpeg', 'jpg', 111056, 0, '2022/02/11/', NULL, NULL, '9e6725cf4760bab23e0563dc29fe458adf4ccbc8', 'public', 1, 'photos', '2022-02-11 11:18:58', '2022-02-11 11:18:58'),
       (629, '77364b4fbfff0ab4e130e71c8c2e59f08cc38d2a', '59 (4).jpg', 'image/jpeg', 'jpg', 159095, 0, '2022/02/11/', NULL, NULL, '0df04b6bb01d08e3780b714f4b20bb9049152ee7', 'public', 1, 'photos', '2022-02-11 11:18:58', '2022-02-11 11:18:58'),
       (630, 'a54f6e4b5cf76242fcaaa70b9b89e64d1243dc00', 'DSC_2010.jpg', 'image/jpeg', 'jpg', 115828, 0, '2022/02/11/', NULL, NULL, '0f30dc8e5916524ea1a70d1d7c5506dae38a58a1', 'public', 1, 'photos', '2022-02-11 11:19:28', '2022-02-11 11:19:28'),
       (631, '18927f1651eae2ff1a57209a2314c158f928c5f4', 'DSC_2019.jpg', 'image/jpeg', 'jpg', 137690, 0, '2022/02/11/', NULL, NULL, '75a493c36a1f8ee341a3b4715a5207e2bb3147f7', 'public', 1, 'photos', '2022-02-11 11:19:28', '2022-02-11 11:19:28'),
       (632, '90c8cd37b7c1c13b581fdc4294c7ad892beb39f7', 'DSC_2024.jpg', 'image/jpeg', 'jpg', 281126, 0, '2022/02/11/', NULL, NULL, '0cd4572fd4a0689e5d5b25123ccfcd3f6c83f100', 'public', 1, 'photos', '2022-02-11 11:19:28', '2022-02-11 11:19:28'),
       (633, 'e9fabb15bdbedbd51c827e463fff7d3452ce3d29', 'DSC_2025.jpg', 'image/jpeg', 'jpg', 107586, 0, '2022/02/11/', NULL, NULL, 'aaeb2c1413fce58ed8cd2051d6e94200a646bb0d', 'public', 1, 'photos', '2022-02-11 11:19:28', '2022-02-11 11:19:28'),
       (634, '51bc0e8784a4eabb2869c8649967241deb1b9c91', 'DSC_2028.jpg', 'image/jpeg', 'jpg', 106510, 0, '2022/02/11/', NULL, NULL, '801d057eec5759c04f645230ae32281d4c4ea5d7', 'public', 1, 'photos', '2022-02-11 11:19:29', '2022-02-11 11:19:29'),
       (635, 'da868bace9fde8f34e7da8f317aa41edbbf6058b', 'DSC_2033.jpg', 'image/jpeg', 'jpg', 104164, 0, '2022/02/11/', NULL, NULL, 'a6b95d0e21b010bdfe7801de1c405ab863c0d7b1', 'public', 1, 'photos', '2022-02-11 11:19:29', '2022-02-11 11:19:29'),
       (636, '57080e1116c958e7dd00ca379a13dbd5d7ca9438', 'DSC_5186_.jpg', 'image/jpeg', 'jpg', 184996, 0, '2022/02/11/', NULL, NULL, 'af327d6bf74df58206a488617223c97caaad3e96', 'public', 1, 'photos', '2022-02-11 11:19:55', '2022-02-11 11:19:55'),
       (637, 'd9a1170749c861b16e40e76b00cb9ab9169934b6', 'DSC_5191_.jpg', 'image/jpeg', 'jpg', 237521, 0, '2022/02/11/', NULL, NULL, '0dadff0118fc79b44132c22eacf6a55594580ab0', 'public', 1, 'photos', '2022-02-11 11:19:55', '2022-02-11 11:19:55'),
       (638, '55951fe962360f802f990e57a7a59e265e29298a', 'DSC_5193_.jpg', 'image/jpeg', 'jpg', 244316, 0, '2022/02/11/', NULL, NULL, 'ceff51ef9c15e028068b62a723cbb2af1a4596cc', 'public', 1, 'photos', '2022-02-11 11:19:55', '2022-02-11 11:19:55'),
       (639, '84f5ba5fd64ca50cfb6564d0d8a3917e5f9509e6', '64 (1).jpg', 'image/jpeg', 'jpg', 265079, 0, '2022/02/11/', NULL, NULL, 'fc5038d269e834aeb8103569ef9b9e77cd4d7f1e', 'public', 1, 'photos', '2022-02-11 11:21:19', '2022-02-11 11:21:19'),
       (640, '2d7931797686ef7715e739b3859a3c77195477a8', '64 (2).jpg', 'image/jpeg', 'jpg', 260428, 0, '2022/02/11/', NULL, NULL, '5a232af0e38fbf8769ad5f4ac8e55d7ef1d4787c', 'public', 1, 'photos', '2022-02-11 11:21:19', '2022-02-11 11:21:19'),
       (641, '9693d1a4e96d9060253a4247b87ff115d69668ce', '64 (3).jpg', 'image/jpeg', 'jpg', 261356, 0, '2022/02/11/', NULL, NULL, '0581d008230cd4cc1b5d9510693c1846e81a8f6d', 'public', 1, 'photos', '2022-02-11 11:21:20', '2022-02-11 11:21:20'),
       (642, '2bc7108c4ffcfeda7d779135b7845c2c87883f4c', '64 (4).jpg', 'image/jpeg', 'jpg', 244086, 0, '2022/02/11/', NULL, NULL, 'f1f83342d5e914a92bbc00a01060e4a9776ec795', 'public', 1, 'photos', '2022-02-11 11:21:20', '2022-02-11 11:21:20'),
       (643, '66f61793e3ecec3b418ed3fce48e0e931638e8f5', '58 (1).jpg', 'image/jpeg', 'jpg', 129387, 0, '2022/02/11/', NULL, NULL, '12a453d7fbc50bfa28522ea937c4567d96b9fc14', 'public', 1, 'photos', '2022-02-11 11:21:44', '2022-02-11 11:21:44'),
       (644, 'a70cff7444fb4bb1ce9066f59482d2e04912823a', '58 (2).jpg', 'image/jpeg', 'jpg', 130343, 0, '2022/02/11/', NULL, NULL, 'cf143680fd726eb96095e913534bb633ae1b6167', 'public', 1, 'photos', '2022-02-11 11:21:44', '2022-02-11 11:21:44'),
       (645, 'e087d3d617052797812f93abb55116cf7cf855ed', 'DSC_5669.jpg', 'image/jpeg', 'jpg', 264182, 0, '2022/02/11/', NULL, NULL, 'd4075375d0c4699feaa3d4606b070ad3f3b93491', 'public', 1, 'photos', '2022-02-11 11:22:49', '2022-02-11 11:22:49'),
       (646, '8ea492ace4626b61266c6923b0ee6b47a98fac3c', 'DSC_5677.jpg', 'image/jpeg', 'jpg', 121276, 0, '2022/02/11/', NULL, NULL, '11860a41a93ab51bd2583712d733a39989d37066', 'public', 1, 'photos', '2022-02-11 11:22:49', '2022-02-11 11:22:49'),
       (647, '2a84d06c3fbd182397bcfa993b9995d5042ffad7', '1.jpg', 'image/jpeg', 'jpg', 207277, 0, '2022/02/14/', NULL, NULL, '6ab3be6eeeb76653a7d694518ea7e8f896eb166c', 'public', 1, 'photos', '2022-02-14 09:27:45', '2022-02-14 09:27:45'),
       (648, '2e9171276301c9f40ab089796b8894a61dd87e54', '2.jpg', 'image/jpeg', 'jpg', 234982, 0, '2022/02/14/', NULL, NULL, '3391facf3efb8ce64aed402c7b1bbc719e8ba73f', 'public', 1, 'photos', '2022-02-14 09:27:45', '2022-02-14 09:27:45'),
       (649, 'fac9ab9d59efc8ed6706873002d836fa5ac62e93', '3.jpg', 'image/jpeg', 'jpg', 208944, 0, '2022/02/14/', NULL, NULL, 'bda38eb8110d3936e8088e9bdc07f20e4e63c9ef', 'public', 1, 'photos', '2022-02-14 09:27:46', '2022-02-14 09:27:46'),
       (650, '32940bf3f827ee3d690bbaf853f4199af2cb5926', '4.jpg', 'image/jpeg', 'jpg', 312813, 0, '2022/02/14/', NULL, NULL, 'a6636c970bd4003817227a3cf5a0dcb3193704c9', 'public', 1, 'photos', '2022-02-14 09:27:46', '2022-02-14 09:27:46'),
       (651, '10196cb67e0aa279638858642e1f8288fa0c5855', '5.jpg', 'image/jpeg', 'jpg', 336753, 0, '2022/02/14/', NULL, NULL, '9bffe0a3394c527687b4d947ef0d7029ea5582a1', 'public', 1, 'photos', '2022-02-14 09:27:46', '2022-02-14 09:27:46'),
       (652, '0c57b9eadad524dc2f7ee279b9dc5961d42e83bf', '6.jpg', 'image/jpeg', 'jpg', 164895, 0, '2022/02/14/', NULL, NULL, 'e9883931644357b9e9d0a444dd594bf827cf62dc', 'public', 1, 'photos', '2022-02-14 09:27:46', '2022-02-14 09:27:46'),
       (653, 'a5345d24fa0c565f69071818afc46e512bbe03aa', '7.jpg', 'image/jpeg', 'jpg', 136910, 0, '2022/02/14/', NULL, NULL, '70069a541d5bfdf16d89f2f320881ffd5963cf1a', 'public', 1, 'photos', '2022-02-14 09:27:47', '2022-02-14 09:27:47'),
       (654, '15d543c97d676af0a9cfc9815f02b98e7d5456db', '8.jpg', 'image/jpeg', 'jpg', 219787, 0, '2022/02/14/', NULL, NULL, '4594e89bed203c1beaea0ba3d06d0ce4d230d12e', 'public', 1, 'photos', '2022-02-14 09:27:47', '2022-02-14 09:27:47'),
       (655, '8af67edce197ebf35cb480068e0251e4d9c4f67d', '9.jpg', 'image/jpeg', 'jpg', 148180, 0, '2022/02/14/', NULL, NULL, 'da64a693cdeb45be76b11498c0bab124e88a571e', 'public', 1, 'photos', '2022-02-14 09:27:47', '2022-02-14 09:27:47'),
       (656, '2a3eca1126a12ce167cba7d6f89d85031e6a7a8d', '10.jpg', 'image/jpeg', 'jpg', 154281, 0, '2022/02/14/', NULL, NULL, '14304b6b689290ed467950e694b71d129c7c5359', 'public', 1, 'photos', '2022-02-14 09:27:47', '2022-02-14 09:27:47'),
       (657, '227a6d0eeca468a71f03ca0adc81d36d535bbb3d', '11.jpg', 'image/jpeg', 'jpg', 198067, 0, '2022/02/14/', NULL, NULL, '6b4a37d51aff90790ae96bf7c27fce54a1eeffbf', 'public', 1, 'photos', '2022-02-14 09:27:47', '2022-02-14 09:27:47'),
       (658, '562d0fdc80b3f1efe1497996a6681621136f1937', '12.jpg', 'image/jpeg', 'jpg', 141997, 0, '2022/02/14/', NULL, NULL, '34dd8a297c6a40dee127df4531de0533fd8d5e7b', 'public', 1, 'photos', '2022-02-14 09:27:47', '2022-02-14 09:27:47'),
       (659, '25790f5f6884e5d2d38778bf8e2b333044e35a69', '13.jpg', 'image/jpeg', 'jpg', 159919, 0, '2022/02/14/', NULL, NULL, 'c93fd6ee635299e3f3da9631ca542ca643922098', 'public', 1, 'photos', '2022-02-14 09:27:47', '2022-02-14 09:27:47'),
       (660, 'f7cd332567a3fdc35b795619907174f083318a16', '14.jpg', 'image/jpeg', 'jpg', 214776, 0, '2022/02/14/', NULL, NULL, '011a7fb730b5f3883a819ea3e531277118d388fa', 'public', 1, 'photos', '2022-02-14 09:27:47', '2022-02-14 09:27:47'),
       (661, 'c150e9c21b71e0386fbaf3a5f3ad91a0bc4513c8', '15.jpg', 'image/jpeg', 'jpg', 159806, 0, '2022/02/14/', NULL, NULL, '5eac2dcf79fcbdacc5516932d179afe710296304', 'public', 1, 'photos', '2022-02-14 09:27:48', '2022-02-14 09:27:48'),
       (662, '3e0e461bfc810f12b64ec5fbd0787d1bcd277890', '16.jpg', 'image/jpeg', 'jpg', 201937, 0, '2022/02/14/', NULL, NULL, 'd6cafeb1fc5fa9567c97b582e22c6288cdf27a8a', 'public', 1, 'photos', '2022-02-14 09:27:48', '2022-02-14 09:27:48'),
       (663, 'ac90f492cecc97b492460a1f30717f3f606e60a4', '17.jpg', 'image/jpeg', 'jpg', 194321, 0, '2022/02/14/', NULL, NULL, '1027c576f2bb67da500a11a52e911452341fc6fb', 'public', 1, 'photos', '2022-02-14 09:27:48', '2022-02-14 09:27:48'),
       (664, 'dd0d20d05633d79216c908b07ecb7bbe11cacafd', '18.jpg', 'image/jpeg', 'jpg', 300974, 0, '2022/02/14/', NULL, NULL, '2fc21763b6cb4fa982d67dd1bc88d7135776e668', 'public', 1, 'photos', '2022-02-14 09:27:48', '2022-02-14 09:27:48'),
       (665, '2fd0f3684508b2eac9aceb3706c40d455b84371a', '19.jpg', 'image/jpeg', 'jpg', 303255, 0, '2022/02/14/', NULL, NULL, '013c8d4ec78216757fa3877cc7b2a2e454440d66', 'public', 1, 'photos', '2022-02-14 09:27:48', '2022-02-14 09:27:48'),
       (666, '4a40d93a61cc71a723e2027a15dae17b6f50d461', '20.jpg', 'image/jpeg', 'jpg', 231729, 0, '2022/02/14/', NULL, NULL, '8f22e260a0733b944e59a3e54ba550254b912846', 'public', 1, 'photos', '2022-02-14 09:27:48', '2022-02-14 09:27:48'),
       (667, '1bfd05d4fd9851a303bb39709d1613cc9a8105ea', '21.jpg', 'image/jpeg', 'jpg', 206320, 0, '2022/02/14/', NULL, NULL, '737df47af45f340239cd0568172ce25b553c5371', 'public', 1, 'photos', '2022-02-14 09:27:48', '2022-02-14 09:27:48'),
       (668, '6fb23d8c972e88b41414ae5c2df867fb1d7da12d', '22.jpg', 'image/jpeg', 'jpg', 184231, 0, '2022/02/14/', NULL, NULL, 'e48bfbd8af5329b11e5d6493a03b45109bcb2b0f', 'public', 1, 'photos', '2022-02-14 09:27:48', '2022-02-14 09:27:48'),
       (669, 'a685f8cd7c543189ce7356c9e6be8e102e132477', '23.jpg', 'image/jpeg', 'jpg', 184469, 0, '2022/02/14/', NULL, NULL, '211fd719ed82476e176bc59610800d0c01b87266', 'public', 1, 'photos', '2022-02-14 09:27:49', '2022-02-14 09:27:49'),
       (670, 'f53226d796e82388135352ac9e317460037ca73b', '24.jpg', 'image/jpeg', 'jpg', 185909, 0, '2022/02/14/', NULL, NULL, '44a3bceedae4efa2bbe0ab8394aa6ec5cf5888e3', 'public', 1, 'photos', '2022-02-14 09:27:49', '2022-02-14 09:27:49'),
       (671, '5f6d5736e46048cee8e00fe4243373011dba9cfb', '25.jpg', 'image/jpeg', 'jpg', 158952, 0, '2022/02/14/', NULL, NULL, 'c4439109bd20d670354b8d710b67e4cc14acb28a', 'public', 1, 'photos', '2022-02-14 09:27:49', '2022-02-14 09:27:49'),
       (672, 'd2591a86717c51e715b4173472741a12766efc4c', '1-1.jpg', 'image/jpeg', 'jpg', 228558, 0, '2022/02/15/', NULL, NULL, 'e10a0d18645e383a127669b40d7d66793233179a', 'public', 1, 'photos', '2022-02-15 11:39:51', '2022-02-15 11:39:51'),
       (673, 'e7976e406e164f1d16b17ccda61057cdde153eb8', '2-1.jpg', 'image/jpeg', 'jpg', 156446, 0, '2022/02/15/', NULL, NULL, '1a3e9515f220f0c97242bd1281acd86aa998f15f', 'public', 1, 'photos', '2022-02-15 11:39:51', '2022-02-15 11:39:51'),
       (674, 'e3a062a33d007350a1f9d134f564b50e8a6daabe', '3-1.jpg', 'image/jpeg', 'jpg', 159368, 0, '2022/02/15/', NULL, NULL, '354a8d7d6b102a4399a219488b0ae0dbd71be8eb', 'public', 1, 'photos', '2022-02-15 11:39:51', '2022-02-15 11:39:51'),
       (675, '583395b6c1fe1e5da43701659378aeecfcccc789', '4-1.jpg', 'image/jpeg', 'jpg', 154793, 0, '2022/02/15/', NULL, NULL, 'bce84e106fb86ed4e1960ce424878bd1f9e5f96c', 'public', 1, 'photos', '2022-02-15 11:39:51', '2022-02-15 11:39:51'),
       (676, '7391c96f3c9ebe00d134f50f4a7e71af6e1344d1', '5-1.jpg', 'image/jpeg', 'jpg', 136199, 0, '2022/02/15/', NULL, NULL, '685be7b4a0e3ecf8e4ac67a03a1ec712e7b72018', 'public', 1, 'photos', '2022-02-15 11:39:52', '2022-02-15 11:39:52'),
       (677, 'ae6942f01f46c4c9e7fead24ecc60e446ef36ed7', '6-1.jpg', 'image/jpeg', 'jpg', 157540, 0, '2022/02/15/', NULL, NULL, '0639c2577b3ce766fae55e68e875ab0533ed88c6', 'public', 1, 'photos', '2022-02-15 11:39:52', '2022-02-15 11:39:52'),
       (678, '0074c293058939c9cc1789b9288fce7e51c659b9', '7-1.jpg', 'image/jpeg', 'jpg', 177474, 0, '2022/02/15/', NULL, NULL, '3d9aa195816b4cbfc345c2256f0f0d524142e071', 'public', 1, 'photos', '2022-02-15 11:39:52', '2022-02-15 11:39:52'),
       (679, 'f0ecb94cdf994b6b2e10d9f9b7746f7ba5b282cb', '8-1.jpg', 'image/jpeg', 'jpg', 113131, 0, '2022/02/15/', NULL, NULL, '473be837d67112e57022fd9d1e57ca7fe87de406', 'public', 1, 'photos', '2022-02-15 11:39:52', '2022-02-15 11:39:52'),
       (680, '534fd9496b21c3125fead5dd58de31d8f393d032', '9-1.jpg', 'image/jpeg', 'jpg', 125410, 0, '2022/02/15/', NULL, NULL, '49a5968ad887a21a549fac4112fdbba8e2371b1e', 'public', 1, 'photos', '2022-02-15 11:39:52', '2022-02-15 11:39:52'),
       (685, 'cf499f75b6221d5cb47e0af3860d750a155e8e24', 'services-image-3.png', 'image/png', 'png', 132269, 0, '2022/03/01/', NULL, NULL, '65ba42a735c708afa8971e071715623a4a6ab21f', 'public', 1, 'photos', '2022-03-01 05:24:48', '2022-03-01 05:24:48'),
       (686, 'a7b29457c7f92aaf967892e2e29c2bc84870c392', 'photo_2022-03-17_12-02-34.jpg', 'image/jpeg', 'jpg', 93164, 3, '2022/03/17/', NULL, NULL, '10ef1ec646834d8316f9743fe44f35f65522d6e9', 'public', 1, 'photos', '2022-03-17 06:35:42', '2022-04-15 08:25:09'),
       (687, '2a23bcae1b85d509d15f89b5309fe88efd850a0b', 'photo_2022-03-17_12-02-43.jpg', 'image/jpeg', 'jpg', 89391, 0, '2022/03/17/', NULL, NULL, '2f443c4f0a24ee606e7b3e519e7ac2528e1d6717', 'public', 1, 'photos', '2022-03-17 06:35:42', '2022-03-17 06:35:42'),
       (688, '50a2ef9651636d1e070c86cf750dec169ef5160f', 'photo_2022-03-17_12-02-46.jpg', 'image/jpeg', 'jpg', 84322, 1, '2022/03/17/', NULL, NULL, '0dc4a9d81b6d76ea3ae8b6d750715a90d65bc02f', 'public', 1, 'photos', '2022-03-17 06:35:42', '2022-04-15 08:25:08'),
       (689, 'bb18f98c905c0a4b68f267279ed304c8734697f3', 'photo_2022-03-17_12-02-48.jpg', 'image/jpeg', 'jpg', 99336, 2, '2022/03/17/', NULL, NULL, 'b3becf873dd6d10556770b3e5350b2657f91e6bb', 'public', 1, 'photos', '2022-03-17 06:35:42', '2022-04-15 08:25:09'),
       (690, '846fefd242771932c5620b139ef0afbd2e0ad595', 'photo_2022-03-17_12-02-50.jpg', 'image/jpeg', 'jpg', 119689, 4, '2022/03/17/', NULL, NULL, '32eafea2f3cab789c55c4fa564ec9b9a0a6905f4', 'public', 1, 'photos', '2022-03-17 06:35:42', '2022-04-15 08:25:07'),
       (691, '303054ca89a36acbfdced71ae2c9bfd927166b8f', 'photo_2022-03-17_12-08-50.jpg', 'image/jpeg', 'jpg', 105509, 0, '2022/03/17/', NULL, NULL, '7c62bd5ae1452567a9a0052e2e93be5982a2bde5', 'public', 1, 'photos', '2022-03-17 06:44:02', '2022-03-17 06:44:02'),
       (692, 'df0ab95224759a567ebb1de4190844b181bf6069', 'photo_2022-03-17_12-08-57.jpg', 'image/jpeg', 'jpg', 110336, 0, '2022/03/17/', NULL, NULL, '3402eb105859818d856222f49713615ef6c80b9a', 'public', 1, 'photos', '2022-03-17 06:44:02', '2022-03-17 06:44:02'),
       (693, '90d9e79ddc92296b89e07fb3922180b0f0aae493', 'photo_2022-03-17_12-08-59.jpg', 'image/jpeg', 'jpg', 85167, 0, '2022/03/17/', NULL, NULL, 'a37ba6797147ff89bbdac1f2f08d3709c4f8c9aa', 'public', 1, 'photos', '2022-03-17 06:44:03', '2022-03-17 06:44:03'),
       (694, '6bc1ed7331a49358e8408e9b8c7ebfc9c53b3bbb', 'photo_2022-03-17_12-09-01.jpg', 'image/jpeg', 'jpg', 100842, 0, '2022/03/17/', NULL, NULL, '64103c10fc19daf695ce3da1fda71d8ca34a4005', 'public', 1, 'photos', '2022-03-17 06:44:04', '2022-03-17 06:44:04'),
       (695, '35a1c31b6ba942abb0f1d017a74ccb80c7f63c31', 'photo_2022-03-17_12-09-03.jpg', 'image/jpeg', 'jpg', 115101, 0, '2022/03/17/', NULL, NULL, 'bb4cca26cb5a13024255c9af0d3c19cc9a59a954', 'public', 1, 'photos', '2022-03-17 06:44:04', '2022-03-17 06:44:04'),
       (696, 'fe585c2c5d9ca7aad7c48bc3642ac9fce89b3041', 'photo_2022-03-17_12-09-05.jpg', 'image/jpeg', 'jpg', 129239, 0, '2022/03/17/', NULL, NULL, 'c2e00519d21f00cad6b79a117ae65a38eb605327', 'public', 1, 'photos', '2022-03-17 06:44:04', '2022-03-17 06:44:04'),
       (697, 'bb9771460dfe82cb482b0d0c03861f55d4cf6bde', 'photo_2022-03-17_12-09-08.jpg', 'image/jpeg', 'jpg', 109902, 0, '2022/03/17/', NULL, NULL, 'a266c3197da2ea230afcf90feec074b57931d983', 'public', 1, 'photos', '2022-03-17 06:44:04', '2022-03-17 06:44:04'),
       (698, '8692a4567e8faa4f634139bd519d00968edfe18c', 'photo_2022-03-17_12-09-10.jpg', 'image/jpeg', 'jpg', 116893, 0, '2022/03/17/', NULL, NULL, '6b36618c05048ccd24d955b539ec18352a335106', 'public', 1, 'photos', '2022-03-17 06:44:04', '2022-03-17 06:44:04'),
       (699, 'eaae371612b5f56666593222a03d50d5703dcbaa', 'photo_2022-03-17_12-08-19.jpg', 'image/jpeg', 'jpg', 150685, 0, '2022/03/17/', NULL, NULL, '4c24a0b9ef26818417cd5b646395a8f6cca55160', 'public', 1, 'photos', '2022-03-17 06:44:52', '2022-03-17 06:44:52'),
       (700, '42b52e379596139fcf6061ab00d0843b3f558d60', 'photo_2022-03-17_12-08-26.jpg', 'image/jpeg', 'jpg', 111532, 0, '2022/03/17/', NULL, NULL, '16e062afc93d7fb7fc8378f50872999b4558cd29', 'public', 1, 'photos', '2022-03-17 06:44:52', '2022-03-17 06:44:52'),
       (701, '59d6cc6c1adbc257cc9625cf4c6a0f65867b1c96', 'photo_2022-03-17_12-08-28.jpg', 'image/jpeg', 'jpg', 105187, 0, '2022/03/17/', NULL, NULL, '5294d271705f21aa25bc3317bd46ce6ecc8cd8a9', 'public', 1, 'photos', '2022-03-17 06:44:53', '2022-03-17 06:44:53'),
       (702, '5cc0dfd6f9059a2923367f0f06a09e11be429583', 'photo_2022-03-17_12-08-30.jpg', 'image/jpeg', 'jpg', 119149, 0, '2022/03/17/', NULL, NULL, 'ba1a8216996c6dae02c4bfc2d1b9ccb927fdc911', 'public', 1, 'photos', '2022-03-17 06:44:53', '2022-03-17 06:44:53'),
       (703, '7d1a402a96df6354fdf8371cba93ab83c83c7bdc', 'photo_2022-03-17_12-08-33.jpg', 'image/jpeg', 'jpg', 99931, 0, '2022/03/17/', NULL, NULL, 'e9aee5b6e76161dd17a47c6d5b7fd3b0eaa4cb4e', 'public', 1, 'photos', '2022-03-17 06:44:53', '2022-03-17 06:44:53'),
       (704, '966e197e983436dbe821bed0e4d3e2750ed39302', 'photo_2022-03-17_12-08-35.jpg', 'image/jpeg', 'jpg', 94629, 0, '2022/03/17/', NULL, NULL, '6cd705b13eefd3ea512bc92ad3ad30c61070ad33', 'public', 1, 'photos', '2022-03-17 06:44:53', '2022-03-17 06:44:53'),
       (705, '1e730e5505bee59709d64e52427b087d8823cfce', 'photo_2022-03-17_12-07-43.jpg', 'image/jpeg', 'jpg', 110305, 0, '2022/03/17/', NULL, NULL, 'd6e487463f54976ab3b5a08412334858f063c91f', 'public', 1, 'photos', '2022-03-17 06:46:59', '2022-03-17 06:46:59'),
       (706, 'd959d450ec3c5a1e72dad7ad7938fda449457a07', 'photo_2022-03-17_12-07-49.jpg', 'image/jpeg', 'jpg', 116800, 0, '2022/03/17/', NULL, NULL, '01f4864328d551622b12fb557280b7d76d7d7742', 'public', 1, 'photos', '2022-03-17 06:46:59', '2022-03-17 06:46:59'),
       (707, '4cbc6323b73c3961221559ba943f55b013e0a08e', 'photo_2022-03-17_12-07-52.jpg', 'image/jpeg', 'jpg', 104480, 0, '2022/03/17/', NULL, NULL, 'c2f321182e1f0afc335bc551cd2246a3eb1b779c', 'public', 1, 'photos', '2022-03-17 06:46:59', '2022-03-17 06:46:59'),
       (708, 'ee1377ab5a08b604977911930d51ea82d22f5678', 'photo_2022-03-17_12-07-54.jpg', 'image/jpeg', 'jpg', 95958, 0, '2022/03/17/', NULL, NULL, '8cba89c515fc567a76c0a5f4efcca5ae90678758', 'public', 1, 'photos', '2022-03-17 06:46:59', '2022-03-17 06:46:59'),
       (709, 'c9ef6c3537de3507370fefbae5636a498a3a75cd', 'photo_2022-03-17_12-07-56.jpg', 'image/jpeg', 'jpg', 93090, 0, '2022/03/17/', NULL, NULL, '6391edbd955be94b400850a658d70b163e07db4c', 'public', 1, 'photos', '2022-03-17 06:46:59', '2022-03-17 06:46:59'),
       (710, '576ead7b2df2087cf94c937b652fe0e3e66e733c', 'photo_2022-03-17_12-07-58.jpg', 'image/jpeg', 'jpg', 124954, 0, '2022/03/17/', NULL, NULL, '1f6f298d3ec702bd9480ba2d975efaa565738aac', 'public', 1, 'photos', '2022-03-17 06:46:59', '2022-03-17 06:46:59'),
       (711, '176c83f557f2c147f4d8f3a259274be674507501', 'photo_2022-03-17_12-09-24.jpg', 'image/jpeg', 'jpg', 95763, 0, '2022/03/17/', NULL, NULL, '452ff7c140d3a08f3767dcc1faa89aff0fee01d0', 'public', 1, 'photos', '2022-03-17 06:47:52', '2022-03-17 06:47:52'),
       (712, 'baf58c87756a2a5db6bb4c91e7389bf3524e57a5', 'photo_2022-03-17_12-09-30.jpg', 'image/jpeg', 'jpg', 85825, 0, '2022/03/17/', NULL, NULL, '9ad67331ddf11c6d4eb2e2ad8fdd220c5b5bef67', 'public', 1, 'photos', '2022-03-17 06:47:52', '2022-03-17 06:47:52'),
       (713, '4dfbe13a324bdf52d7522b40501dbd55e11b646f', 'photo_2022-03-17_12-09-33.jpg', 'image/jpeg', 'jpg', 96908, 0, '2022/03/17/', NULL, NULL, '1fb9e3632f1c24a42265bd86c5c6bbdf90d6b6c3', 'public', 1, 'photos', '2022-03-17 06:47:53', '2022-03-17 06:47:53'),
       (714, 'a8db82b98d4414478e6a3b330e44bc4b2f38972e', 'photo_2022-03-17_12-09-35.jpg', 'image/jpeg', 'jpg', 77707, 0, '2022/03/17/', NULL, NULL, '266a41b436b3520696a41194255f0662aa63da41', 'public', 1, 'photos', '2022-03-17 06:47:53', '2022-03-17 06:47:53'),
       (715, '5a8b92c91e9212bbdc13ef6f073976d91e8168e3', 'photo_2022-03-17_12-09-38.jpg', 'image/jpeg', 'jpg', 87790, 0, '2022/03/17/', NULL, NULL, 'd1e5d473da0d870ceafdc063eec8da4040c0b3ce', 'public', 1, 'photos', '2022-03-17 06:47:53', '2022-03-17 06:47:53'),
       (716, '22464a931e3c0dfb0c943cd505bde85631eead47', 'photo_2022-03-17_12-09-40.jpg', 'image/jpeg', 'jpg', 104206, 0, '2022/03/17/', NULL, NULL, '7d1bda919e186ff8855303110f92a3363ca463ec', 'public', 1, 'photos', '2022-03-17 06:47:53', '2022-03-17 06:47:53'),
       (717, '0e7bedd0a459f5d112a7670ba12d7f7fca9a2e82', 'photo_2022-03-17_12-09-42.jpg', 'image/jpeg', 'jpg', 91312, 0, '2022/03/17/', NULL, NULL, 'c6c38c180b723fb3052ffbc1cfc23ebbcbd432bb', 'public', 1, 'photos', '2022-03-17 06:47:53', '2022-03-17 06:47:53'),
       (718, 'a97463ac9c1e7c9ed5b8db8d04173cd3ec34c73b', 'photo_2022-03-17_12-03-57.jpg', 'image/jpeg', 'jpg', 113628, 0, '2022/03/17/', NULL, NULL, 'a87ce2b4938717c05636c6e8e7516d37c7ceb0db', 'public', 1, 'photos', '2022-03-17 06:49:52', '2022-03-17 06:49:52'),
       (719, 'fa8363fceb7f8b278dd1661b3c5fc3df8286a76f', 'photo_2022-03-17_12-04-05.jpg', 'image/jpeg', 'jpg', 118784, 0, '2022/03/17/', NULL, NULL, '3da8c88cb4ae40f297f90e2a09a46ad53584ba4c', 'public', 1, 'photos', '2022-03-17 06:49:52', '2022-03-17 06:49:52'),
       (720, '75e0dba704a1a3359d1bbd081eaf1064b8c80d11', 'photo_2022-03-17_12-04-07.jpg', 'image/jpeg', 'jpg', 145993, 0, '2022/03/17/', NULL, NULL, '859239bfac0f09993829d5132e6b7d557ed36e6b', 'public', 1, 'photos', '2022-03-17 06:49:52', '2022-03-17 06:49:52'),
       (721, '717bda544bca2ca741f99e9fb2693ad0f87ea59e', 'photo_2022-03-17_12-04-09.jpg', 'image/jpeg', 'jpg', 134337, 0, '2022/03/17/', NULL, NULL, '503a564f20bc6794950c87e26d39d88b07c319fe', 'public', 1, 'photos', '2022-03-17 06:49:52', '2022-03-17 06:49:52'),
       (722, 'db7f4ff448565ab4d60da7202ae897bfd362dc53', 'photo_2022-03-17_12-04-12.jpg', 'image/jpeg', 'jpg', 129883, 0, '2022/03/17/', NULL, NULL, '0b74904b86201686c5113f5f0b0ad44d06599a78', 'public', 1, 'photos', '2022-03-17 06:49:52', '2022-03-17 06:49:52'),
       (723, '1cacc01f551717b77b696b47dd88d1c11151459e', 'photo_2022-03-17_12-04-14.jpg', 'image/jpeg', 'jpg', 102680, 0, '2022/03/17/', NULL, NULL, 'd65a2391cb663ced6832be91b8ef7e8a8c22223a', 'public', 1, 'photos', '2022-03-17 06:49:52', '2022-03-17 06:49:52'),
       (724, 'f82395efb7b752bcf87d296559117bcea8676b4b', 'photo_2022-03-17_12-06-36.jpg', 'image/jpeg', 'jpg', 133406, 0, '2022/03/17/', NULL, NULL, '704ba3bf73a9c367e5224eeef5bbe6dfabd48191', 'public', 1, 'photos', '2022-03-17 06:57:01', '2022-03-17 06:57:01'),
       (725, 'cf8b3c80d50771110c0e414bf638a0c30545d49c', 'photo_2022-03-17_12-06-44.jpg', 'image/jpeg', 'jpg', 96823, 0, '2022/03/17/', NULL, NULL, '44a175556711a69cba12942d4a38b32715855428', 'public', 1, 'photos', '2022-03-17 06:57:01', '2022-03-17 06:57:01'),
       (726, 'fa27d92cdedfcd1240a093d5421d04e41fbc524b', 'photo_2022-03-17_12-06-46.jpg', 'image/jpeg', 'jpg', 118236, 0, '2022/03/17/', NULL, NULL, '915451c4134ccdbdbfb28325cba23b8759568de3', 'public', 1, 'photos', '2022-03-17 06:57:01', '2022-03-17 06:57:01'),
       (727, '707ec3b7af3d7edebe46604fffb33cca9cd5e200', 'photo_2022-03-17_12-06-48.jpg', 'image/jpeg', 'jpg', 110121, 0, '2022/03/17/', NULL, NULL, '9c891f5388dd44ef4ee864f96f65816bfbeed4de', 'public', 1, 'photos', '2022-03-17 06:57:01', '2022-03-17 06:57:01'),
       (728, '660b8e6fabdd036a51013a3f9e5743b07098af1f', 'photo_2022-03-17_12-06-50.jpg', 'image/jpeg', 'jpg', 94187, 0, '2022/03/17/', NULL, NULL, '478afa0554276857e3ac07c5d770b3ad2d9b4297', 'public', 1, 'photos', '2022-03-17 06:57:01', '2022-03-17 06:57:01'),
       (729, '46701f43d619072432eea9baef0c59a1086237fe', 'photo_2022-03-17_12-03-33.jpg', 'image/jpeg', 'jpg', 127760, 0, '2022/03/17/', NULL, NULL, 'b057b01fab7fccb5e34a6e62f0c27a0149844180', 'public', 1, 'photos', '2022-03-17 06:59:00', '2022-03-17 06:59:00'),
       (730, 'f0dd0994f53a564664b239ba64cfea387e55fab0', 'photo_2022-03-17_12-03-41.jpg', 'image/jpeg', 'jpg', 152208, 0, '2022/03/17/', NULL, NULL, '963c8c18680b03a940e112a669bb7b6f6497dad6', 'public', 1, 'photos', '2022-03-17 06:59:00', '2022-03-17 06:59:00'),
       (731, 'cd9538bb4cb16515370e8f2577597d6bb690ba92', 'photo_2022-03-17_12-03-44.jpg', 'image/jpeg', 'jpg', 74501, 0, '2022/03/17/', NULL, NULL, '250e3bf30574e91ca8703a51c6edd9eded24e593', 'public', 1, 'photos', '2022-03-17 06:59:00', '2022-03-17 06:59:00'),
       (732, 'b3f178c4f895953616683b455569ca5a1ff2aade', 'photo_2022-03-17_12-03-45.jpg', 'image/jpeg', 'jpg', 95970, 0, '2022/03/17/', NULL, NULL, 'b876390796ad4001cd4e469886a464e76f1fc889', 'public', 1, 'photos', '2022-03-17 06:59:00', '2022-03-17 06:59:00'),
       (733, 'f33e4d285c27a218ce4e3ede7ce1804e29f1b6c4', 'photo_2022-03-17_12-07-04.jpg', 'image/jpeg', 'jpg', 118964, 0, '2022/03/17/', NULL, NULL, '44bd125791c4d145b49fc0bffdb2997ea6ff2d12', 'public', 1, 'photos', '2022-03-17 06:59:42', '2022-03-17 06:59:42'),
       (734, '097cb9c77c69189b5fac023ef38839846dde07fe', 'photo_2022-03-17_12-07-12.jpg', 'image/jpeg', 'jpg', 89363, 0, '2022/03/17/', NULL, NULL, '451678f72b3eb8b788360acdf30154ea3b3049f0', 'public', 1, 'photos', '2022-03-17 06:59:42', '2022-03-17 06:59:42'),
       (735, '1a82705204eb86de66dc338c1259d558d8c783d7', 'photo_2022-03-17_12-07-15.jpg', 'image/jpeg', 'jpg', 101083, 0, '2022/03/17/', NULL, NULL, '2760d606c2b2f43d740c24318ee33a3d35476e6f', 'public', 1, 'photos', '2022-03-17 06:59:42', '2022-03-17 06:59:42'),
       (736, '71ae9b7b9e8b848f27d0804058dfebb67e5e6661', 'photo_2022-03-17_12-07-17.jpg', 'image/jpeg', 'jpg', 157806, 0, '2022/03/17/', NULL, NULL, '6f6d0e52fac095a63b5e2f898321ada4dec2c140', 'public', 1, 'photos', '2022-03-17 06:59:42', '2022-03-17 06:59:42'),
       (737, '5562d29bc2b2b4d8411959fa9ebf1af711346a24', 'photo_2022-03-17_12-07-19.jpg', 'image/jpeg', 'jpg', 98952, 0, '2022/03/17/', NULL, NULL, '8a1533858fa05d44a4160c31eb16d711788d99ee', 'public', 1, 'photos', '2022-03-17 06:59:42', '2022-03-17 06:59:42'),
       (738, '49c609f8fe2cf4687f1ab98a3007e95ea45c2cd4', 'photo_2022-03-17_12-07-21.jpg', 'image/jpeg', 'jpg', 120642, 0, '2022/03/17/', NULL, NULL, 'b12c60bb949cad7ccd8d2e20249c418e64d88b87', 'public', 1, 'photos', '2022-03-17 06:59:42', '2022-03-17 06:59:42'),
       (739, 'fb6f10c98d7f316137374fd08c6b049d09fb57e5', 'photo_2022-03-17_12-07-23.jpg', 'image/jpeg', 'jpg', 119729, 0, '2022/03/17/', NULL, NULL, '95e3fc9bb78549e038ab80ce5f5a283b1db49641', 'public', 1, 'photos', '2022-03-17 06:59:42', '2022-03-17 06:59:42'),
       (741, 'f39b0803b390e63c9f50fa9db1d38dd1b74ff3f0', 'services-image-6.png', 'image/png', 'png', 106067, 0, '2022/03/21/', NULL, NULL, '53620c493626a086891d4dbac3159cb0fce62b61', 'public', 1, 'photos', '2022-03-21 10:21:38', '2022-03-21 10:21:38'),
       (742, '0d37d7485b43c0ffb63623339c8f429d13266c56', '6a7a9a529610f0a57b64368ea12bf790.jpeg', 'image/jpeg', 'jpeg', 268200, 0, '2022/03/21/', NULL, NULL, '6eee4145985d652e3da587d2dab3dc29af956f03', 'public', 1, 'photos', '2022-03-21 10:57:55', '2022-03-21 10:57:55'),
       (743, 'f67eb2a89a2e248f30dbd3f7472b0fbdc65073ef', 'Детский праздник.jpg', 'image/jpeg', 'jpg', 172316, 0, '2022/03/21/', NULL, NULL, 'a3408a94eb7af75b6149acfa613e7b2894d67d30', 'public', 1, 'photos', '2022-03-21 10:59:45', '2022-03-21 10:59:45'),
       (744, 'bdce5fd78837bc5e76e2c06dd9e30b312d402090', 'Велком-зона.jpg', 'image/jpeg', 'jpg', 210998, 0, '2022/03/21/', NULL, NULL, '4f9f49c1f4c9c1eeee7072383912d4b542e1e99b', 'public', 1, 'photos', '2022-03-21 11:00:19', '2022-03-21 11:00:19'),
       (745, 'f972a4bff09137733c55906f9f33d4a6746c8f4e', 'Свадьба в стиле фуршета.jpg', 'image/jpeg', 'jpg', 88367, 0, '2022/03/21/', NULL, NULL, '647587fd6833b0a5eb18ff5b64db5ea6c9adc0ad', 'public', 1, 'photos', '2022-03-21 11:01:23', '2022-03-21 11:01:23'),
       (746, 'cfcaf0cce6a6d75f75ac7beba42058f8939529ff', 'Свадебный кейтеринг.jpg', 'image/jpeg', 'jpg', 69399, 0, '2022/03/21/', NULL, NULL, 'b012b0fea9c60da6f56ace4e4b6d1cf1bbf35400', 'public', 1, 'photos', '2022-03-21 11:01:56', '2022-03-21 11:01:56'),
       (747, '6ea654e521d94a4a8c9311f5fdfe79c073e6e47e', 'Гала-ужин.jpg', 'image/jpeg', 'jpg', 213469, 0, '2022/03/21/', NULL, NULL, '2f83bdd84695ed2619971e0289d6a7d9b4f21c3a', 'public', 1, 'photos', '2022-03-21 11:02:34', '2022-03-21 11:02:34'),
       (748, '116bc450f45f7334864b354eac61555c78c89edc', 'Барбекю пати.jpg', 'image/jpeg', 'jpg', 93999, 0, '2022/03/21/', NULL, NULL, '9be28c61528f3fc504f60940b0375236c8db63cb', 'public', 1, 'photos', '2022-03-21 11:03:30', '2022-03-21 11:03:30'),
       (749, 'c1de5822cefc42bb06e5d91b6601fe17ffc0f2df', 'Организация под ключ.jpg', 'image/jpeg', 'jpg', 69357, 0, '2022/03/21/', NULL, NULL, '9994f34ffe97f62f9e3d3663fd3727fb1de43739', 'public', 1, 'photos', '2022-03-21 11:05:33', '2022-03-21 11:05:33'),
       (760, 'b197b81515d91a771bc0b81336fa757d652757fc', 'services-image-6.png', 'image/png', 'png', 111614, 0, '2022/04/13/', NULL, NULL, '6febd4f9175a908a5943f299c7461a588a66f7b4', 'public', 1, 'photos', '2022-04-13 08:04:49', '2022-04-13 08:04:49'),
       (770, 'b24c56c9fffb8762e3ea4b4c4ee4af46add055d2', 'services-image-9.png', 'image/png', 'png', 233631, 0, '2022/04/15/', NULL, NULL, '1c6688facd2575aabe65b519137bb8cc57c2000b', 'public', 1, 'photos', '2022-04-15 03:33:37', '2022-04-15 03:33:37'),
       (771, '7ab8d5171ddafd7e4b9fb13fc41539e32266e252', 'services-image-8.png', 'image/png', 'png', 140006, 0, '2022/04/15/', NULL, NULL, 'db18ea1195c4383e6f5ae429ef81459232c34ed7', 'public', 1, 'photos', '2022-04-15 03:33:37', '2022-04-15 03:33:37'),
       (772, '299a534b13995f7458093c30280c38f3cd80ef20', 'services-image-7.png', 'image/png', 'png', 122242, 0, '2022/04/15/', NULL, NULL, '9e828dd906d423a22413ed9f0c256474c86c2907', 'public', 1, 'photos', '2022-04-15 03:33:37', '2022-04-15 03:33:37'),
       (773, 'b197b81515d91a771bc0b81336fa757d652757fc', 'services-image-6.png', 'image/png', 'png', 111614, 0, '2022/04/13/', NULL, NULL, '6febd4f9175a908a5943f299c7461a588a66f7b4', 'public', 1, 'photos', '2022-04-15 03:33:37', '2022-04-15 03:33:37'),
       (774, '4ba7fd93e95246172f3519743a6befbd0ae553d6', 'blob', 'image/png', 'png', 367520, 0, '2022/04/15/', NULL, NULL, '82acc1636b7b295a0c7adbb21d1842f051b1280d', 'public', 1, NULL, '2022-04-15 03:34:07', '2022-04-15 03:34:07'),
       (775, '985cae9cdaee73e741c52837d06deb17d0a22797', 'blob', 'image/png', 'png', 334188, 0, '2022/04/15/', NULL, NULL, '92455ee6ddcf6f8b9d495b5459557c2ad63d5db1', 'public', 1, NULL, '2022-04-15 04:12:00', '2022-04-15 04:12:00'),
       (776, '8851122aa5eb9eb76b5150ec6367b1ab38559b35', 'blob', 'image/png', 'png', 361020, 0, '2022/04/15/', NULL, NULL, '22a9b1327f0ecf7cd02249eca641e72e0300e16a', 'public', 1, NULL, '2022-04-15 04:12:20', '2022-04-15 04:12:20'),
       (777, 'be208422d225506dcddd2b468727da425b6515f4', 'blob', 'image/png', 'png', 526561, 0, '2022/04/15/', NULL, NULL, '15aba2f2b2ffca8ed8a01330a65da8e6c29e748f', 'public', 1, NULL, '2022-04-15 04:12:36', '2022-04-15 04:12:36'),
       (778, 'c7d73e4bf612e61b80c00fb532fcc818e075410a', 'blob', 'image/png', 'png', 440251, 0, '2022/04/15/', NULL, NULL, '1c1ac9d3ecfa61c1969191ea87bb3c9b119d736d', 'public', 1, NULL, '2022-04-15 04:12:51', '2022-04-15 04:12:51'),
       (779, '60b54269a800c2cffbac560ef37d85c917f0c88a', 'blob', 'image/png', 'png', 513321, 0, '2022/04/15/', NULL, NULL, '080e540665cd7ddfc7697278d49be6faa6c6d919', 'public', 1, NULL, '2022-04-15 04:13:18', '2022-04-15 04:13:18'),
       (780, '13a583da22a37cd531270282dfa8cac153611c84', 'blob', 'image/png', 'png', 548673, 0, '2022/04/15/', NULL, NULL, '6f00b943fc75c5b41615c2380a8ec83d2091aaf6', 'public', 1, NULL, '2022-04-15 04:13:34', '2022-04-15 04:13:34'),
       (781, 'd77195383b1af2421d3d4f50e29f3b188c935982', 'blob', 'image/png', 'png', 467142, 0, '2022/04/15/', NULL, NULL, '9eeaa82b1c0942a9040f4b59ce332c25abfc9fca', 'public', 1, NULL, '2022-04-15 04:13:52', '2022-04-15 04:13:52'),
       (782, '88603763e7904f08980a03217dbcd090db874d4b', 'blob', 'image/png', 'png', 429179, 0, '2022/04/15/', NULL, NULL, '8907c12de9b47d562fd5a0f1c499fa522bbb872d', 'public', 1, NULL, '2022-04-15 04:14:16', '2022-04-15 04:14:16'),
       (783, '080db0322d24fb1626f0a028863409deb199b5ab', 'blob', 'image/png', 'png', 374088, 0, '2022/04/15/', NULL, NULL, 'e32d39bea8868f526f1d09260d6a28afcb4a466d', 'public', 1, NULL, '2022-04-15 04:14:31', '2022-04-15 04:14:31'),
       (784, '6e5501efe0d5e8c5ff04f3f73d0bab541845e5e8', 'blob', 'image/png', 'png', 551471, 0, '2022/04/15/', NULL, NULL, 'fc2982c85311cc85c180757b72c0ae3c68267cef', 'public', 1, NULL, '2022-04-15 04:15:34', '2022-04-15 04:15:34'),
       (785, '1c5ee0e95ccdf91c4cf0500c5164e075f3995e7f', 'blob', 'image/png', 'png', 408850, 0, '2022/04/15/', NULL, NULL, 'adaa0335c9aaf43b4ca37f1c1ac12058419f55d6', 'public', 1, NULL, '2022-04-15 04:16:06', '2022-04-15 04:16:06'),
       (786, 'a6e938a3cfaed2eb1daca9a9bad959d3c20532fe', 'blob', 'image/png', 'png', 433871, 0, '2022/04/15/', NULL, NULL, '2b0bed30ef3526eec4093ab9b7108b1368f89714', 'public', 1, NULL, '2022-04-15 04:16:24', '2022-04-15 04:16:24'),
       (787, 'de8afc75d4b25d95d4c2658c19b7665713c9796b', 'blob', 'image/png', 'png', 341693, 0, '2022/04/15/', NULL, NULL, '820002929f67738d46ba58ff35d8d52cdeb70039', 'public', 1, NULL, '2022-04-15 04:16:48', '2022-04-15 04:16:48'),
       (788, '47ebd3645b7f870dbe9d394e5a77f68d815830fd', 'blob', 'image/png', 'png', 351150, 0, '2022/04/15/', NULL, NULL, '6cb04f4dc2337456a2bb353e827c7f369ada6493', 'public', 1, NULL, '2022-04-15 04:17:08', '2022-04-15 04:17:08'),
       (789, 'f6f36c7312c82a64411184f8908d4d15bdabf6bd', 'blob', 'image/png', 'png', 416781, 0, '2022/04/15/', NULL, NULL, '420e4a76dd3bc8678dcd3de50081528230de4e01', 'public', 1, NULL, '2022-04-15 04:17:24', '2022-04-15 04:17:24'),
       (790, '99a8ecb486986e7578a31695807a880e0d1f01aa', 'blob', 'image/png', 'png', 528591, 0, '2022/04/15/', NULL, NULL, 'dd04a5026af579a5d49940aceed96ad3ea0dabd6', 'public', 1, NULL, '2022-04-15 04:17:40', '2022-04-15 04:17:40'),
       (791, '4b2184482c72a724e6cbd19a9d03cfe999c3fea9', 'blob', 'image/png', 'png', 547572, 0, '2022/04/15/', NULL, NULL, '4b0e4e62ee305798fcc2076acdbf07c3dfbd4d19', 'public', 1, NULL, '2022-04-15 04:17:59', '2022-04-15 04:17:59'),
       (792, '817afe2e374afe522d6b9664e2ed41ffe42eebbc', 'blob', 'image/png', 'png', 632321, 0, '2022/04/15/', NULL, NULL, 'c6e03f9ebfd90d84249ff37994c988451dc78023', 'public', 1, NULL, '2022-04-15 04:18:22', '2022-04-15 04:18:22'),
       (793, '9b7e0840c226576208130a5e08286705ab4a2033', 'blob', 'image/png', 'png', 543752, 0, '2022/04/15/', NULL, NULL, '0fe5157eead2671d593121c360bc58534a3091ee', 'public', 1, NULL, '2022-04-15 04:18:46', '2022-04-15 04:18:46'),
       (794, 'eb3c7a3dd4c9b189ca89a0c4d47dacf293b12116', 'blob', 'image/png', 'png', 538380, 0, '2022/04/15/', NULL, NULL, '60d87054d12477d496b1fa6707d4618a46f08e0c', 'public', 1, NULL, '2022-04-15 04:31:26', '2022-04-15 04:31:26'),
       (795, '98e7a1223dd7fe826e3d4c4c777b3a924e2dd625', 'blob', 'image/png', 'png', 492175, 0, '2022/04/15/', NULL, NULL, '3692a73e9476eee11124ae31d9d56f00cf2367f2', 'public', 1, NULL, '2022-04-15 04:32:21', '2022-04-15 04:32:21'),
       (796, '06cc766c32aefb6c65783d59943ecf3a36ef208e', 'blob', 'image/png', 'png', 391597, 0, '2022/04/15/', NULL, NULL, '8058f9d14edcc98df194f8d28bab2e09d593b038', 'public', 1, NULL, '2022-04-15 04:33:04', '2022-04-15 04:33:04'),
       (797, '9420d789d049db66dedf01e3810cc6d2feab7f8c', 'blob', 'image/png', 'png', 365688, 0, '2022/04/15/', NULL, NULL, 'a375db49de71514a476be0c4aecbd3c0c157f0f3', 'public', 1, NULL, '2022-04-15 04:36:38', '2022-04-15 04:36:38'),
       (798, '889a0d4236a8cc01fc25f3d2f404bea05ca539c5', 'blob', 'image/png', 'png', 412927, 0, '2022/04/15/', NULL, NULL, 'd06ecf3522156d65daaabdb564dfe5457795df72', 'public', 1, NULL, '2022-04-15 04:37:01', '2022-04-15 04:37:01'),
       (799, '80a6edc9c81ec7e6768ba32c62af66da94cd2996', 'blob', 'image/png', 'png', 549459, 0, '2022/04/15/', NULL, NULL, '61544273d1052125166e81adddc729a32edcb30e', 'public', 1, NULL, '2022-04-15 04:37:55', '2022-04-15 04:37:55'),
       (801, 'ff5289deee0784b9bcfa04aa4544425c5d5779b7', '4331mid.jpg', 'image/jpeg', 'jpg', 181311, 0, '2022/04/15/', NULL, NULL, 'cf550402c4f81ed0a54cd621256e7aa1b4a5f165', 'public', 1, 'photos', '2022-04-15 04:41:41', '2022-04-15 04:41:41'),
       (802, '235e3e19ab024e0620a29a302bca7fc9ad4f162c', '48neizwestnyjhudozhnikzhorzhsharlxdantesokolo1830goda.jpg', 'image/jpeg', 'jpg', 153283, 0, '2022/04/15/', NULL, NULL, '1d29a1e7e1b98462ae12497817ab0fb459b5d1c3', 'public', 1, 'photos', '2022-04-15 04:44:21', '2022-04-15 04:44:21'),
       (803, '7e2a7afaa740bd7ea2bd8e14431b5a3de390e9be', '211124-0.gala_dinner1.jpg', 'image/jpeg', 'jpg', 103818, 0, '2022/04/15/', NULL, NULL, 'f6ba3a38af38edc9e1d9d8e114f15f0621b2349c', 'public', 1, 'photos', '2022-04-15 04:45:21', '2022-04-15 04:45:21'),
       (804, '241a8fd56ccb934d818316a1b12bf1d9484367d6', 'maxresdefault.jpg', 'image/jpeg', 'jpg', 108012, 0, '2022/04/15/', NULL, NULL, 'e32a392462c0266c9e79aadefa57a2d3ed1b055f', 'public', 1, 'photos', '2022-04-15 08:01:21', '2022-04-15 08:01:21'),
       (805, 'ba1e25093b8f1af23f3ff6cf36faf9c001bf1885', 'photo_2022-03-17_12-10-34.jpg', 'image/jpeg', 'jpg', 91928, 0, '2022/04/15/', NULL, NULL, '24fee2f838854c1067b806b2bef1572a21888d8a', 'public', 1, 'photos', '2022-04-15 08:17:32', '2022-04-15 08:17:32'),
       (806, 'b65d903e17c27d870b7939dc9738dc6ccdbeb799', 'photo_2022-03-17_12-10-40.jpg', 'image/jpeg', 'jpg', 91292, 0, '2022/04/15/', NULL, NULL, '7dec57a1416333128234da987c997a858de12dec', 'public', 1, 'photos', '2022-04-15 08:17:32', '2022-04-15 08:17:32'),
       (807, '4a3babeb547dac07c7785fda087e4e11fafacd32', 'photo_2022-03-17_12-10-42.jpg', 'image/jpeg', 'jpg', 265245, 0, '2022/04/15/', NULL, NULL, '6e0b5f624c051150dc681488e261122624f3bb7e', 'public', 1, 'photos', '2022-04-15 08:17:33', '2022-04-15 08:17:33'),
       (808, 'c00f6aab2490c80641630546a9afc61e46912f51', 'photo_2022-03-17_12-10-45.jpg', 'image/jpeg', 'jpg', 74679, 0, '2022/04/15/', NULL, NULL, 'ca5a546d7a7721845a82bcfc56a3847c19ade9bf', 'public', 1, 'photos', '2022-04-15 08:17:33', '2022-04-15 08:17:33'),
       (809, '762f644a5270ea38c939b10dcc0d4d61ac120179', 'photo_2022-03-17_12-10-47.jpg', 'image/jpeg', 'jpg', 75436, 0, '2022/04/15/', NULL, NULL, '90fd70c31a8434c7f79c9398d0daa71a2e1438b5', 'public', 1, 'photos', '2022-04-15 08:17:33', '2022-04-15 08:17:33'),
       (810, '9dc10c0c9cd1b5065c31c65c6a8c0add75d899e6', 'photo_2022-03-17_12-11-00.jpg', 'image/jpeg', 'jpg', 213871, 0, '2022/04/15/', NULL, NULL, '08ae0d9d8e97c4144ff228875730d95476a46877', 'public', 1, 'photos', '2022-04-15 08:18:14', '2022-04-15 08:18:14'),
       (811, '201fe1c32852622ea34c11ca3b911f7146438a26', 'photo_2022-03-17_12-11-06.jpg', 'image/jpeg', 'jpg', 123782, 0, '2022/04/15/', NULL, NULL, 'a6b0299ea5dba4bcf2e6c346b257ec9fc5ae2f46', 'public', 1, 'photos', '2022-04-15 08:18:14', '2022-04-15 08:18:14'),
       (812, 'ee5b735f31d9d1945cb25e31e8c2e13397324abb', 'photo_2022-03-17_12-11-09.jpg', 'image/jpeg', 'jpg', 93833, 0, '2022/04/15/', NULL, NULL, 'ba5e9dc767a5a8f69b3b4b808d06d576bcd16904', 'public', 1, 'photos', '2022-04-15 08:18:14', '2022-04-15 08:18:14'),
       (813, '97c40db6ce3de26c6e62f2c2e47b49ad084c2142', 'photo_2022-03-17_12-11-11.jpg', 'image/jpeg', 'jpg', 78594, 0, '2022/04/15/', NULL, NULL, 'daa59d5260428b8cadea484e7a15f55e05b341b6', 'public', 1, 'photos', '2022-04-15 08:18:14', '2022-04-15 08:18:14'),
       (814, 'b349bb5b94929ce342b92060f6626b8f04323d4b', 'photo_2022-03-17_12-11-13.jpg', 'image/jpeg', 'jpg', 109963, 0, '2022/04/15/', NULL, NULL, '6bd779123be8ba5592c43e3c12b44859ae006a30', 'public', 1, 'photos', '2022-04-15 08:18:14', '2022-04-15 08:18:14'),
       (815, '8f36a987b0bad4c0865ad61dd965c17abdf72e0f', 'photo_2022-03-17_12-05-32.jpg', 'image/jpeg', 'jpg', 136291, 0, '2022/04/15/', NULL, NULL, '343c1b25ec0e4734c32b822537f87dcf3d453594', 'public', 1, 'photos', '2022-04-15 08:21:42', '2022-04-15 08:21:42'),
       (816, 'd4493b04ec327f0297c270d5de5ee5aefbabfbf8', 'photo_2022-03-17_12-05-38.jpg', 'image/jpeg', 'jpg', 151807, 0, '2022/04/15/', NULL, NULL, '2d5e3342485172deda8b110f02e6bb8e9443ebae', 'public', 1, 'photos', '2022-04-15 08:21:42', '2022-04-15 08:21:42'),
       (817, '58ec6f205377f7b21a8d7009e66ee617a2647cdb', 'photo_2022-03-17_12-05-40.jpg', 'image/jpeg', 'jpg', 96794, 0, '2022/04/15/', NULL, NULL, 'a9600406fa22fd555dc1a39278039657fb303d33', 'public', 1, 'photos', '2022-04-15 08:21:42', '2022-04-15 08:21:42'),
       (818, 'c23629b89f96ccad8e0d75e6daf094f892cfe354', 'photo_2022-03-17_12-05-43.jpg', 'image/jpeg', 'jpg', 107414, 0, '2022/04/15/', NULL, NULL, 'f9710da4b1160c40b7a9717309de1db3dc050adc', 'public', 1, 'photos', '2022-04-15 08:21:42', '2022-04-15 08:21:42'),
       (819, 'fffb814c0a9f9eccee64d72b71b04e1305ac3f59', 'photo_2022-03-17_12-05-45.jpg', 'image/jpeg', 'jpg', 111754, 0, '2022/04/15/', NULL, NULL, '55a90a2599998d4e463d178ad5b1f1f54d352b08', 'public', 1, 'photos', '2022-04-15 08:21:43', '2022-04-15 08:21:43'),
       (820, 'ec5d791725bd76d7f55d5ed377a86a25c39682bf', 'photo_2022-03-17_12-05-47.jpg', 'image/jpeg', 'jpg', 86494, 0, '2022/04/15/', NULL, NULL, '5f2531a4ba08fc0054d06e2882a3b9b4744e276c', 'public', 1, 'photos', '2022-04-15 08:21:43', '2022-04-15 08:21:43'),
       (821, 'e255538732c7253ef7b2b4275be44f0d2699c20f', 'photo_2022-03-17_12-05-50.jpg', 'image/jpeg', 'jpg', 106653, 0, '2022/04/15/', NULL, NULL, 'e0e30dc8547d462e494702d2bec968e180951a48', 'public', 1, 'photos', '2022-04-15 08:21:43', '2022-04-15 08:21:43'),
       (822, 'e944f209f154ebf709e034b05d58d152d4667e96', 'photo_2022-03-17_12-06-06.jpg', 'image/jpeg', 'jpg', 112108, 0, '2022/04/15/', NULL, NULL, 'f57383ab632db9631840f25f6628ec95aba3fdb3', 'public', 1, 'photos', '2022-04-15 08:24:24', '2022-04-15 08:24:24'),
       (823, '4899c01b7615b3af32fd4d1c98d152a62fc9fffa', 'photo_2022-03-17_12-06-13.jpg', 'image/jpeg', 'jpg', 136013, 0, '2022/04/15/', NULL, NULL, 'eae542c91041c205e3e377bb1bf8d6be86ef066b', 'public', 1, 'photos', '2022-04-15 08:24:24', '2022-04-15 08:24:24'),
       (824, '2567d62d1da3e729b18892d33664a3b2c9977824', 'photo_2022-03-17_12-06-16.jpg', 'image/jpeg', 'jpg', 109727, 0, '2022/04/15/', NULL, NULL, '1527d9e79680c31421e245b779d7eb336553128e', 'public', 1, 'photos', '2022-04-15 08:24:24', '2022-04-15 08:24:24'),
       (825, '62e6324f2ff390d72f317e12404954e4fee5905e', 'photo_2022-03-17_12-06-18.jpg', 'image/jpeg', 'jpg', 109906, 0, '2022/04/15/', NULL, NULL, 'dae3913ef57f6f5512f519c41f6870ce347daa49', 'public', 1, 'photos', '2022-04-15 08:24:24', '2022-04-15 08:24:24'),
       (826, '68185d07c5c1169c9e299092a7862dc5c3ce6973', 'photo_2022-03-17_12-06-20.jpg', 'image/jpeg', 'jpg', 110324, 0, '2022/04/15/', NULL, NULL, '13db74e8de15e78ffc48125832bf6fdfb5e14b4c', 'public', 1, 'photos', '2022-04-15 08:24:25', '2022-04-15 08:24:25'),
       (827, '3c1957f54074f6aef91d8bcbd5564b75f402be48', 'photo_2022-03-17_12-06-22.jpg', 'image/jpeg', 'jpg', 110044, 0, '2022/04/15/', NULL, NULL, '76b07cda849127a24f3f414e3c4ff0f306f23166', 'public', 1, 'photos', '2022-04-15 08:24:25', '2022-04-15 08:24:25'),
       (828, '8f2fff1c305e4f30239e01091978b04500168b35', 'photo_2022-03-17_12-12-26.jpg', 'image/jpeg', 'jpg', 120915, 0, '2022/04/15/', NULL, NULL, '40de9903d87c6ccede7bdd096accd9ea94237949', 'public', 1, 'photos', '2022-04-15 08:26:11', '2022-04-15 08:26:11'),
       (829, '29845c675fef6c732e1a4796402a0c1cd61c80e0', 'photo_2022-03-17_12-12-33.jpg', 'image/jpeg', 'jpg', 117119, 0, '2022/04/15/', NULL, NULL, 'dc4cf76f5182d8ff9c2cf050f7e7106877ecf7fc', 'public', 1, 'photos', '2022-04-15 08:26:11', '2022-04-15 08:26:11'),
       (830, '997fae7d886a9a9371e5ac0bb74b72d0c22ffb52', 'photo_2022-03-17_12-12-35.jpg', 'image/jpeg', 'jpg', 148222, 0, '2022/04/15/', NULL, NULL, '16658f43afb8e936b0e06a27df83f44afbe8b9b6', 'public', 1, 'photos', '2022-04-15 08:26:12', '2022-04-15 08:26:12'),
       (831, '28607cb4b3a482d75166ea2d54649f4af18dea45', 'photo_2022-03-17_12-12-37.jpg', 'image/jpeg', 'jpg', 133800, 0, '2022/04/15/', NULL, NULL, 'd4e9e0104acaf88d4e17e433be4eb66063eb8763', 'public', 1, 'photos', '2022-04-15 08:26:12', '2022-04-15 08:26:12'),
       (832, '46d0baf73f941b91413910ec3ce8f042220d654c', 'photo_2022-03-17_12-12-39.jpg', 'image/jpeg', 'jpg', 165465, 0, '2022/04/15/', NULL, NULL, '6154d6f7f3cf269d30f8329f5f34499916a5ed5f', 'public', 1, 'photos', '2022-04-15 08:26:12', '2022-04-15 08:26:12'),
       (833, '7863075dfdfd30cf4035fc9a070c495647375f9f', 'photo_2022-03-17_12-12-44.jpg', 'image/jpeg', 'jpg', 122345, 0, '2022/04/15/', NULL, NULL, '368d83c34db5018f258b5be245cb4515d8f1662a', 'public', 1, 'photos', '2022-04-15 08:26:12', '2022-04-15 08:26:12'),
       (834, 'a1722e0930ed69432a952497acf0f86ff05ce74a', 'photo_2022-03-17_12-12-46.jpg', 'image/jpeg', 'jpg', 122947, 0, '2022/04/15/', NULL, NULL, 'cc3461fb858f66778be4d75ee21d2270a5fb1425', 'public', 1, 'photos', '2022-04-15 08:26:12', '2022-04-15 08:26:12'),
       (835, '2f1b374b1379cda6df796ca64171cbe48dcad312', 'photo_2022-03-17_12-12-47.jpg', 'image/jpeg', 'jpg', 98506, 0, '2022/04/15/', NULL, NULL, '7692054889fba1e6a026493374c99d25772a6fd1', 'public', 1, 'photos', '2022-04-15 08:26:12', '2022-04-15 08:26:12'),
       (836, '65a54c00f1f7958aa26b8df776c8491e37adeb57', 'photo_2022-03-17_12-12-49.jpg', 'image/jpeg', 'jpg', 102037, 0, '2022/04/15/', NULL, NULL, 'a58d873ca6b17a5866670163c06fbf064ac121db', 'public', 1, 'photos', '2022-04-15 08:26:12', '2022-04-15 08:26:12'),
       (837, '4ec338bd1e01000fadd3ca6d5181463c5dec98af', 'photo_2022-03-17_12-01-07.jpg', 'image/jpeg', 'jpg', 105368, 0, '2022/04/15/', NULL, NULL, 'c1f6d45a7d346afe2ff5dae1c7eee2a6c5b4751b', 'public', 1, 'photos', '2022-04-15 08:26:48', '2022-04-15 08:26:48'),
       (838, '9555d2a635800629de51a0cc4fde47f9e36d8894', 'photo_2022-03-17_12-01-13.jpg', 'image/jpeg', 'jpg', 82521, 0, '2022/04/15/', NULL, NULL, '6a23ccc6dd93332240ee5cb8e5a8b88e72721228', 'public', 1, 'photos', '2022-04-15 08:26:48', '2022-04-15 08:26:48'),
       (839, '495f96a78f3861e76e0b723779bf7dd0698c19a8', 'photo_2022-03-17_12-01-17.jpg', 'image/jpeg', 'jpg', 97544, 0, '2022/04/15/', NULL, NULL, 'fcd88ff41971139ab46484a3f77842eb9b271f78', 'public', 1, 'photos', '2022-04-15 08:26:48', '2022-04-15 08:26:48'),
       (840, 'ca1718098f805596e82cc270159e51f7d41631fb', 'photo_2022-03-17_11-59-22.jpg', 'image/jpeg', 'jpg', 98859, 0, '2022/04/15/', NULL, NULL, '11a7acf87b3f290d05994a99396f493b3580b245', 'public', 1, 'photos', '2022-04-15 08:27:24', '2022-04-15 08:27:24'),
       (841, 'bf1195f357c04c9feb31444903f7878468442468', 'photo_2022-03-17_12-00-21.jpg', 'image/jpeg', 'jpg', 86784, 0, '2022/04/15/', NULL, NULL, '82006aef0db6035b4d8d5741777ba9319329d6d7', 'public', 1, 'photos', '2022-04-15 08:27:24', '2022-04-15 08:27:24'),
       (842, 'b59288e36d3117f89638b56b989aacdfe4872cf2', 'photo_2022-03-17_12-00-25.jpg', 'image/jpeg', 'jpg', 80198, 0, '2022/04/15/', NULL, NULL, '5d7cf6fae8ca9c96d910c070c988a41c33a7f7c3', 'public', 1, 'photos', '2022-04-15 08:27:24', '2022-04-15 08:27:24'),
       (843, '390bb437bcc191544125f714ab3c447c867fb229', 'photo_2022-03-17_12-00-28.jpg', 'image/jpeg', 'jpg', 102129, 0, '2022/04/15/', NULL, NULL, '70d768d3b4532115a6a3dbb496071dd674d418e0', 'public', 1, 'photos', '2022-04-15 08:27:24', '2022-04-15 08:27:24'),
       (844, 'b5449d67c215174daf8b3a658b67bd2cde441353', 'photo_2022-03-17_12-00-30.jpg', 'image/jpeg', 'jpg', 133262, 0, '2022/04/15/', NULL, NULL, 'd47ac86b77077bb8bc07013a940bc8234b40a8fd', 'public', 1, 'photos', '2022-04-15 08:27:24', '2022-04-15 08:27:24'),
       (845, 'f887564307770562436636d12ff7b6dfe212981e', 'photo_2022-03-17_12-05-02.jpg', 'image/jpeg', 'jpg', 173180, 0, '2022/04/15/', NULL, NULL, 'f12eec792314b075698ce311f3165331fc14a956', 'public', 1, 'photos', '2022-04-15 08:27:53', '2022-04-15 08:27:53'),
       (846, '7c1289493991853bf59bf18d861bb21bc393e8ba', 'photo_2022-03-17_12-05-09.jpg', 'image/jpeg', 'jpg', 109846, 0, '2022/04/15/', NULL, NULL, 'c8b0fef3397322f7a1a8a453fffc47d650bf0627', 'public', 1, 'photos', '2022-04-15 08:27:53', '2022-04-15 08:27:53'),
       (847, 'e170066283addc32e9a8747d2613fb88555b8a95', 'photo_2022-03-17_12-05-12.jpg', 'image/jpeg', 'jpg', 76857, 0, '2022/04/15/', NULL, NULL, '93445c08955a518ba597ddad8f45642987fc70f0', 'public', 1, 'photos', '2022-04-15 08:27:53', '2022-04-15 08:27:53'),
       (848, '986848e7241cecda0138e114eb6579249596de2d', 'photo_2022-03-17_12-05-14.jpg', 'image/jpeg', 'jpg', 97234, 0, '2022/04/15/', NULL, NULL, '9e9bd7d55b7d531b990c1479f1e934fee198c062', 'public', 1, 'photos', '2022-04-15 08:27:53', '2022-04-15 08:27:53'),
       (849, '30d69a52a6e8fe5ead40d2022ea7778a61aeb922', 'photo_2022-03-17_12-05-16.jpg', 'image/jpeg', 'jpg', 99476, 0, '2022/04/15/', NULL, NULL, '04481784cf3f8bbe18e2f736255569c4f31162a4', 'public', 1, 'photos', '2022-04-15 08:27:53', '2022-04-15 08:27:53'),
       (850, 'dfbe51ba167f5556a9f22325d17cffe0c6b3b5f6', 'photo_2022-03-17_12-05-19.jpg', 'image/jpeg', 'jpg', 114029, 0, '2022/04/15/', NULL, NULL, 'a2a7c690ed6e23eaa5b1ea78490d47c576af0cbc', 'public', 1, 'photos', '2022-04-15 08:27:53', '2022-04-15 08:27:53'),
       (851, '4103ed5b6b576fa19714fd26958b35f079027284', 'photo_2022-03-17_12-04-28.jpg', 'image/jpeg', 'jpg', 64521, 0, '2022/04/15/', NULL, NULL, '70690b82d437c9f13df69aee381da82edfb09046', 'public', 1, 'photos', '2022-04-15 08:28:42', '2022-04-15 08:28:42'),
       (852, '17de993b4eef2872ab25fbfa194b60141760835a', 'photo_2022-03-17_12-04-35.jpg', 'image/jpeg', 'jpg', 89794, 0, '2022/04/15/', NULL, NULL, '0748bde0da6e479deae81f5239c5ebd5c69ee169', 'public', 1, 'photos', '2022-04-15 08:28:42', '2022-04-15 08:28:42'),
       (853, 'aa30b712daeb404635242b4ed5dbe9a554e62f98', 'photo_2022-03-17_12-04-37.jpg', 'image/jpeg', 'jpg', 44625, 0, '2022/04/15/', NULL, NULL, '5a1a68ed262f87b7730ee62dad07279e3c3ca79c', 'public', 1, 'photos', '2022-04-15 08:28:42', '2022-04-15 08:28:42'),
       (854, '242f5e82e340b5f5025db085cd39fef9ab107abb', 'photo_2022-03-17_12-04-39.jpg', 'image/jpeg', 'jpg', 54393, 0, '2022/04/15/', NULL, NULL, '25ddbc11ce12a342b1e2fc4cfe3c9f04d45488ed', 'public', 1, 'photos', '2022-04-15 08:28:42', '2022-04-15 08:28:42'),
       (855, 'bb1c20d0867dce51048207bd9607644ba9eaeddc', 'photo_2022-03-17_12-04-43.jpg', 'image/jpeg', 'jpg', 133700, 0, '2022/04/15/', NULL, NULL, 'd122238452fafad521be1c10dc22d8af91a3581d', 'public', 1, 'photos', '2022-04-15 08:28:43', '2022-04-15 08:28:43'),
       (856, '2d576bcfc34ce8b901ce0e2557af20c536c05306', 'photo_2022-03-17_12-04-45.jpg', 'image/jpeg', 'jpg', 71360, 0, '2022/04/15/', NULL, NULL, '5509bb239327b91f44184d947a1165d6cef298db', 'public', 1, 'photos', '2022-04-15 08:28:43', '2022-04-15 08:28:43'),
       (857, '21df84f76077112009f94554e8575e8a1a5281fc', 'photo_2022-03-17_12-04-47.jpg', 'image/jpeg', 'jpg', 78641, 0, '2022/04/15/', NULL, NULL, 'bff6cf2b614df68c93bc946425e9e4074c29aee9', 'public', 1, 'photos', '2022-04-15 08:28:43', '2022-04-15 08:28:43'),
       (858, '97265e434a9c3032cc51786c6bca5a12ef16c5db', 'photo_2022-03-17_12-03-04.jpg', 'image/jpeg', 'jpg', 78251, 0, '2022/04/15/', NULL, NULL, 'cb0c9741c0446ea4f3a5bb5e019b3e5003e22551', 'public', 1, 'photos', '2022-04-15 08:29:37', '2022-04-15 08:29:37'),
       (859, '41718fd20735d485c89ee57ed74df74428111b73', 'photo_2022-03-17_12-03-12.jpg', 'image/jpeg', 'jpg', 91317, 0, '2022/04/15/', NULL, NULL, '5489a92614b31c95f263db601df17ee061ceb310', 'public', 1, 'photos', '2022-04-15 08:29:37', '2022-04-15 08:29:37'),
       (860, '43bd51918d58a042f3765a140e54879517cff2b7', 'photo_2022-03-17_12-03-14.jpg', 'image/jpeg', 'jpg', 106591, 0, '2022/04/15/', NULL, NULL, 'e40ef8f265287a5402e87d2ffbbacd720752a914', 'public', 1, 'photos', '2022-04-15 08:29:37', '2022-04-15 08:29:37'),
       (861, 'a585c5c7f3237c64ac23af894d74d497cf03d2bc', 'photo_2022-03-17_12-03-16.jpg', 'image/jpeg', 'jpg', 113414, 0, '2022/04/15/', NULL, NULL, '01166ccdf49d7eee1bd2f849e3959bd85ca6285e', 'public', 1, 'photos', '2022-04-15 08:29:37', '2022-04-15 08:29:37'),
       (862, '9e0f477e9bc3a2476d89a62dba89a54f16ae2dd7', 'photo_2022-03-17_12-03-19.jpg', 'image/jpeg', 'jpg', 114472, 0, '2022/04/15/', NULL, NULL, '24bfef6ef335bb3bf6af8dd643589e1446ddffaa', 'public', 1, 'photos', '2022-04-15 08:29:37', '2022-04-15 08:29:37'),
       (863, '797799e875b2f4974062b2e7eca42735d5866f9b', 'photo_2022-03-17_12-10-02.jpg', 'image/jpeg', 'jpg', 189022, 0, '2022/04/15/', NULL, NULL, '0e18c84b5abef035edd6bebf78f93dc24d51966b', 'public', 1, 'photos', '2022-04-15 08:30:39', '2022-04-15 08:30:39'),
       (864, '901a31ff1bcfee5ef8a4a90c8cfa9de51c11d52e', 'photo_2022-03-17_12-10-09.jpg', 'image/jpeg', 'jpg', 114758, 0, '2022/04/15/', NULL, NULL, 'd13dcac0fe1b623c944f7b867048a66378b93063', 'public', 1, 'photos', '2022-04-15 08:30:39', '2022-04-15 08:30:39'),
       (865, '4df4c15c98fe24a0b6469e2da6c7a70a1c86cac3', 'photo_2022-03-17_12-10-11.jpg', 'image/jpeg', 'jpg', 93690, 0, '2022/04/15/', NULL, NULL, '12bb04e2482fab43f39629dee816ab290c36da92', 'public', 1, 'photos', '2022-04-15 08:30:39', '2022-04-15 08:30:39'),
       (866, 'baf4dff4a0deb6df081882cff552c3a7c0aac701', 'photo_2022-03-17_12-10-13.jpg', 'image/jpeg', 'jpg', 106585, 0, '2022/04/15/', NULL, NULL, 'c33873ca11f733a28dfc355cae0f7da991bf10a8', 'public', 1, 'photos', '2022-04-15 08:30:39', '2022-04-15 08:30:39'),
       (867, '7c989c64b6df2289e6bc9909fe3feb94e865b4cd', 'photo_2022-03-17_12-10-15.jpg', 'image/jpeg', 'jpg', 91610, 0, '2022/04/15/', NULL, NULL, 'ef5869c02594c992bb0ea99d87506bc2d704bbf4', 'public', 1, 'photos', '2022-04-15 08:30:39', '2022-04-15 08:30:39'),
       (868, '06568779805b4822c6bbef12f562d6ca2d31143d', 'photo_2022-03-17_12-10-17.jpg', 'image/jpeg', 'jpg', 104273, 0, '2022/04/15/', NULL, NULL, '6b3847d76b0f85ba770e69b470891a8b57cc43ac', 'public', 1, 'photos', '2022-04-15 08:30:39', '2022-04-15 08:30:39'),
       (869, 'd996e4bc8cd08fdb9aabf7b055795d995c9dfd3a', 'photo_2022-03-17_12-01-48.jpg', 'image/jpeg', 'jpg', 112192, 0, '2022/04/15/', NULL, NULL, 'be6dc12f660eceb528087a0ba3d18fbef08fdb8a', 'public', 1, 'photos', '2022-04-15 08:31:32', '2022-04-15 08:31:32'),
       (870, 'dcbf5f7f57386ffb157e18c50433eca70809de97', 'photo_2022-03-17_12-01-54.jpg', 'image/jpeg', 'jpg', 90329, 0, '2022/04/15/', NULL, NULL, '4403d3b1d45d04ee8681b0eb8c6d1ea973402c0c', 'public', 1, 'photos', '2022-04-15 08:31:32', '2022-04-15 08:31:32'),
       (871, 'e15c37a213bf8978057b597227159d92ec9cba74', 'photo_2022-03-17_12-01-58.jpg', 'image/jpeg', 'jpg', 96130, 0, '2022/04/15/', NULL, NULL, '68a625ae1c7e87715ec5032bf16691dca8b43ebe', 'public', 1, 'photos', '2022-04-15 08:31:33', '2022-04-15 08:31:33'),
       (872, 'cf3bac4cce2da4e3905b11cf154f2c08d729a00a', 'photo_2022-03-17_12-02-00.jpg', 'image/jpeg', 'jpg', 115495, 0, '2022/04/15/', NULL, NULL, '8d4b3d0a8321f55b457136b4d518c9f957096a9d', 'public', 1, 'photos', '2022-04-15 08:31:33', '2022-04-15 08:31:33'),
       (873, '003c45b433b3cc03fd426b8469afe4fcda60fc5f', 'photo_2022-03-17_12-02-02.jpg', 'image/jpeg', 'jpg', 160783, 0, '2022/04/15/', NULL, NULL, 'cd690b06dc79d040da0f1d3d237de065257607b0', 'public', 1, 'photos', '2022-04-15 08:31:33', '2022-04-15 08:31:33'),
       (874, 'a00daecc7e38d9a2b39d4e8d757c1344babaf8ab', 'photo_2022-03-17_12-11-55.jpg', 'image/jpeg', 'jpg', 100381, 0, '2022/04/15/', NULL, NULL, '84b0c3c0e759aaa330c565c3ec3913b53642d58a', 'public', 1, 'photos', '2022-04-15 08:32:27', '2022-04-15 08:32:27'),
       (875, 'e6650260445dcf0f62e8ba8f6791f84410df538c', 'photo_2022-03-17_12-12-01.jpg', 'image/jpeg', 'jpg', 125503, 0, '2022/04/15/', NULL, NULL, '3d86b16ae8bf3e598073bc463e3a6f31b1797c65', 'public', 1, 'photos', '2022-04-15 08:32:27', '2022-04-15 08:32:27'),
       (876, '4026b39e996b49395e35a0991329fc27e925c241', 'photo_2022-03-17_12-12-04.jpg', 'image/jpeg', 'jpg', 108905, 0, '2022/04/15/', NULL, NULL, '8ea13a14c246d561f3f3c994575df3fc79118500', 'public', 1, 'photos', '2022-04-15 08:32:27', '2022-04-15 08:32:27'),
       (877, '263161a213d9a08075e140219fd68cfecf321ed4', 'photo_2022-03-17_12-12-06.jpg', 'image/jpeg', 'jpg', 156474, 0, '2022/04/15/', NULL, NULL, '951a61dba5c5d3c6fc038bfb2444e87a3dbbbade', 'public', 1, 'photos', '2022-04-15 08:32:27', '2022-04-15 08:32:27'),
       (878, 'eb6d2bebc5d06953675df207ecc4b60f7e463b7e', 'photo_2022-03-17_12-12-09.jpg', 'image/jpeg', 'jpg', 144071, 0, '2022/04/15/', NULL, NULL, '7c37f79a1e1a5341255ef72e946c50c9ec50c826', 'public', 1, 'photos', '2022-04-15 08:32:28', '2022-04-15 08:32:28'),
       (879, '584f7d9966ba5845e73153fa19869cde14331a2b', 'photo_2022-03-17_12-12-11.jpg', 'image/jpeg', 'jpg', 147238, 0, '2022/04/15/', NULL, NULL, '5e9c3bcc1c235316e9a25d9a410c4cf00384f90e', 'public', 1, 'photos', '2022-04-15 08:32:28', '2022-04-15 08:32:28'),
       (880, 'a97586d98177914754b4ae874a48bb9840406115', 'photo_2022-03-17_12-12-13.jpg', 'image/jpeg', 'jpg', 90164, 0, '2022/04/15/', NULL, NULL, '0e8ee1e0ade5f4b2bfeb9eb93c444cda43f114bc', 'public', 1, 'photos', '2022-04-15 08:32:28', '2022-04-15 08:32:28'),
       (881, '65370c688499baaf69399c8d3110a583919a4223', 'photo_2022-03-17_12-12-15.jpg', 'image/jpeg', 'jpg', 119933, 0, '2022/04/15/', NULL, NULL, '009afb6d7d56c06aaccd9e39f8165384c6e9a4c1', 'public', 1, 'photos', '2022-04-15 08:32:28', '2022-04-15 08:32:28'),
       (882, 'be279ced851faa3f8020a3043455f169fd1f4a1c', 'DSC_5224.jpg', 'image/jpeg', 'jpg', 633853, 0, '2022/04/15/', NULL, NULL, 'c80a06a52120f0235de6ccede4a11f9727455be0', 'public', 1, 'photos', '2022-04-15 08:43:06', '2022-04-15 08:43:06'),
       (883, '088686c861873e70074dae9e329cff73bccab3dc', 'DSC_5225.jpg', 'image/jpeg', 'jpg', 354293, 0, '2022/04/15/', NULL, NULL, '23046bcfa1f22a9060dd1d7ceb49ae7702d31c1a', 'public', 1, 'photos', '2022-04-15 08:43:06', '2022-04-15 08:43:06'),
       (884, '1bd5740a77fa8afa6c020b7e97415d4c96d02854', 'DSC_5232.jpg', 'image/jpeg', 'jpg', 278310, 0, '2022/04/15/', NULL, NULL, 'a9a776a24bf09386ccadd9a6346ea06e44c0eaee', 'public', 1, 'photos', '2022-04-15 08:43:06', '2022-04-15 08:43:06'),
       (885, 'ef83cfeced28f4abaea3b36a52a1dbb5cfec7600', 'DSC_5235.jpg', 'image/jpeg', 'jpg', 324051, 0, '2022/04/15/', NULL, NULL, '032ccc2e7991a77747576563cf5c35a78c218592', 'public', 1, 'photos', '2022-04-15 08:43:06', '2022-04-15 08:43:06'),
       (886, 'd93f1feecd0dd7bd039e5a86fb673dc9f66d0bfd', 'DSC_5236.jpg', 'image/jpeg', 'jpg', 247705, 0, '2022/04/15/', NULL, NULL, '927c9d64ed40055eac1f5f637cc7dbc9b6e47b46', 'public', 1, 'photos', '2022-04-15 08:43:07', '2022-04-15 08:43:07'),
       (887, '40c2066d6757540a2d092c6dfddb927c874448c0', 'DSC_5238.jpg', 'image/jpeg', 'jpg', 300647, 0, '2022/04/15/', NULL, NULL, '97a2580c3451267fddb52807d87430fece4b7901', 'public', 1, 'photos', '2022-04-15 08:43:07', '2022-04-15 08:43:07'),
       (888, '0fd776a3a6bce60826228bea95f81325ad139323', 'DSC_5239.jpg', 'image/jpeg', 'jpg', 240864, 0, '2022/04/15/', NULL, NULL, '70432e9bb1a688fd56587b34c541e5aecf190348', 'public', 1, 'photos', '2022-04-15 08:43:07', '2022-04-15 08:43:07'),
       (889, '1960ab9fcf9ccef1be2bb91166b940bc87029ec4', 'DSC_5242.jpg', 'image/jpeg', 'jpg', 206572, 0, '2022/04/15/', NULL, NULL, '64c64b1c25d8c7a0a6a008945de0ed210c48fe3f', 'public', 1, 'photos', '2022-04-15 08:43:07', '2022-04-15 08:43:07'),
       (890, '326df7e64daba6298d57e3e3a5cce80b494bad25', 'DSC_5275.jpg', 'image/jpeg', 'jpg', 240622, 0, '2022/04/15/', NULL, NULL, '2d031a1237b0af5fa1cd9424b37f5cde0031e99c', 'public', 1, 'photos', '2022-04-15 08:44:38', '2022-04-15 08:44:38'),
       (891, 'abc6a593d54d7ace5c8e84522d39db5d4f030b0e', 'DSC_5276.jpg', 'image/jpeg', 'jpg', 284040, 0, '2022/04/15/', NULL, NULL, '29c86a4723c4599244ee7c4fb9f86780412bc6b6', 'public', 1, 'photos', '2022-04-15 08:44:38', '2022-04-15 08:44:38'),
       (892, '09e43c3b47e76c857d32e40709bf4ecfc0f75e08', 'DSC_5277.jpg', 'image/jpeg', 'jpg', 333865, 0, '2022/04/15/', NULL, NULL, '4346e0660dbb6990d7d242482a8eaba9aa80c020', 'public', 1, 'photos', '2022-04-15 08:44:39', '2022-04-15 08:44:39'),
       (893, '70077cadff37487a9af9f49ba87f2dcd9428baec', 'DSC_5278.jpg', 'image/jpeg', 'jpg', 375431, 0, '2022/04/15/', NULL, NULL, 'cbd6c453336bd549e1f719668b4bdd0657299a3b', 'public', 1, 'photos', '2022-04-15 08:44:39', '2022-04-15 08:44:39'),
       (894, 'c42775fad664acee3daa33bf3762e2297c20ba1c', 'DSC_5279.jpg', 'image/jpeg', 'jpg', 351598, 0, '2022/04/15/', NULL, NULL, '2ee83e101c0db117851f9ba39d46a38c1caba538', 'public', 1, 'photos', '2022-04-15 08:44:39', '2022-04-15 08:44:39'),
       (895, '5ab9e70d8c8db1bd02fe7dbc9959ce90dea4ab44', 'DSC_5280.jpg', 'image/jpeg', 'jpg', 688567, 0, '2022/04/15/', NULL, NULL, '10b9abd89f9b096adf9f5eab7eab1d922756b571', 'public', 1, 'photos', '2022-04-15 08:44:39', '2022-04-15 08:44:39'),
       (896, '6d04906939a291dc6a40c258003f9db407811def', 'DSC_5281.jpg', 'image/jpeg', 'jpg', 301715, 0, '2022/04/15/', NULL, NULL, '2913e047042abcd16fdb4f82747792bf32ebab03', 'public', 1, 'photos', '2022-04-15 08:44:39', '2022-04-15 08:44:39'),
       (897, '85cc2a194a5ffd95d3009a70d838cabc3b5917d0', 'DSC_5282.jpg', 'image/jpeg', 'jpg', 321329, 0, '2022/04/15/', NULL, NULL, '1e803e82088c1da279e959cb337c69b3935db8e0', 'public', 1, 'photos', '2022-04-15 08:44:39', '2022-04-15 08:44:39'),
       (898, '2a17029580b7e6a537bdf83ecd764136faa0b4d5', 'DSC_5283.jpg', 'image/jpeg', 'jpg', 356315, 0, '2022/04/15/', NULL, NULL, 'cbb1afe641334546e6c3753af557c3f67d0e66e1', 'public', 1, 'photos', '2022-04-15 08:44:40', '2022-04-15 08:44:40'),
       (899, 'd1edf4710c767b251d9743eceb35d10485deb8c4', 'DSC_5285.jpg', 'image/jpeg', 'jpg', 465225, 0, '2022/04/15/', NULL, NULL, '406e0bc515f236327d9b2d6a7cccfce3ebdafaf0', 'public', 1, 'photos', '2022-04-15 08:44:40', '2022-04-15 08:44:40'),
       (900, '7383845798a035afcae230f02556ea8fb77a754e', 'DSC_5286.jpg', 'image/jpeg', 'jpg', 309166, 0, '2022/04/15/', NULL, NULL, '2a56af989832cba898085397a980fb3775eb78cd', 'public', 1, 'photos', '2022-04-15 08:44:40', '2022-04-15 08:44:40'),
       (901, 'ed05b1ceb962ddfeef5fa5927ce91ce4e5542b85', 'DSC_5106.jpg', 'image/jpeg', 'jpg', 192254, 0, '2022/04/15/', NULL, NULL, 'fbc3a59b11432f2494502fdd48d8329064f8efc5', 'public', 1, 'photos', '2022-04-15 10:25:36', '2022-04-15 10:25:36'),
       (902, 'd85a4a93f7d8300891cbd4c573e424c216db5eb4', 'DSC_5108.jpg', 'image/jpeg', 'jpg', 252790, 0, '2022/04/15/', NULL, NULL, '75e4e94a7127415d0482f73d28d91fd8be658794', 'public', 1, 'photos', '2022-04-15 10:25:36', '2022-04-15 10:25:36'),
       (903, '93d1a50e2b78bbb5403b3f5eb1e585e611bb2000', 'DSC_5109.jpg', 'image/jpeg', 'jpg', 191919, 0, '2022/04/15/', NULL, NULL, '02d6f7aeaddec38ec8d97664c6fdabc5193d6769', 'public', 1, 'photos', '2022-04-15 10:25:36', '2022-04-15 10:25:36'),
       (904, 'cb9a850b0144f4286495849ebc2ab0935a64b2ef', 'DSC_5110.jpg', 'image/jpeg', 'jpg', 174983, 0, '2022/04/15/', NULL, NULL, 'a6b683bfa2becb74b0a3b993fc068b6a83964e34', 'public', 1, 'photos', '2022-04-15 10:25:36', '2022-04-15 10:25:36'),
       (905, '9c5de50edb3d426ea6c0696125cdc65d36f2d167', 'DSC_5111.jpg', 'image/jpeg', 'jpg', 192015, 0, '2022/04/15/', NULL, NULL, 'd0c22dd87ebd930709cb2e1545ca90a549ccfcf5', 'public', 1, 'photos', '2022-04-15 10:25:37', '2022-04-15 10:25:37'),
       (906, 'f3fb34ef2d820ef56ddc6c485d6532ef38cff88c', 'DSC_5112.jpg', 'image/jpeg', 'jpg', 333066, 0, '2022/04/15/', NULL, NULL, 'eeb971c661dbd92e6f77fadae517d0e330876bce', 'public', 1, 'photos', '2022-04-15 10:25:37', '2022-04-15 10:25:37'),
       (907, 'b760220ed34ca031ebafb8e294df555fc57f652d', 'DSC_5115.jpg', 'image/jpeg', 'jpg', 178591, 0, '2022/04/15/', NULL, NULL, '6bd8df19e1169fe76562ed3ac1388bdcda50fcbc', 'public', 1, 'photos', '2022-04-15 10:25:37', '2022-04-15 10:25:37'),
       (908, 'bbb93c6f9e084ba75a5057aede43b1fa68ecd79b', 'DSC_5116.jpg', 'image/jpeg', 'jpg', 156477, 0, '2022/04/15/', NULL, NULL, '72b9a3537fd087b447e3abd04408ca9f4139b369', 'public', 1, 'photos', '2022-04-15 10:25:37', '2022-04-15 10:25:37'),
       (909, 'eba464f0f1c902a1daf00500035dcaaac498248b', 'DSC_5118.jpg', 'image/jpeg', 'jpg', 182489, 0, '2022/04/15/', NULL, NULL, '09a2660a22e5377e97767804b1dcb0b1fdd7df14', 'public', 1, 'photos', '2022-04-15 10:25:37', '2022-04-15 10:25:37'),
       (910, '6160c10b97c8543ae093683dbc25d12c10baf9ac', 'DSC_5119.jpg', 'image/jpeg', 'jpg', 185332, 0, '2022/04/15/', NULL, NULL, '82a246eb6a483674931ca95e06b91ec1bba8fbc0', 'public', 1, 'photos', '2022-04-15 10:25:37', '2022-04-15 10:25:37'),
       (911, '93d5adc44d0e85ff77b7eef50ca27af889eab298', 'DSC_5121.jpg', 'image/jpeg', 'jpg', 175580, 0, '2022/04/15/', NULL, NULL, 'ecf2af3e9df51f5117c17b4d3a70d314ccf08f35', 'public', 1, 'photos', '2022-04-15 10:25:37', '2022-04-15 10:25:37'),
       (912, 'efcfc6b48de94c8f042ba474688ff7369572f795', 'DSC_5122.jpg', 'image/jpeg', 'jpg', 213013, 0, '2022/04/15/', NULL, NULL, 'bfb565b09fe14866068401a8080bd42721030fad', 'public', 1, 'photos', '2022-04-15 10:25:37', '2022-04-15 10:25:37'),
       (913, 'cd7ea35bf1c00b1d7c8581c05b8db6a91b2a3a29', 'DSC_5125.jpg', 'image/jpeg', 'jpg', 233210, 0, '2022/04/15/', NULL, NULL, 'c1e9f1bb364558489531a9ee31504b1fc7f76854', 'public', 1, 'photos', '2022-04-15 10:25:37', '2022-04-15 10:25:37'),
       (921, '7d7a140844496e6ba2335abcc57700bc4e4236a3', 'DSC_4931.jpg', 'image/jpeg', 'jpg', 199103, 0, '2022/04/15/', NULL, NULL, '40445d8729bd2af1c0f8962697b603851c55f5ba', 'public', 1, 'photos', '2022-04-15 10:27:59', '2022-04-15 10:27:59'),
       (922, 'd311642300b80c76ec3af89113c44bbc2808dea2', 'DSC_4932.jpg', 'image/jpeg', 'jpg', 241119, 0, '2022/04/15/', NULL, NULL, 'af18d9f2e0063bb6bc77a14f74ace2e8dbf2e4e1', 'public', 1, 'photos', '2022-04-15 10:27:59', '2022-04-15 10:27:59'),
       (923, '50ce248292be7120321dd3f38717314d6240e14a', 'DSC_4935.jpg', 'image/jpeg', 'jpg', 187522, 0, '2022/04/15/', NULL, NULL, '4b2cac2f9c1d93a4929183fc6f145cce991a33dc', 'public', 1, 'photos', '2022-04-15 10:27:59', '2022-04-15 10:27:59'),
       (924, 'eeab5370fabc10f5b61d33420c0bc44b0937e910', 'DSC_4936.jpg', 'image/jpeg', 'jpg', 321100, 0, '2022/04/15/', NULL, NULL, 'ded44bee5b25c17cb3407d4460546a3e3a79acfa', 'public', 1, 'photos', '2022-04-15 10:27:59', '2022-04-15 10:27:59'),
       (925, 'baf13aa9644c205d2bd1e3b5779c35164610d1bd', 'DSC_4937.jpg', 'image/jpeg', 'jpg', 232889, 0, '2022/04/15/', NULL, NULL, '2eaec46593416c9cf9c9ae50cd459a7ee3be683b', 'public', 1, 'photos', '2022-04-15 10:28:00', '2022-04-15 10:28:00'),
       (926, '8a010452f8a45951a08a8c415a586a118ff10f0e', 'DSC_4940.jpg', 'image/jpeg', 'jpg', 293595, 0, '2022/04/15/', NULL, NULL, 'bdb043c4efc1accf5a518278cff15511b2bbb382', 'public', 1, 'photos', '2022-04-15 10:28:00', '2022-04-15 10:28:00'),
       (927, '26c5808b93b6d1ecc933a8ce2fb8a0c7572a6922', 'DSC_4941.jpg', 'image/jpeg', 'jpg', 287220, 0, '2022/04/15/', NULL, NULL, 'c66fe296da5f6298f6feae19a8ae2d67dbabfbde', 'public', 1, 'photos', '2022-04-15 10:28:00', '2022-04-15 10:28:00'),
       (928, 'dcc5384fd7005146abaf2f86311c65efd772e0e0', 'DSC_4895.jpg', 'image/jpeg', 'jpg', 168085, 0, '2022/04/15/', NULL, NULL, '14b52a438fd950db209aa2fcb4165f3657c98aa9', 'public', 1, 'photos', '2022-04-15 10:29:06', '2022-04-15 10:29:06'),
       (929, 'f373ccdb98ffcd50d8f67e5f56287e2b5ebafcd1', 'DSC_4899.jpg', 'image/jpeg', 'jpg', 185768, 0, '2022/04/15/', NULL, NULL, '97ff523ef91742953c9a5f8f4f3bc3b74462fac3', 'public', 1, 'photos', '2022-04-15 10:29:06', '2022-04-15 10:29:06'),
       (930, 'f5e20c8e4d85841d1c1adb228168f4460500a383', 'DSC_4904.jpg', 'image/jpeg', 'jpg', 185832, 0, '2022/04/15/', NULL, NULL, '87f9f611b4a1e17c5aac2f329a250251e8de64db', 'public', 1, 'photos', '2022-04-15 10:29:06', '2022-04-15 10:29:06'),
       (931, 'c7009ba21f27eeb7c55c8d68aa5f888a0a503021', 'DSC_4905.jpg', 'image/jpeg', 'jpg', 155164, 0, '2022/04/15/', NULL, NULL, '774514b7e6678c9a025b28025c50a094650b06db', 'public', 1, 'photos', '2022-04-15 10:29:06', '2022-04-15 10:29:06'),
       (932, '1249c5ff21a0533a38f99f83c526a3540d93c866', 'DSC_4908.jpg', 'image/jpeg', 'jpg', 316673, 0, '2022/04/15/', NULL, NULL, '9859d5da367aa6720156fce00c9fd837fbc23f01', 'public', 1, 'photos', '2022-04-15 10:29:06', '2022-04-15 10:29:06'),
       (933, '397a6b0149965ead02afe69db9430f9cbd93747e', 'DSC_5246.jpg', 'image/jpeg', 'jpg', 508165, 0, '2022/04/15/', NULL, NULL, '09a02453b5fb8b9f1e40935cc3dcb68fbbec0a2a', 'public', 1, 'photos', '2022-04-15 10:30:00', '2022-04-15 10:30:00'),
       (934, 'a4d5336416c534b47702fa14ed043581636c92a6', 'DSC_5249.jpg', 'image/jpeg', 'jpg', 196335, 0, '2022/04/15/', NULL, NULL, '065e26ff37fe9b1f701f9cf5aa55b5c3e6f80e88', 'public', 1, 'photos', '2022-04-15 10:30:00', '2022-04-15 10:30:00'),
       (935, '147700b6c078a55bbb700c37c1b41c13c51a4b93', 'DSC_5254.jpg', 'image/jpeg', 'jpg', 369708, 0, '2022/04/15/', NULL, NULL, '1a53e61a4beb336dbbcb808217b1804dfaa07e94', 'public', 1, 'photos', '2022-04-15 10:30:01', '2022-04-15 10:30:01'),
       (936, '6b6aa4c69f66b5768b5648fac06e18bbc3893133', 'DSC_5255.jpg', 'image/jpeg', 'jpg', 137028, 0, '2022/04/15/', NULL, NULL, '14afa287c758f4d128f9e859456a1899bf4c021e', 'public', 1, 'photos', '2022-04-15 10:30:01', '2022-04-15 10:30:01'),
       (937, 'b0815581621385d6f598fab751befd068d3906c8', 'DSC_5256.jpg', 'image/jpeg', 'jpg', 223121, 0, '2022/04/15/', NULL, NULL, '51a25621c4ef566646bb3b15c69d36cbffbd376f', 'public', 1, 'photos', '2022-04-15 10:30:01', '2022-04-15 10:30:01'),
       (938, '4ea733bdec00da22bc3df43712fda9ceb2634722', 'DSC_5257.jpg', 'image/jpeg', 'jpg', 198067, 0, '2022/04/15/', NULL, NULL, '227b5a3de3c95cf2333b9113c6e05594f576f04b', 'public', 1, 'photos', '2022-04-15 10:30:01', '2022-04-15 10:30:01'),
       (939, '57e69ac1c6e20b9aebb1068a904cc57eba7db476', 'DSC_5258.jpg', 'image/jpeg', 'jpg', 315378, 0, '2022/04/15/', NULL, NULL, 'e35cc7f658789731ba37d2b9d27cf4ad2943e7b6', 'public', 1, 'photos', '2022-04-15 10:30:01', '2022-04-15 10:30:01'),
       (940, 'b67fbb14f210d1db404b2139a2c0c70d410dc408', 'DSC_5161.jpg', 'image/jpeg', 'jpg', 261580, 0, '2022/04/15/', NULL, NULL, '0fba1b88bb486f68efcda405641c84ea4db15b4c', 'public', 1, 'photos', '2022-04-15 10:30:54', '2022-04-15 10:30:54'),
       (941, '754a71f4ed9c03ee6ac1c4f5126c10a2c4d316c2', 'DSC_5162.jpg', 'image/jpeg', 'jpg', 265134, 0, '2022/04/15/', NULL, NULL, '62cbac385cd268915dc850b83d732dc940123702', 'public', 1, 'photos', '2022-04-15 10:30:54', '2022-04-15 10:30:54'),
       (942, '1633c1febacaeb9742a041206304eaf709e97367', 'DSC_5165.jpg', 'image/jpeg', 'jpg', 328493, 0, '2022/04/15/', NULL, NULL, '2e8d95307f1efd4fea1f46d6d710d21a1b73e43a', 'public', 1, 'photos', '2022-04-15 10:30:54', '2022-04-15 10:30:54'),
       (943, '428bb7b1590d0f89e7364a924bcafbb1b5e069be', 'DSC_5166.jpg', 'image/jpeg', 'jpg', 608275, 0, '2022/04/15/', NULL, NULL, '5b22ee19f8d1798489ed0e1bfdc8073e1aa75407', 'public', 1, 'photos', '2022-04-15 10:30:54', '2022-04-15 10:30:54'),
       (944, '41a9fd7154d8d6921824d1768b34a2a01f0cca1d', 'DSC_5168.jpg', 'image/jpeg', 'jpg', 197398, 0, '2022/04/15/', NULL, NULL, 'd3086e6261a0a5e82b73d496571c81ac232ba135', 'public', 1, 'photos', '2022-04-15 10:30:55', '2022-04-15 10:30:55'),
       (945, '098ad2d222094438344eba068179f67dbe2f0488', 'DSC_5172.jpg', 'image/jpeg', 'jpg', 195317, 0, '2022/04/15/', NULL, NULL, '76c52bff65e08e30f89c17e48bed9db1d07d994c', 'public', 1, 'photos', '2022-04-15 10:30:55', '2022-04-15 10:30:55'),
       (946, '90ffea521bcb741a8e71ef4400f594d52f7557ed', 'DSC_5173.jpg', 'image/jpeg', 'jpg', 325754, 0, '2022/04/15/', NULL, NULL, '30932b9357adac6c6aad2e09003deb3c3c388744', 'public', 1, 'photos', '2022-04-15 10:30:55', '2022-04-15 10:30:55'),
       (947, 'e4c3fb19beaf0c4e8139fb87d93cfe03e3dc4111', 'DSC_5196.jpg', 'image/jpeg', 'jpg', 281730, 0, '2022/04/15/', NULL, NULL, '02642b18c8148f888626e21e7fae8d112a4db3e2', 'public', 1, 'photos', '2022-04-15 10:31:50', '2022-04-15 10:31:50'),
       (948, 'af61a369b0a3b0e496bbce4f898b1e78ee2de405', 'DSC_5197.jpg', 'image/jpeg', 'jpg', 466556, 0, '2022/04/15/', NULL, NULL, 'd48c585c92756fdf493e6eb06ec2dff28ab0ab5d', 'public', 1, 'photos', '2022-04-15 10:31:50', '2022-04-15 10:31:50'),
       (949, '9ac18c9f7c5a45a7c03bebc0cfe764e1f5cb7639', 'DSC_5198.jpg', 'image/jpeg', 'jpg', 234347, 0, '2022/04/15/', NULL, NULL, '40e3329a9d5337d53aecb716e36b0f437bf4fac1', 'public', 1, 'photos', '2022-04-15 10:31:50', '2022-04-15 10:31:50'),
       (950, 'c6c0b21d33ac1244f104c5d59f036f28ab02b219', 'DSC_5199.jpg', 'image/jpeg', 'jpg', 206856, 0, '2022/04/15/', NULL, NULL, '3ec8d93c02637adc16c82c1bc58168744e84efb5', 'public', 1, 'photos', '2022-04-15 10:31:50', '2022-04-15 10:31:50'),
       (951, '63f81f561be7bc30a5a3a823f2e5f87a660faf1a', 'DSC_5201.jpg', 'image/jpeg', 'jpg', 139665, 0, '2022/04/15/', NULL, NULL, '36c26269496bea011d0eb6d516df9ffcaf65847c', 'public', 1, 'photos', '2022-04-15 10:31:50', '2022-04-15 10:31:50'),
       (952, '71e4f9c197fc386131404472bcad6b5aff958c2a', 'DSC_5202.jpg', 'image/jpeg', 'jpg', 142501, 0, '2022/04/15/', NULL, NULL, '94f00aaef105fc4b3e4bf0d73c32666ff652382e', 'public', 1, 'photos', '2022-04-15 10:31:50', '2022-04-15 10:31:50'),
       (953, '2667b864026c4e031dbfd52c7a332ba359109be1', 'DSC_5203.jpg', 'image/jpeg', 'jpg', 125322, 0, '2022/04/15/', NULL, NULL, 'd4d338f2716b036fd8ad37d46619de2c93b753f1', 'public', 1, 'photos', '2022-04-15 10:31:51', '2022-04-15 10:31:51'),
       (954, 'a810856c361f8167301df13d75d8608511b5eec9', 'DSC_5204.jpg', 'image/jpeg', 'jpg', 163403, 0, '2022/04/15/', NULL, NULL, '314c3682421186856c3234c224ca142488505ecb', 'public', 1, 'photos', '2022-04-15 10:31:51', '2022-04-15 10:31:51'),
       (955, 'b976f2f01724ada13181e8759f17ed48339d93d3', 'DSC_5207.jpg', 'image/jpeg', 'jpg', 234087, 0, '2022/04/15/', NULL, NULL, '71edc78f62d2ce1b2a01ebde28c4d5562738fd62', 'public', 1, 'photos', '2022-04-15 10:31:51', '2022-04-15 10:31:51'),
       (956, 'b41b1729032abf7ed59f7880dfa9d8ebb4348941', 'DSC_4942.jpg', 'image/jpeg', 'jpg', 306193, 0, '2022/04/15/', NULL, NULL, 'a5ea9d70a83df35797a258250c4a91b919935003', 'public', 1, 'photos', '2022-04-15 10:32:50', '2022-04-15 10:32:50'),
       (957, 'e92d595fbff5c98ecfce157f76fc996fa4531f2d', 'DSC_4944.jpg', 'image/jpeg', 'jpg', 429807, 0, '2022/04/15/', NULL, NULL, 'fb4f782ffd3e9fd4c7232ce5f4af7611a6462f32', 'public', 1, 'photos', '2022-04-15 10:32:50', '2022-04-15 10:32:50'),
       (958, '419c090c89927510b63f0127e838ba2bff8cd830', 'DSC_4945.jpg', 'image/jpeg', 'jpg', 401425, 0, '2022/04/15/', NULL, NULL, '54c1665dae2493411d3dcb55e65cd28b0e31bb3f', 'public', 1, 'photos', '2022-04-15 10:32:50', '2022-04-15 10:32:50'),
       (959, 'a465e23ade780f6f5dd03f5b00f643a9adffb489', 'DSC_4947.jpg', 'image/jpeg', 'jpg', 293797, 0, '2022/04/15/', NULL, NULL, '2c3b52251eacdae51ec46479965d398398f6b328', 'public', 1, 'photos', '2022-04-15 10:32:50', '2022-04-15 10:32:50'),
       (960, '4df8fb2ba86fca55ebbcd2bdec1daa0084a5f16f', 'DSC_4950.jpg', 'image/jpeg', 'jpg', 195796, 0, '2022/04/15/', NULL, NULL, '25d514552e6aacda1abe40c35510bc7816ec66d3', 'public', 1, 'photos', '2022-04-15 10:32:51', '2022-04-15 10:32:51'),
       (961, 'd0e48f9b0b788d5a313679be7a3aee96428f9397', 'DSC_4951.jpg', 'image/jpeg', 'jpg', 217555, 0, '2022/04/15/', NULL, NULL, '38bb2c3111624a08671053f32bfe2d92e89cdd27', 'public', 1, 'photos', '2022-04-15 10:32:51', '2022-04-15 10:32:51'),
       (962, 'a0444022992d698555354e6bf8ba3b79d767e4f2', 'DSC_4952.jpg', 'image/jpeg', 'jpg', 324620, 0, '2022/04/15/', NULL, NULL, '538cea56765ba0da5255027533f22179e2747452', 'public', 1, 'photos', '2022-04-15 10:32:51', '2022-04-15 10:32:51'),
       (963, 'b38c5e207f0c0fd0bad460ad5ea32feb6ab25f9d', 'DSC_4958.jpg', 'image/jpeg', 'jpg', 306598, 0, '2022/04/15/', NULL, NULL, '9bd7ddf082a9d16b716db4c7d40b8dfcaafc44c5', 'public', 1, 'photos', '2022-04-15 10:32:51', '2022-04-15 10:32:51'),
       (964, '05c59ede6afc849247fb63bef3a49c7eb2d25468', 'DSC_4959.jpg', 'image/jpeg', 'jpg', 318188, 0, '2022/04/15/', NULL, NULL, '8882f3e06abdabff6c9e4069848b29686fbdb35d', 'public', 1, 'photos', '2022-04-15 10:32:51', '2022-04-15 10:32:51'),
       (965, 'dc2e303f5b13cd4eff222c5335d5935ab9a97058', 'DSC_4961.jpg', 'image/jpeg', 'jpg', 365542, 0, '2022/04/15/', NULL, NULL, '0e81c185c43928d0ec2b375dedc3765db40615a4', 'public', 1, 'photos', '2022-04-15 10:32:51', '2022-04-15 10:32:51'),
       (966, 'eb3d205cd3446ce75de67dbf82eddf568b3fa665', 'DSC_5209.jpg', 'image/jpeg', 'jpg', 250051, 0, '2022/04/15/', NULL, NULL, '22c3863b5f5d575b9e000832292a8bffca408e8d', 'public', 1, 'photos', '2022-04-15 10:33:40', '2022-04-15 10:33:40'),
       (967, '60f4d798c54463cd741d4d3baa42f9f19d96926c', 'DSC_5211.jpg', 'image/jpeg', 'jpg', 505869, 0, '2022/04/15/', NULL, NULL, '7768d5e6e3551f4bd0b26255a58844c70f4ba1b0', 'public', 1, 'photos', '2022-04-15 10:33:40', '2022-04-15 10:33:40'),
       (968, '6d1225ee1cf8df49dc5e9481b52ed00f5203bfe1', 'DSC_5212.jpg', 'image/jpeg', 'jpg', 256393, 0, '2022/04/15/', NULL, NULL, '23380f3edc51977f4acf5e9a86fd49ca2fc9ec79', 'public', 1, 'photos', '2022-04-15 10:33:40', '2022-04-15 10:33:40'),
       (969, 'e0f3ff090dc2e9a35b5f7ed3d17ced9c14e50248', 'DSC_5214.jpg', 'image/jpeg', 'jpg', 231522, 0, '2022/04/15/', NULL, NULL, '76a3ccbcf30485b292760a89de22693ba8771e71', 'public', 1, 'photos', '2022-04-15 10:33:40', '2022-04-15 10:33:40'),
       (970, '0046495e3b9f05ab3540270f58df0194c2f1a78b', 'DSC_5216.jpg', 'image/jpeg', 'jpg', 217749, 0, '2022/04/15/', NULL, NULL, '1a6b41b02f49d8f1e639098f9b82ec28576beafd', 'public', 1, 'photos', '2022-04-15 10:33:40', '2022-04-15 10:33:40'),
       (971, 'ed68a7aa4f52395ccf89e83f6513723d1d78d22e', 'DSC_5218.jpg', 'image/jpeg', 'jpg', 184868, 0, '2022/04/15/', NULL, NULL, '13275eccf97962891a09bc76f7a606f5aad2a042', 'public', 1, 'photos', '2022-04-15 10:33:40', '2022-04-15 10:33:40'),
       (972, '883f8b160de919c0af25c1b719858fc5e6f8dacb', 'DSC_5220.jpg', 'image/jpeg', 'jpg', 197149, 0, '2022/04/15/', NULL, NULL, '448017b201fb2509de35b1261a5b3402cb7b5267', 'public', 1, 'photos', '2022-04-15 10:33:40', '2022-04-15 10:33:40'),
       (973, '3fdb9de5ebff273d8a1b500d6a87d7d49acfba3a', 'DSC_5221.jpg', 'image/jpeg', 'jpg', 182750, 0, '2022/04/15/', NULL, NULL, 'ac298c4cfb0e567c2d96a656a4783b317b68535f', 'public', 1, 'photos', '2022-04-15 10:33:40', '2022-04-15 10:33:40'),
       (974, 'eb986965a014672a2551db355b3ab68553869b85', 'DSC_5223.jpg', 'image/jpeg', 'jpg', 296745, 0, '2022/04/15/', NULL, NULL, '4da53f0f789260aa58c971b828da8db920080770', 'public', 1, 'photos', '2022-04-15 10:33:41', '2022-04-15 10:33:41'),
       (975, '56ab6f42ce281779dadd44f0c354f071bd3ad409', 'DSC_5015.jpg', 'image/jpeg', 'jpg', 396501, 0, '2022/04/15/', NULL, NULL, '1c713febe1660f6bc2e420a0aa8a1b6597589137', 'public', 1, 'photos', '2022-04-15 10:34:30', '2022-04-15 10:34:30'),
       (976, '4355c36db322495c5bd57c17fb5701bc80dc13c7', 'DSC_5018.jpg', 'image/jpeg', 'jpg', 215798, 0, '2022/04/15/', NULL, NULL, '93c0e913443c93cc160bd20049783bc5ba82ea38', 'public', 1, 'photos', '2022-04-15 10:34:30', '2022-04-15 10:34:30'),
       (977, '2bae712cd5b021dae690689e284ec96db11b4da8', 'DSC_5020.jpg', 'image/jpeg', 'jpg', 331618, 0, '2022/04/15/', NULL, NULL, '66b6f189824f71856dac557139dfcc50010168fe', 'public', 1, 'photos', '2022-04-15 10:34:30', '2022-04-15 10:34:30'),
       (978, 'd5388d09eb5e4df4c95bb60de00fd83545e66a49', 'DSC_5023.jpg', 'image/jpeg', 'jpg', 353042, 0, '2022/04/15/', NULL, NULL, '2ae7bc6f18174a1872a890a4b143148969132b31', 'public', 1, 'photos', '2022-04-15 10:34:30', '2022-04-15 10:34:30'),
       (979, '5932474f50c83258cf252f1a508784239c505492', 'DSC_5026.jpg', 'image/jpeg', 'jpg', 594098, 0, '2022/04/15/', NULL, NULL, 'c9764fbb5006635ce6b4aaab3d4ecde8fd873e6d', 'public', 1, 'photos', '2022-04-15 10:34:31', '2022-04-15 10:34:31'),
       (980, '5900926a4d60eb765d50a69d2b905ef8c718bb69', 'DSC_5027.jpg', 'image/jpeg', 'jpg', 376136, 0, '2022/04/15/', NULL, NULL, 'ccdca555a3d051315a9e125d3b99bc8e177bb4ec', 'public', 1, 'photos', '2022-04-15 10:34:31', '2022-04-15 10:34:31'),
       (981, '78d8c1c9feaa3c98185c54c7d09eb29530d70a13', 'DSC_5028.jpg', 'image/jpeg', 'jpg', 378705, 0, '2022/04/15/', NULL, NULL, '9ec3fa58e9901b144b88fcdca696e3d552277356', 'public', 1, 'photos', '2022-04-15 10:34:31', '2022-04-15 10:34:31'),
       (982, 'bfbd8f05142ed8f1f395c490e78f884498e6943d', 'DSC_5032.jpg', 'image/jpeg', 'jpg', 256704, 0, '2022/04/15/', NULL, NULL, '8f9b71e2cf38d9f9420a6b44ac4f10ac30b089c8', 'public', 1, 'photos', '2022-04-15 10:34:31', '2022-04-15 10:34:31'),
       (983, '9d51b5070d89cfaace259458b6dd1d35cedecf0a', 'DSC_5034.jpg', 'image/jpeg', 'jpg', 421029, 0, '2022/04/15/', NULL, NULL, 'f101339e8a99b135e0c0677517d09b041348ee42', 'public', 1, 'photos', '2022-04-15 10:34:31', '2022-04-15 10:34:31'),
       (984, 'c97644bbd73b277a29972c347a3c9edbd0dfd569', 'DSC_5036.jpg', 'image/jpeg', 'jpg', 338952, 0, '2022/04/15/', NULL, NULL, '10bb15e0c916210fb54a2f51e1fabf3de2b4964c', 'public', 1, 'photos', '2022-04-15 10:34:31', '2022-04-15 10:34:31'),
       (985, '6e1a8b818f0e0855eb9213965f861e4abef160a9', 'DSC_5037.jpg', 'image/jpeg', 'jpg', 386317, 0, '2022/04/15/', NULL, NULL, 'd876093adcb4cc41679ae3ec0c4d9e2494f8c539', 'public', 1, 'photos', '2022-04-15 10:34:32', '2022-04-15 10:34:32'),
       (986, '1b8c6e7241b138ccc9e21860baa8e32d224e84bb', 'DSC_5042.jpg', 'image/jpeg', 'jpg', 181034, 0, '2022/04/15/', NULL, NULL, '75e5730322c7034e760fc5a45c37727a6f0ca0d3', 'public', 1, 'photos', '2022-04-15 10:35:09', '2022-04-15 10:35:09'),
       (987, '41a4f655de79f756dad49486e99bf23c817ab05c', 'DSC_5044.jpg', 'image/jpeg', 'jpg', 228525, 0, '2022/04/15/', NULL, NULL, '345de96f43585e87469fbea43137eca47d321acf', 'public', 1, 'photos', '2022-04-15 10:35:09', '2022-04-15 10:35:09'),
       (988, '10527d51451aa97cd9fc127fe09801c25dc2dbd8', 'DSC_5046.jpg', 'image/jpeg', 'jpg', 169361, 0, '2022/04/15/', NULL, NULL, 'e89197a69e0ccddb155e13a15c0e4d2a9036330b', 'public', 1, 'photos', '2022-04-15 10:35:09', '2022-04-15 10:35:09'),
       (989, '4a77d27e64c7ac378509e8476a17ca3ee03ecb43', 'DSC_5047.jpg', 'image/jpeg', 'jpg', 148373, 0, '2022/04/15/', NULL, NULL, 'f018f0dfba5f89347f9b2a9ac744178c25648ab8', 'public', 1, 'photos', '2022-04-15 10:35:09', '2022-04-15 10:35:09'),
       (990, '9cf2ecaf717230ea90ee240410e4f859d4ec0045', 'DSC_5052.jpg', 'image/jpeg', 'jpg', 159555, 0, '2022/04/15/', NULL, NULL, '50516d78221a1769396ef62e720c68cce63583fd', 'public', 1, 'photos', '2022-04-15 10:35:09', '2022-04-15 10:35:09'),
       (991, 'adca3c811ffeda8a656116614f6780faaf65cc34', 'DSC_5060.jpg', 'image/jpeg', 'jpg', 163952, 0, '2022/04/15/', NULL, NULL, 'a0bec7de4846b5acfa5607b3eb4d2b3e30e10ecf', 'public', 1, 'photos', '2022-04-15 10:35:09', '2022-04-15 10:35:09'),
       (992, 'bb5f5cd835ca33dbab3f8afb5e187b1bf545751e', 'DSC_5061.jpg', 'image/jpeg', 'jpg', 269130, 0, '2022/04/15/', NULL, NULL, '1077e97f0a2574da94febe264da79e096dc373a8', 'public', 1, 'photos', '2022-04-15 10:35:09', '2022-04-15 10:35:09'),
       (993, '6556cf549f56ce9ba09ce11250712ce6df3ac61b', 'DSC_5063.jpg', 'image/jpeg', 'jpg', 281798, 0, '2022/04/15/', NULL, NULL, 'e0fb47765c6f81e5c8d852d33c80d6871cb10d26', 'public', 1, 'photos', '2022-04-15 10:35:09', '2022-04-15 10:35:09'),
       (994, 'c4f203a7dbdd1d73b3b02fd9d8506aff7f8ed634', 'DSC_5086.jpg', 'image/jpeg', 'jpg', 292520, 0, '2022/04/15/', NULL, NULL, '945ae8b3259159923abbb60adcffd2acb3c08464', 'public', 1, 'photos', '2022-04-15 10:35:54', '2022-04-15 10:35:54'),
       (995, '63e06a9e4e493aec21c099c308c7464ea46bb628', 'DSC_5087.jpg', 'image/jpeg', 'jpg', 232518, 0, '2022/04/15/', NULL, NULL, '62258b791820a7b963f629b8e12066824a1dcf74', 'public', 1, 'photos', '2022-04-15 10:35:54', '2022-04-15 10:35:54'),
       (996, '406484fab4e0dbba7063db1a77c4da463cb01c81', 'DSC_5088.jpg', 'image/jpeg', 'jpg', 255099, 0, '2022/04/15/', NULL, NULL, '2ac2f30ac0e70d22f0929b03069244759d5c521b', 'public', 1, 'photos', '2022-04-15 10:35:54', '2022-04-15 10:35:54'),
       (997, 'e482add5149c2c565c6ec1514c8f36b56690f374', 'DSC_5090.jpg', 'image/jpeg', 'jpg', 302710, 0, '2022/04/15/', NULL, NULL, '530e63c0a0e1f0e63ff1f1e2c64eb4a71a3337d9', 'public', 1, 'photos', '2022-04-15 10:35:55', '2022-04-15 10:35:55'),
       (998, 'd324297a0b27ac832f2570d76aa1529ad8008ffa', 'DSC_5093.jpg', 'image/jpeg', 'jpg', 191635, 0, '2022/04/15/', NULL, NULL, 'fac61d6d6639e27f9370b6aea34b45c263875bcf', 'public', 1, 'photos', '2022-04-15 10:35:55', '2022-04-15 10:35:55'),
       (999, '19cf54da581b299e4a4ba2ce0481f1e6f0c6ec48', 'DSC_5095.jpg', 'image/jpeg', 'jpg', 185527, 0, '2022/04/15/', NULL, NULL, 'e457cedae479aea9726ed092815f45cede90e4fe', 'public', 1, 'photos', '2022-04-15 10:35:55', '2022-04-15 10:35:55'),
       (1000, '838406d6eecb5be5306be485c4a4cddb383ba77b', 'DSC_5096.jpg', 'image/jpeg', 'jpg', 187364, 0, '2022/04/15/', NULL, NULL, '5b5dcb722e7372d1899d9f8d6a2ecb7306f70e43', 'public', 1, 'photos', '2022-04-15 10:35:55', '2022-04-15 10:35:55'),
       (1001, '6c1f9eeee5312283d1f1b0e595bc80d5d5d83ae9', 'DSC_5098.jpg', 'image/jpeg', 'jpg', 232907, 0, '2022/04/15/', NULL, NULL, 'eceda557cf682182fc06d7e7c2e0ed807b32764c', 'public', 1, 'photos', '2022-04-15 10:35:55', '2022-04-15 10:35:55'),
       (1002, '5b713e3fa0bb74e5e500b4582b384c712ac58406', 'DSC_5101.jpg', 'image/jpeg', 'jpg', 170233, 0, '2022/04/15/', NULL, NULL, 'c388a12f8e8459110534a5ed7bd704bad7ce5bab', 'public', 1, 'photos', '2022-04-15 10:35:55', '2022-04-15 10:35:55'),
       (1003, 'a58cdc05b03a50fbe41af1f13d22d3c19252b1aa', 'DSC_5102.jpg', 'image/jpeg', 'jpg', 170773, 0, '2022/04/15/', NULL, NULL, 'df22f78091febbf33f9c989b6233eef5f2790e2b', 'public', 1, 'photos', '2022-04-15 10:35:55', '2022-04-15 10:35:55'),
       (1004, 'acb86b9fa896aa7a0caf8201d50a06dd784ae91c', 'DSC_4989.jpg', 'image/jpeg', 'jpg', 252458, 0, '2022/04/15/', NULL, NULL, '69d006cbed63167561643710a2f2b6533b11ed36', 'public', 1, 'photos', '2022-04-15 10:37:01', '2022-04-15 10:37:01'),
       (1005, 'e6d82c7654b7914a0195aba29e18f4ee55665f72', 'DSC_4990.jpg', 'image/jpeg', 'jpg', 506286, 0, '2022/04/15/', NULL, NULL, '8390962465f03396edc8be765bfd465debea7fde', 'public', 1, 'photos', '2022-04-15 10:37:01', '2022-04-15 10:37:01'),
       (1006, '8f4e88fd4a9fbe14b3925c59bc60370fe6ca1e64', 'DSC_4991.jpg', 'image/jpeg', 'jpg', 531215, 0, '2022/04/15/', NULL, NULL, '2501ba4dbfee0f70fb5555a12dfbeaef36751456', 'public', 1, 'photos', '2022-04-15 10:37:02', '2022-04-15 10:37:02'),
       (1007, '68a419d1ac3879d88dbfd9b688923aa215dbc444', 'DSC_4995.jpg', 'image/jpeg', 'jpg', 308475, 0, '2022/04/15/', NULL, NULL, 'b2f4424d7dcd34b56b7da16f9fd3f6f965b8bb10', 'public', 1, 'photos', '2022-04-15 10:37:02', '2022-04-15 10:37:02'),
       (1008, 'b0208d64c4309af0765efb5d93e84d92a17fcf6a', 'DSC_5007.jpg', 'image/jpeg', 'jpg', 449890, 0, '2022/04/15/', NULL, NULL, 'cfe28ce47aaaa26deb71d32a4b61e10a6b5a3212', 'public', 1, 'photos', '2022-04-15 10:37:02', '2022-04-15 10:37:02'),
       (1009, '0e20f1d4d240216d1d27ba79c133b060b30d9541', 'DSC_5009.jpg', 'image/jpeg', 'jpg', 190414, 0, '2022/04/15/', NULL, NULL, '345ba691163041b0ff44a89b6bd8ededa71c3d03', 'public', 1, 'photos', '2022-04-15 10:37:02', '2022-04-15 10:37:02'),
       (1010, '3f714678e728d3837578ea7ffb4132844e65b9c1', 'DSC_5012.jpg', 'image/jpeg', 'jpg', 236550, 0, '2022/04/15/', NULL, NULL, '59fcb67f70eea34b221323c8d1846f5e3a71fcb1', 'public', 1, 'photos', '2022-04-15 10:37:02', '2022-04-15 10:37:02'),
       (1011, '74cd2289444287f4a6f95c8d727820929c63a565', 'DSC_5013.jpg', 'image/jpeg', 'jpg', 239894, 0, '2022/04/15/', NULL, NULL, 'a6d2c85d29126d8ab05c9a262379924e9746231f', 'public', 1, 'photos', '2022-04-15 10:37:02', '2022-04-15 10:37:02'),
       (1012, '8d12d8a9f67fc7ac07ca712d0a54cd0078ab7fa7', 'DSC_5178.jpg', 'image/jpeg', 'jpg', 263132, 0, '2022/04/15/', NULL, NULL, 'eb446466eca6a34f3261fcdd670c5d3518fe8079', 'public', 1, 'photos', '2022-04-15 10:37:58', '2022-04-15 10:37:58'),
       (1013, '7d0a961d11d84455b7f8b2230919ac5f9ee9f959', 'DSC_5179.jpg', 'image/jpeg', 'jpg', 231704, 0, '2022/04/15/', NULL, NULL, '16a7ce7c1b40d4e0e070a8351405f4a09829d81b', 'public', 1, 'photos', '2022-04-15 10:37:58', '2022-04-15 10:37:58'),
       (1014, 'c9725cb79e6427f4ae1d99a00505c25e9d6bd1cc', 'DSC_5186.jpg', 'image/jpeg', 'jpg', 246820, 0, '2022/04/15/', NULL, NULL, '5058b094dfc96f6a55b41acedb0b932be1b645c2', 'public', 1, 'photos', '2022-04-15 10:37:59', '2022-04-15 10:37:59'),
       (1015, '4f8f993c8c01ba1e95cc28b3233914c36c97d02e', 'DSC_5191.jpg', 'image/jpeg', 'jpg', 334376, 0, '2022/04/15/', NULL, NULL, '360883c09c5475c9dba6e9f890ea511fd285912b', 'public', 1, 'photos', '2022-04-15 10:37:59', '2022-04-15 10:37:59'),
       (1016, 'd08ada7f28f015e5290c0df6989f8dd1e38917e9', 'DSC_5192.jpg', 'image/jpeg', 'jpg', 521087, 0, '2022/04/15/', NULL, NULL, '166df3d7906aa4dd1544a30f963cc2afe863ae2a', 'public', 1, 'photos', '2022-04-15 10:37:59', '2022-04-15 10:37:59'),
       (1017, '8c19b73f10b41badc0d44e56f73850f28977f8bb', 'DSC_5194.jpg', 'image/jpeg', 'jpg', 318756, 0, '2022/04/15/', NULL, NULL, '99d00273400debd1ca064a0c0d7793039af6fe2b', 'public', 1, 'photos', '2022-04-15 10:37:59', '2022-04-15 10:37:59'),
       (1018, 'cc4b0affb816d44c3fef2fbd34929a71ff69b1d9', 'DSC_4969.jpg', 'image/jpeg', 'jpg', 208979, 0, '2022/04/15/', NULL, NULL, '27816aea355e1fbbbcb764085995e5a67722be60', 'public', 1, 'photos', '2022-04-15 10:38:47', '2022-04-15 10:38:47'),
       (1019, '442236eac09fed5f77a9626eecb99b239e904000', 'DSC_4970.jpg', 'image/jpeg', 'jpg', 332015, 0, '2022/04/15/', NULL, NULL, '122fac89f17f675f40e5c91c6dc88a08af7369e9', 'public', 1, 'photos', '2022-04-15 10:38:47', '2022-04-15 10:38:47'),
       (1020, 'afa9bd8fc52aa71662250f4f205f499d8af190be', 'DSC_4973.jpg', 'image/jpeg', 'jpg', 180975, 0, '2022/04/15/', NULL, NULL, '66502fc5331a6bf06b09ca95a1ec9681d899c9fd', 'public', 1, 'photos', '2022-04-15 10:38:48', '2022-04-15 10:38:48'),
       (1021, 'f9732701a6268d670e9e59008ef0ce9e478f7297', 'DSC_4974.jpg', 'image/jpeg', 'jpg', 306539, 0, '2022/04/15/', NULL, NULL, '9e08ec2c38a8ac9100de108bcfb965c342cda1de', 'public', 1, 'photos', '2022-04-15 10:38:48', '2022-04-15 10:38:48'),
       (1022, 'eeda5871e463988e92d0dde71d54ec7d6f494e57', 'DSC_4979.jpg', 'image/jpeg', 'jpg', 274643, 0, '2022/04/15/', NULL, NULL, 'f38a320f240577209cdaea45607a592354499436', 'public', 1, 'photos', '2022-04-15 10:38:48', '2022-04-15 10:38:48'),
       (1023, 'dab0e484e1cca5938998549a0c092af00100f24f', 'DSC_4980.jpg', 'image/jpeg', 'jpg', 250568, 0, '2022/04/15/', NULL, NULL, '141f5df1b292d6b93d34ec6b2c3e6913b50fa5d9', 'public', 1, 'photos', '2022-04-15 10:38:48', '2022-04-15 10:38:48'),
       (1024, '11ec8f8cadd556c11a5fcd077dad210e8b56a201', 'DSC_4984.jpg', 'image/jpeg', 'jpg', 162814, 0, '2022/04/15/', NULL, NULL, '2f7f33dccb14026e85c8069547656e62b442a411', 'public', 1, 'photos', '2022-04-15 10:38:48', '2022-04-15 10:38:48'),
       (1025, 'b6955519d54c0bc98016da0155981089e6103b95', 'DSC_5144.jpg', 'image/jpeg', 'jpg', 256522, 0, '2022/04/15/', NULL, NULL, '8dc43d0f61ab06ffc703be1493dbf62318817428', 'public', 1, 'photos', '2022-04-15 10:39:49', '2022-04-15 10:39:49'),
       (1026, 'eb700484ea2d2606eba26b7a32ce2609d908d72e', 'DSC_5148.jpg', 'image/jpeg', 'jpg', 267038, 0, '2022/04/15/', NULL, NULL, '31b9aa64c5dcb67892a9d9dff8d690def51c94ba', 'public', 1, 'photos', '2022-04-15 10:39:49', '2022-04-15 10:39:49'),
       (1027, '761165ea99bca18e3933cfa22681f75a091a913b', 'DSC_5150.jpg', 'image/jpeg', 'jpg', 268488, 0, '2022/04/15/', NULL, NULL, '4fb36dd5470166cbe4d563abc4918037c32a9d7e', 'public', 1, 'photos', '2022-04-15 10:39:49', '2022-04-15 10:39:49'),
       (1028, 'deb02b4946ec41188ff36430d77df1cb21f7886f', 'DSC_5152.jpg', 'image/jpeg', 'jpg', 170485, 0, '2022/04/15/', NULL, NULL, '211b13731e5b28416ea177f3455431cb46758fb0', 'public', 1, 'photos', '2022-04-15 10:39:49', '2022-04-15 10:39:49'),
       (1029, '9e7132cde96e626cf11597fc9ae17c8eebcec994', 'DSC_5153.jpg', 'image/jpeg', 'jpg', 165712, 0, '2022/04/15/', NULL, NULL, '8b34d0a8e26ba538782766e51b8443eeebc583e0', 'public', 1, 'photos', '2022-04-15 10:39:49', '2022-04-15 10:39:49'),
       (1030, 'e097feec00589f1021a763339c62d47bc12c3878', 'DSC_5157.jpg', 'image/jpeg', 'jpg', 213197, 0, '2022/04/15/', NULL, NULL, '28974e5f6513224463b034c4cfd52ab8f58eb55c', 'public', 1, 'photos', '2022-04-15 10:39:49', '2022-04-15 10:39:49'),
       (1031, '96d0c26fa111315162fef7b7617ac32cea86088d', 'DSC_5158.jpg', 'image/jpeg', 'jpg', 183065, 0, '2022/04/15/', NULL, NULL, 'ae84d2fe556ff3a90ca6a630715d38a323096482', 'public', 1, 'photos', '2022-04-15 10:39:49', '2022-04-15 10:39:49'),
       (1032, '9341a289fb29f35e678ef61124fa1f283c6e4f48', 'DSC_5261.jpg', 'image/jpeg', 'jpg', 351519, 0, '2022/04/15/', NULL, NULL, '8c57839b65fe6e1edb8e1590274bf9aac52dc1f8', 'public', 1, 'photos', '2022-04-15 10:40:45', '2022-04-15 10:40:45'),
       (1033, '0c0f444686e0b58182bad87b8edf0dcd0b75fbaf', 'DSC_5269.jpg', 'image/jpeg', 'jpg', 311432, 0, '2022/04/15/', NULL, NULL, 'bf0a19cc429c9925accb8c390b4fadd3d6da3afc', 'public', 1, 'photos', '2022-04-15 10:40:45', '2022-04-15 10:40:45'),
       (1034, '4b55d92aba3e89b7c867a6036ac8e2c0e3187301', 'DSC_5270.jpg', 'image/jpeg', 'jpg', 395483, 0, '2022/04/15/', NULL, NULL, 'b11fd320edad38463a5e50909f853394106d79a6', 'public', 1, 'photos', '2022-04-15 10:40:45', '2022-04-15 10:40:45'),
       (1035, '267e42f3cacad895be66edd362ef1b8ea17f8126', 'DSC_5271.jpg', 'image/jpeg', 'jpg', 230197, 0, '2022/04/15/', NULL, NULL, 'a64cdb1a06c74492d0dde7e82e914152edcf7eb3', 'public', 1, 'photos', '2022-04-15 10:40:45', '2022-04-15 10:40:45'),
       (1036, '19a5a632854b8b2fab311edff6bec0d1f5af1acb', 'DSC_5066.jpg', 'image/jpeg', 'jpg', 338656, 0, '2022/04/15/', NULL, NULL, '38c2b42b03463c06a647decaacc18670f3eef028', 'public', 1, 'photos', '2022-04-15 10:41:46', '2022-04-15 10:41:46'),
       (1037, '823e06565b0e7de3a8f2bade16d63949e6611b62', 'DSC_5069.jpg', 'image/jpeg', 'jpg', 559225, 0, '2022/04/15/', NULL, NULL, 'e36754305c98d87ed55e331175c726d199b49753', 'public', 1, 'photos', '2022-04-15 10:41:46', '2022-04-15 10:41:46'),
       (1038, '747bd6dfcc8f72eaa6bc01c99d22f82c056b2a7e', 'DSC_5070.jpg', 'image/jpeg', 'jpg', 329009, 0, '2022/04/15/', NULL, NULL, 'f8657bfaa14eb9d5b742073def9410425e046b3f', 'public', 1, 'photos', '2022-04-15 10:41:47', '2022-04-15 10:41:47'),
       (1039, '0b3ca9a8f2ea4ebe3915c11832d2e888706063ec', 'DSC_5072.jpg', 'image/jpeg', 'jpg', 310174, 0, '2022/04/15/', NULL, NULL, '5fcae05128f6ea0d90bc43995dd933c39b138e06', 'public', 1, 'photos', '2022-04-15 10:41:47', '2022-04-15 10:41:47'),
       (1040, '325d8b787bfd0ba672ddf71d1ff8f106de3e5f0a', 'DSC_5076.jpg', 'image/jpeg', 'jpg', 393606, 0, '2022/04/15/', NULL, NULL, '4caca3cc49fb2ed3cb9189f0fde26c37df05c1d4', 'public', 1, 'photos', '2022-04-15 10:41:47', '2022-04-15 10:41:47'),
       (1041, '07cd2dcf0da868bcdbab0e615d4a207f698dba1e', 'DSC_5078.jpg', 'image/jpeg', 'jpg', 214692, 0, '2022/04/15/', NULL, NULL, 'd24d72330b721afb25a1f2b0a3b8d9bd5379b532', 'public', 1, 'photos', '2022-04-15 10:41:47', '2022-04-15 10:41:47'),
       (1042, '6ca3c5cc130656a087e4e9826766acd7c9831a53', 'DSC_5079.jpg', 'image/jpeg', 'jpg', 275698, 0, '2022/04/15/', NULL, NULL, 'b18fc232477d28006d7a262456b644490895f461', 'public', 1, 'photos', '2022-04-15 10:41:47', '2022-04-15 10:41:47'),
       (1043, 'c3cc9d558b94a26d3616e6293f9553e7e53c6da1', 'DSC_5080.jpg', 'image/jpeg', 'jpg', 238679, 0, '2022/04/15/', NULL, NULL, 'e5220af788710ef76db4c9ad822afc7399089f7d', 'public', 1, 'photos', '2022-04-15 10:41:47', '2022-04-15 10:41:47'),
       (1044, '55a9f1588d6b5586d7df0878a70516af34b482b5', 'DSC_5082.jpg', 'image/jpeg', 'jpg', 400079, 0, '2022/04/15/', NULL, NULL, 'caf8ef0eac83a3fdcfeadd7e8e297057bc32159b', 'public', 1, 'photos', '2022-04-15 10:41:48', '2022-04-15 10:41:48'),
       (1045, 'c22823561678e09732bdedee4ea0ef9532f8fd65', 'DSC_5083.jpg', 'image/jpeg', 'jpg', 351884, 0, '2022/04/15/', NULL, NULL, '4a4b4ef3291a5a30881e2ae1680baa874f2f578a', 'public', 1, 'photos', '2022-04-15 10:41:48', '2022-04-15 10:41:48'),
       (1046, 'd15de249ae3d89a3608a398e62a44662811ce3fa', 'DSC_4913.jpg', 'image/jpeg', 'jpg', 166429, 0, '2022/04/15/', NULL, NULL, 'a21afa10f96b3370c2d36ae5fad519746fb4a52d', 'public', 1, 'photos', '2022-04-15 10:48:39', '2022-04-15 10:48:39'),
       (1047, '99315feb0a29169e640925e2e1ac0310d9e7d8dc', 'DSC_4915.jpg', 'image/jpeg', 'jpg', 175290, 0, '2022/04/15/', NULL, NULL, '11fd5edb9937b071ab5ab6f1348cc38de5426e59', 'public', 1, 'photos', '2022-04-15 10:48:39', '2022-04-15 10:48:39'),
       (1048, 'fa8427e127b1172b60d231dccc9b1456769025c7', 'DSC_4916.jpg', 'image/jpeg', 'jpg', 170303, 0, '2022/04/15/', NULL, NULL, 'bb4881541e74d25948596e618ca4138f10e04eb3', 'public', 1, 'photos', '2022-04-15 10:48:39', '2022-04-15 10:48:39'),
       (1049, '3b0d0c8fc1ae68ded64debd07a5535558777c2f4', 'DSC_4920.jpg', 'image/jpeg', 'jpg', 174721, 0, '2022/04/15/', NULL, NULL, '4b2913ec05ef995c63864f55ff080f57b14cabd4', 'public', 1, 'photos', '2022-04-15 10:48:39', '2022-04-15 10:48:39'),
       (1050, 'aff08a85e261e4095760fcb2de0269fad9daf4bc', 'DSC_4921.jpg', 'image/jpeg', 'jpg', 262253, 0, '2022/04/15/', NULL, NULL, '24793e1b1aae3a36e016fc103fd7751625f15b06', 'public', 1, 'photos', '2022-04-15 10:48:40', '2022-04-15 10:48:40'),
       (1051, '5edc8bc5463bd9a9955e9b2a8d99a58f4ad63b16', 'DSC_4926.jpg', 'image/jpeg', 'jpg', 268594, 0, '2022/04/15/', NULL, NULL, '27dd4b22da965a32e1d2580db78dc7762ef21e93', 'public', 1, 'photos', '2022-04-15 10:48:40', '2022-04-15 10:48:40'),
       (1052, 'db6bb40d30141c0a00a96c1363099853c6f0ba7f', 'DSC_4927.jpg', 'image/jpeg', 'jpg', 239021, 0, '2022/04/15/', NULL, NULL, 'b7d5b95a4122a89965429068a77de4d6dba9f393', 'public', 1, 'photos', '2022-04-15 10:48:40', '2022-04-15 10:48:40'),
       (1053, '9c23949f91b38d2b05d820f91dcf811b3744cd9a', 'DSC06069-1.jpg', 'image/jpeg', 'jpg', 290930, 0, '2022/04/15/', NULL, NULL, '9583904a9576922a729292162a44c533ce9d7e5d', 'public', 1, 'photos', '2022-04-15 11:02:33', '2022-04-15 11:02:33'),
       (1054, '43af0b718afb3abfcd045e25f67c9b5696c10899', 'DSC06148-1.jpg', 'image/jpeg', 'jpg', 191177, 0, '2022/04/15/', NULL, NULL, '34f85cbdf2dccf1088db1b9766d848e97a1bda37', 'public', 1, 'photos', '2022-04-15 11:02:33', '2022-04-15 11:02:33'),
       (1055, 'e7fdfeb76f587285b4fc897d566e29f0821d55dc', 'DSC06160-1.jpg', 'image/jpeg', 'jpg', 339333, 0, '2022/04/15/', NULL, NULL, 'cb0dccfdea1a122a7f322afebccd8ac3780b1992', 'public', 1, 'photos', '2022-04-15 11:02:34', '2022-04-15 11:02:34'),
       (1056, 'af936612c0bb61fd48b4ea54ac3ac40d8f338317', 'DSC06165-1.jpg', 'image/jpeg', 'jpg', 272573, 0, '2022/04/15/', NULL, NULL, '866a9632ede348f57d378474b255c16b7a68ef0b', 'public', 1, 'photos', '2022-04-15 11:02:34', '2022-04-15 11:02:34'),
       (1057, 'dd63f8a7e7d9703247fd8b83ead3d790de88e3da', 'DSC06171-1.jpg', 'image/jpeg', 'jpg', 296734, 0, '2022/04/15/', NULL, NULL, 'e56a86fdc7b0e1f1b965673c1d967b02d4224e14', 'public', 1, 'photos', '2022-04-15 11:02:34', '2022-04-15 11:02:34'),
       (1058, 'a3900aeef77b67a83f1e7b92ec109e743fe7d78e', 'DSC06172-1.jpg', 'image/jpeg', 'jpg', 235766, 0, '2022/04/15/', NULL, NULL, '59775c4f778a26bc72a8c6e7cfd218b129bcdf44', 'public', 1, 'photos', '2022-04-15 11:02:34', '2022-04-15 11:02:34'),
       (1059, 'e68eac93d3eecfdbafb10d85a407505786ccad97', 'DSC06175-1.jpg', 'image/jpeg', 'jpg', 301620, 0, '2022/04/15/', NULL, NULL, '12613390b41747dc7730c583897bffeeee1a9ee3', 'public', 1, 'photos', '2022-04-15 11:02:34', '2022-04-15 11:02:34'),
       (1060, 'a63efc3f57059781d6ed6d2280690ce1a6610461', 'DSC06176-1.jpg', 'image/jpeg', 'jpg', 186770, 0, '2022/04/15/', NULL, NULL, '2bc73effabb4d56b896208e8f45efc7a01ad9a9f', 'public', 1, 'photos', '2022-04-15 11:02:34', '2022-04-15 11:02:34'),
       (1061, '3306287f99568a68e724d1f652db27c2912e89d4', 'DSC06230-1.jpg', 'image/jpeg', 'jpg', 178972, 0, '2022/04/15/', NULL, NULL, 'ee537194852af64de27db19a6b761d2d00d14230', 'public', 1, 'photos', '2022-04-15 11:02:35', '2022-04-15 11:02:35'),
       (1062, '8a22cd273ce39a4bd736211ce7bbe79253a2eb3a', 'DSC06235-1.jpg', 'image/jpeg', 'jpg', 344882, 0, '2022/04/15/', NULL, NULL, '9a46c32bb276e71b00abab4dbaad76c53b6177ca', 'public', 1, 'photos', '2022-04-15 11:02:35', '2022-04-15 11:02:35'),
       (1065, 'b900d530352d03e4b0ae09a99dca4c803528c4fc', 'photo_2022-05-16_12-28-46.jpg', 'image/jpeg', 'jpg', 75859, 0, '2022/06/01/', NULL, NULL, 'f55ac4b11f0298ef716a6bebb1bfba8f32a41641', 'public', 2, NULL, '2022-06-01 05:57:54', '2022-06-01 05:57:54'),
       (1066, 'b900d530352d03e4b0ae09a99dca4c803528c4fc', 'photo_2022-05-16_12-28-46.jpg', 'image/jpeg', 'jpg', 75859, 0, '2022/06/01/', NULL, NULL, 'f55ac4b11f0298ef716a6bebb1bfba8f32a41641', 'public', 2, NULL, '2022-06-01 06:02:11', '2022-06-01 06:02:11'),
       (1067, 'b900d530352d03e4b0ae09a99dca4c803528c4fc', 'photo_2022-05-16_12-28-46.jpg', 'image/jpeg', 'jpg', 75859, 0, '2022/06/01/', NULL, NULL, 'f55ac4b11f0298ef716a6bebb1bfba8f32a41641', 'public', 2, NULL, '2022-06-01 06:13:37', '2022-06-01 06:13:37'),
       (1068, 'b900d530352d03e4b0ae09a99dca4c803528c4fc', 'photo_2022-05-16_12-28-46.jpg', 'image/jpeg', 'jpg', 75859, 0, '2022/06/01/', NULL, NULL, 'f55ac4b11f0298ef716a6bebb1bfba8f32a41641', 'public', 2, NULL, '2022-06-01 06:24:00', '2022-06-01 06:24:00'),
       (1069, 'b900d530352d03e4b0ae09a99dca4c803528c4fc', 'photo_2022-05-16_12-28-46.jpg', 'image/jpeg', 'jpg', 75859, 0, '2022/06/01/', NULL, NULL, 'f55ac4b11f0298ef716a6bebb1bfba8f32a41641', 'public', 2, NULL, '2022-06-01 06:30:21', '2022-06-01 06:30:21'),
       (1070, 'b900d530352d03e4b0ae09a99dca4c803528c4fc', 'photo_2022-05-16_12-28-46.jpg', 'image/jpeg', 'jpg', 75859, 0, '2022/06/01/', NULL, NULL, 'f55ac4b11f0298ef716a6bebb1bfba8f32a41641', 'public', 2, NULL, '2022-06-01 06:33:58', '2022-06-01 06:33:58'),
       (1071, '7a9765b412c07da25323a7772bb7b2e9e0830fd0', 'Снимок экрана от 2022-05-17 14-03-29.png', 'image/png', 'png', 288042, 0, '2022/06/01/', NULL, NULL, '4d1db575180e04a9d507835792b6b87428ebb6d2', 'public', 2, NULL, '2022-06-01 06:56:57', '2022-06-01 06:56:57'),
       (1072, '11c0716db183ed82b71c1ef10b9d311de72fb6d4', 'Снимок экрана от 2022-05-23 12-56-40.png', 'image/png', 'png', 184016, 0, '2022/06/01/', NULL, NULL, 'd010e5df84e65972b6ff248a0e9f2269588b21ff', 'public', 2, NULL, '2022-06-01 07:01:56', '2022-06-01 07:01:56'),
       (1073, '6faca125ff39a99944c799c7c757a04469f5d8a3', 'Снимок экрана от 2022-05-20 09-16-18.png', 'image/png', 'png', 593267, 0, '2022/06/01/', NULL, NULL, '05a23be400746f66ad558a0ccd15b0f0cb16db7a', 'public', 2, NULL, '2022-06-01 07:02:12', '2022-06-01 07:02:12'),
       (1074, 'b900d530352d03e4b0ae09a99dca4c803528c4fc', 'photo_2022-05-16_12-28-46.jpg', 'image/jpeg', 'jpg', 75859, 0, '2022/06/01/', NULL, NULL, 'f55ac4b11f0298ef716a6bebb1bfba8f32a41641', 'public', 2, NULL, '2022-06-01 07:02:33', '2022-06-01 07:02:33'),
       (1075, 'b900d530352d03e4b0ae09a99dca4c803528c4fc', 'photo_2022-05-16_12-28-46.jpg', 'image/jpeg', 'jpg', 75859, 0, '2022/06/01/', NULL, NULL, 'f55ac4b11f0298ef716a6bebb1bfba8f32a41641', 'public', 2, NULL, '2022-06-01 07:03:47', '2022-06-01 07:03:47'),
       (1076, 'b900d530352d03e4b0ae09a99dca4c803528c4fc', 'photo_2022-05-16_12-28-46.jpg', 'image/jpeg', 'jpg', 75859, 0, '2022/06/01/', NULL, NULL, 'f55ac4b11f0298ef716a6bebb1bfba8f32a41641', 'public', 2, NULL, '2022-06-01 07:04:10', '2022-06-01 07:04:10'),
       (1077, 'b900d530352d03e4b0ae09a99dca4c803528c4fc', 'photo_2022-05-16_12-28-46.jpg', 'image/jpeg', 'jpg', 75859, 0, '2022/06/01/', NULL, NULL, 'f55ac4b11f0298ef716a6bebb1bfba8f32a41641', 'public', 2, NULL, '2022-06-01 07:04:59', '2022-06-01 07:04:59'),
       (1078, 'b1c8a8cac34e2ea36def3592c8eea8ea995dc0dc', 'Снимок экрана от 2022-05-17 14-04-12.png', 'image/png', 'png', 6552, 0, '2022/06/01/', NULL, NULL, '01679d3f3ddf9863341c1925c0159f740d2653bb', 'public', 2, NULL, '2022-06-01 07:05:24', '2022-06-01 07:05:24'),
       (1079, 'b900d530352d03e4b0ae09a99dca4c803528c4fc', 'photo_2022-05-16_12-28-46.jpg', 'image/jpeg', 'jpg', 75859, 0, '2022/06/01/', NULL, NULL, 'f55ac4b11f0298ef716a6bebb1bfba8f32a41641', 'public', 2, NULL, '2022-06-01 07:09:00', '2022-06-01 07:09:00'),
       (1080, 'b900d530352d03e4b0ae09a99dca4c803528c4fc', 'photo_2022-05-16_12-28-46.jpg', 'image/jpeg', 'jpg', 75859, 0, '2022/06/01/', NULL, NULL, 'f55ac4b11f0298ef716a6bebb1bfba8f32a41641', 'public', 2, NULL, '2022-06-01 07:10:25', '2022-06-01 07:10:25'),
       (1081, 'b900d530352d03e4b0ae09a99dca4c803528c4fc', 'photo_2022-05-16_12-28-46.jpg', 'image/jpeg', 'jpg', 75859, 0, '2022/06/01/', NULL, NULL, 'f55ac4b11f0298ef716a6bebb1bfba8f32a41641', 'public', 2, NULL, '2022-06-01 07:10:39', '2022-06-01 07:10:39'),
       (1082, 'b900d530352d03e4b0ae09a99dca4c803528c4fc', 'photo_2022-05-16_12-28-46.jpg', 'image/jpeg', 'jpg', 75859, 0, '2022/06/01/', NULL, NULL, 'f55ac4b11f0298ef716a6bebb1bfba8f32a41641', 'public', 2, NULL, '2022-06-01 07:11:23', '2022-06-01 07:11:23'),
       (1083, 'b900d530352d03e4b0ae09a99dca4c803528c4fc', 'photo_2022-05-16_12-28-46.jpg', 'image/jpeg', 'jpg', 75859, 0, '2022/06/01/', NULL, NULL, 'f55ac4b11f0298ef716a6bebb1bfba8f32a41641', 'public', 2, NULL, '2022-06-01 07:12:09', '2022-06-01 07:12:09'),
       (1084, 'b900d530352d03e4b0ae09a99dca4c803528c4fc', 'photo_2022-05-16_12-28-46.jpg', 'image/jpeg', 'jpg', 75859, 0, '2022/06/01/', NULL, NULL, 'f55ac4b11f0298ef716a6bebb1bfba8f32a41641', 'public', 2, NULL, '2022-06-01 07:12:30', '2022-06-01 07:12:30'),
       (1085, '3331bdd69fd6dec16926c9c3ea51dd4aabcd9a27', 'enot.png', 'image/png', 'png', 386455, 0, '2022/06/08/', NULL, NULL, 'e419a01255e1e926496fc94b3748b4419a465b7d', 'public', 2, 'photos', '2022-06-08 05:50:06', '2022-06-08 05:50:06'),
       (1087, 'cb197072d5a7ee94f1e0b612d789a183e71cd929', 'Снимок экрана от 2022-06-08 09-37-40.png', 'image/png', 'png', 462888, 0, '2022/06/08/', NULL, NULL, '3267b766b3668d1a0a1d52a4da5655010ffb19f3', 'public', 2, 'photos', '2022-06-08 05:50:06', '2022-06-08 05:50:06');
/*!40000 ALTER TABLE `attachments` ENABLE KEYS */;
UNLOCK
TABLES;

--
-- Table structure for table `cataloggr_productgr`
--

DROP TABLE IF EXISTS `cataloggr_productgr`;
/*!40101 SET @saved_cs_client     = @@character_set_client */;
/*!40101 SET character_set_client = utf8 */;
CREATE TABLE `cataloggr_productgr`
(
    `id`           bigint(20) unsigned NOT NULL AUTO_INCREMENT,
    `cataloggr_id` bigint(20) unsigned NOT NULL,
    `productgr_id` bigint(20) unsigned NOT NULL,
    `created_at`   timestamp NULL DEFAULT NULL,
    `updated_at`   timestamp NULL DEFAULT NULL,
    PRIMARY KEY (`id`),
    KEY            `cataloggr_productgr_cataloggr_id_foreign` (`cataloggr_id`),
    KEY            `cataloggr_productgr_productgr_id_foreign` (`productgr_id`),
    CONSTRAINT `cataloggr_productgr_cataloggr_id_foreign` FOREIGN KEY (`cataloggr_id`) REFERENCES `cataloggrs` (`id`),
    CONSTRAINT `cataloggr_productgr_productgr_id_foreign` FOREIGN KEY (`productgr_id`) REFERENCES `productgrs` (`id`)
) ENGINE=InnoDB AUTO_INCREMENT=11 DEFAULT CHARSET=utf8mb4 COLLATE=utf8mb4_unicode_ci;
/*!40101 SET character_set_client = @saved_cs_client */;

--
-- Dumping data for table `cataloggr_productgr`
--

LOCK
TABLES `cataloggr_productgr` WRITE;
/*!40000 ALTER TABLE `cataloggr_productgr` DISABLE KEYS */;
INSERT INTO `cataloggr_productgr`
VALUES (1, 1, 1, NULL, NULL),
       (2, 1, 2, NULL, NULL),
       (3, 7, 3, NULL, NULL),
       (4, 7, 4, NULL, NULL),
       (5, 3, 5, NULL, NULL),
       (6, 3, 6, NULL, NULL),
       (7, 3, 7, NULL, NULL),
       (8, 3, 8, NULL, NULL),
       (9, 3, 9, NULL, NULL),
       (10, 8, 10, NULL, NULL);
/*!40000 ALTER TABLE `cataloggr_productgr` ENABLE KEYS */;
UNLOCK
TABLES;

--
-- Table structure for table `cataloggrs`
--

DROP TABLE IF EXISTS `cataloggrs`;
/*!40101 SET @saved_cs_client     = @@character_set_client */;
/*!40101 SET character_set_client = utf8 */;
CREATE TABLE `cataloggrs`
(
    `id`         bigint(20) unsigned NOT NULL AUTO_INCREMENT,
    `name`       varchar(255) COLLATE utf8mb4_unicode_ci NOT NULL,
    `url`        varchar(255) COLLATE utf8mb4_unicode_ci NOT NULL,
    `active`     tinyint(1) NOT NULL DEFAULT 1,
    `created_at` timestamp NULL DEFAULT NULL,
    `updated_at` timestamp NULL DEFAULT NULL,
    PRIMARY KEY (`id`)
) ENGINE=InnoDB AUTO_INCREMENT=15 DEFAULT CHARSET=utf8mb4 COLLATE=utf8mb4_unicode_ci;
/*!40101 SET character_set_client = @saved_cs_client */;

--
-- Dumping data for table `cataloggrs`
--

LOCK
TABLES `cataloggrs` WRITE;
/*!40000 ALTER TABLE `cataloggrs` DISABLE KEYS */;
INSERT INTO `cataloggrs`
VALUES (1, 'Детский праздник', 'detskij-prazdnik', 1, NULL, NULL),
       (2, 'Кофе-брейк', 'kofe-brejk', 1, NULL, NULL),
       (3, 'Фуршет', 'furshet', 1, NULL, NULL),
       (4, 'Банкет', 'banket', 1, NULL, NULL),
       (5, 'Новогодний корпоратив', 'novogodnij-korporativ', 1, NULL, NULL),
       (6, 'Новогодний стол', 'novogodnij-stol', 1, NULL, NULL),
       (7, 'Вэлком зона', 'velkom-zona', 1, NULL, NULL),
       (8, 'Свадебный кейтеринг', 'svadebnyj-kejtering', 1, NULL, NULL),
       (9, 'Организация свадебного мероприятия', 'organizaciya-svadebnogo-meropriyatiya', 1, NULL, NULL),
       (10, 'Барбекю пати на 20 человек', 'barbekyu-pati-na-20-chelovek', 1, NULL, NULL),
       (11, 'Станция тартар на 20 человек', 'stanciya-tartar-na-20-chelovek', 1, NULL, NULL),
       (12, 'Тако бар на 20 человек', 'tako-bar-na-20-chelovek', 1, NULL, NULL),
       (13, 'Гала-ужин', 'gala-uzhin', 1, NULL, NULL),
       (14, 'Праздничные решения', 'prazdnichny-resheniya', 1, NULL, NULL);
/*!40000 ALTER TABLE `cataloggrs` ENABLE KEYS */;
UNLOCK
TABLES;

--
-- Table structure for table `categories`
--

DROP TABLE IF EXISTS `categories`;
/*!40101 SET @saved_cs_client     = @@character_set_client */;
/*!40101 SET character_set_client = utf8 */;
CREATE TABLE `categories`
(
    `id`     bigint(20) unsigned NOT NULL AUTO_INCREMENT,
    `name`   varchar(255) COLLATE utf8mb4_unicode_ci NOT NULL,
    `url`    varchar(255) COLLATE utf8mb4_unicode_ci NOT NULL,
    `active` tinyint(1) NOT NULL DEFAULT 1,
    PRIMARY KEY (`id`)
) ENGINE=InnoDB AUTO_INCREMENT=24 DEFAULT CHARSET=utf8mb4 COLLATE=utf8mb4_unicode_ci;
/*!40101 SET character_set_client = @saved_cs_client */;

--
-- Dumping data for table `categories`
--

LOCK
TABLES `categories` WRITE;
/*!40000 ALTER TABLE `categories` DISABLE KEYS */;
INSERT INTO `categories`
VALUES (2, 'Детское меню', 'detskoe-menyu', 1),
       (3, 'Канапе и мини-закуски', 'kanape-i-mini-zakuski', 1),
       (4, 'Завтрак', 'zavtrak', 1),
       (5, 'Сэндвичи и брускетты', 'sendvichi-i-brusketty', 1),
       (6, 'Блинные рулеты', 'blinnye-rulety', 1),
       (7, 'Подносы с закусками', 'podnosy-s-zakuskami', 1),
       (8, 'Салаты', 'salaty', 1),
       (9, 'Горячие закуски', 'goryachie-zakuski', 1),
       (10, 'Горячее в стол', 'goryachee-v-stol', 1),
       (11, 'Лоранские пироги', 'loranskie-pirogi', 1),
       (12, 'Десерты', 'deserty', 1),
       (13, 'Торты', 'torty', 1),
       (14, 'Напитки', 'napitki', 1),
       (15, 'Аренда оборудования', 'arenda-oborudovaniya', 1),
       (16, 'Персонал', 'personal', 1),
       (17, 'Овощные закуски', 'ovoshchnye-zakuski', 1),
       (18, 'Мясные закуски', 'myasnye-zakuski', 1),
       (19, 'Рыба и морепродукты', 'ryba-i-moreprodukty', 1),
       (20, 'Без глютена', 'bez-glyutena', 1),
       (21, 'Веганские блюда', 'veganskie-blyuda', 1),
       (22, 'Вегетарианские блюда', 'vegetarianskie-blyuda', 1),
       (23, 'Гастробоксы', 'gastroboksy', 1);
/*!40000 ALTER TABLE `categories` ENABLE KEYS */;
UNLOCK
TABLES;

--
-- Table structure for table `category_g_r_s`
--

DROP TABLE IF EXISTS `category_g_r_s`;
/*!40101 SET @saved_cs_client     = @@character_set_client */;
/*!40101 SET character_set_client = utf8 */;
CREATE TABLE `category_g_r_s`
(
    `id`         bigint(20) unsigned NOT NULL AUTO_INCREMENT,
    `name`       varchar(255) COLLATE utf8mb4_unicode_ci NOT NULL,
    `url`        varchar(255) COLLATE utf8mb4_unicode_ci NOT NULL,
    `active`     tinyint(1) NOT NULL DEFAULT 1,
    `created_at` timestamp NULL DEFAULT NULL,
    `updated_at` timestamp NULL DEFAULT NULL,
    PRIMARY KEY (`id`)
) ENGINE=InnoDB DEFAULT CHARSET=utf8mb4 COLLATE=utf8mb4_unicode_ci;
/*!40101 SET character_set_client = @saved_cs_client */;

--
-- Dumping data for table `category_g_r_s`
--

LOCK
TABLES `category_g_r_s` WRITE;
/*!40000 ALTER TABLE `category_g_r_s` DISABLE KEYS */;
/*!40000 ALTER TABLE `category_g_r_s` ENABLE KEYS */;
UNLOCK
TABLES;

--
-- Table structure for table `category_portfolio_portfolio`
--

DROP TABLE IF EXISTS `category_portfolio_portfolio`;
/*!40101 SET @saved_cs_client     = @@character_set_client */;
/*!40101 SET character_set_client = utf8 */;
CREATE TABLE `category_portfolio_portfolio`
(
    `id`                    bigint(20) unsigned NOT NULL AUTO_INCREMENT,
    `category_portfolio_id` bigint(20) unsigned NOT NULL,
    `portfolio_id`          bigint(20) unsigned NOT NULL,
    `created_at`            timestamp NULL DEFAULT NULL,
    `updated_at`            timestamp NULL DEFAULT NULL,
    PRIMARY KEY (`id`),
    KEY                     `category_portfolio_portfolio_category_portfolio_id_foreign` (`category_portfolio_id`),
    KEY                     `category_portfolio_portfolio_portfolio_id_foreign` (`portfolio_id`),
    CONSTRAINT `category_portfolio_portfolio_category_portfolio_id_foreign` FOREIGN KEY (`category_portfolio_id`) REFERENCES `category_portfolios` (`id`),
    CONSTRAINT `category_portfolio_portfolio_portfolio_id_foreign` FOREIGN KEY (`portfolio_id`) REFERENCES `portfolios` (`id`)
) ENGINE=InnoDB AUTO_INCREMENT=16 DEFAULT CHARSET=utf8mb4 COLLATE=utf8mb4_unicode_ci;
/*!40101 SET character_set_client = @saved_cs_client */;

--
-- Dumping data for table `category_portfolio_portfolio`
--

LOCK
TABLES `category_portfolio_portfolio` WRITE;
/*!40000 ALTER TABLE `category_portfolio_portfolio` DISABLE KEYS */;
INSERT INTO `category_portfolio_portfolio`
VALUES (1, 1, 1, NULL, NULL),
       (2, 3, 3, NULL, NULL),
       (3, 8, 25, NULL, NULL),
       (6, 2, 24, NULL, NULL),
       (7, 7, 23, NULL, NULL),
       (8, 7, 4, NULL, NULL),
       (9, 3, 5, NULL, NULL),
       (10, 5, 6, NULL, NULL),
       (11, 5, 7, NULL, NULL),
       (12, 4, 10, NULL, NULL),
       (13, 4, 11, NULL, NULL),
       (14, 5, 19, NULL, NULL),
       (15, 1, 8, NULL, NULL);
/*!40000 ALTER TABLE `category_portfolio_portfolio` ENABLE KEYS */;
UNLOCK
TABLES;

--
-- Table structure for table `category_portfolios`
--

DROP TABLE IF EXISTS `category_portfolios`;
/*!40101 SET @saved_cs_client     = @@character_set_client */;
/*!40101 SET character_set_client = utf8 */;
CREATE TABLE `category_portfolios`
(
    `id`         bigint(20) unsigned NOT NULL AUTO_INCREMENT,
    `name`       varchar(255) COLLATE utf8mb4_unicode_ci NOT NULL,
    `url`        varchar(255) COLLATE utf8mb4_unicode_ci NOT NULL,
    `active`     tinyint(1) NOT NULL DEFAULT 1,
    `created_at` timestamp NULL DEFAULT NULL,
    `updated_at` timestamp NULL DEFAULT NULL,
    PRIMARY KEY (`id`)
) ENGINE=InnoDB AUTO_INCREMENT=9 DEFAULT CHARSET=utf8mb4 COLLATE=utf8mb4_unicode_ci;
/*!40101 SET character_set_client = @saved_cs_client */;

--
-- Dumping data for table `category_portfolios`
--

LOCK
TABLES `category_portfolios` WRITE;
/*!40000 ALTER TABLE `category_portfolios` DISABLE KEYS */;
INSERT INTO `category_portfolios`
VALUES (1, 'Фуршет', 'category1', 1, NULL, NULL),
       (2, 'Кофе-брейк', 'category2', 1, NULL, NULL),
       (3, 'Гала-ужин', 'category3', 1, NULL, NULL),
       (4, 'Детский праздник', 'category4', 1, NULL, NULL),
       (5, 'Свадьба', 'category5', 1, NULL, NULL),
       (6, 'Вэлком-зона', 'category6', 1, NULL, NULL),
       (7, 'Банкет', 'category7', 1, NULL, NULL),
       (8, 'Барбекю', 'category8', 1, NULL, NULL);
/*!40000 ALTER TABLE `category_portfolios` ENABLE KEYS */;
UNLOCK
TABLES;

--
-- Table structure for table `category_product`
--

DROP TABLE IF EXISTS `category_product`;
/*!40101 SET @saved_cs_client     = @@character_set_client */;
/*!40101 SET character_set_client = utf8 */;
CREATE TABLE `category_product`
(
    `id`          bigint(20) unsigned NOT NULL AUTO_INCREMENT,
    `category_id` bigint(20) unsigned NOT NULL,
    `product_id`  bigint(20) unsigned NOT NULL,
    `created_at`  timestamp NULL DEFAULT NULL,
    `updated_at`  timestamp NULL DEFAULT NULL,
    PRIMARY KEY (`id`),
    KEY           `category_product_category_id_foreign` (`category_id`),
    KEY           `category_product_product_id_foreign` (`product_id`),
    CONSTRAINT `category_product_category_id_foreign` FOREIGN KEY (`category_id`) REFERENCES `categories` (`id`),
    CONSTRAINT `category_product_product_id_foreign` FOREIGN KEY (`product_id`) REFERENCES `products` (`id`)
) ENGINE=InnoDB AUTO_INCREMENT=102 DEFAULT CHARSET=utf8mb4 COLLATE=utf8mb4_unicode_ci;
/*!40101 SET character_set_client = @saved_cs_client */;

--
-- Dumping data for table `category_product`
--

LOCK
TABLES `category_product` WRITE;
/*!40000 ALTER TABLE `category_product` DISABLE KEYS */;
INSERT INTO `category_product`
VALUES (2, 3, 1, NULL, NULL),
       (3, 14, 80, NULL, NULL),
       (4, 14, 81, NULL, NULL),
       (5, 14, 82, NULL, NULL),
       (6, 14, 83, NULL, NULL),
       (7, 14, 84, NULL, NULL),
       (8, 14, 85, NULL, NULL),
       (9, 14, 86, NULL, NULL),
       (10, 14, 87, NULL, NULL),
       (11, 7, 17, NULL, NULL),
       (12, 7, 29, NULL, NULL),
       (13, 7, 30, NULL, NULL),
       (14, 7, 31, NULL, NULL),
       (15, 7, 32, NULL, NULL),
       (16, 7, 33, NULL, NULL),
       (17, 7, 34, NULL, NULL),
       (18, 7, 35, NULL, NULL),
       (19, 11, 12, NULL, NULL),
       (20, 11, 13, NULL, NULL),
       (21, 11, 14, NULL, NULL),
       (22, 11, 15, NULL, NULL),
       (23, 11, 64, NULL, NULL),
       (24, 11, 65, NULL, NULL),
       (25, 11, 66, NULL, NULL),
       (26, 11, 67, NULL, NULL),
       (27, 11, 68, NULL, NULL),
       (28, 11, 69, NULL, NULL),
       (29, 11, 70, NULL, NULL),
       (30, 11, 71, NULL, NULL),
       (31, 3, 26, NULL, NULL),
       (33, 3, 2, NULL, NULL),
       (34, 3, 3, NULL, NULL),
       (35, 3, 4, NULL, NULL),
       (36, 3, 5, NULL, NULL),
       (37, 3, 6, NULL, NULL),
       (38, 3, 7, NULL, NULL),
       (39, 3, 8, NULL, NULL),
       (40, 3, 9, NULL, NULL),
       (41, 3, 10, NULL, NULL),
       (42, 3, 11, NULL, NULL),
       (43, 12, 16, NULL, NULL),
       (44, 3, 18, NULL, NULL),
       (45, 3, 19, NULL, NULL),
       (46, 3, 20, NULL, NULL),
       (47, 3, 21, NULL, NULL),
       (48, 3, 22, NULL, NULL),
       (49, 3, 23, NULL, NULL),
       (50, 3, 24, NULL, NULL),
       (51, 3, 25, NULL, NULL),
       (52, 3, 27, NULL, NULL),
       (53, 3, 28, NULL, NULL),
       (54, 3, 36, NULL, NULL),
       (55, 3, 37, NULL, NULL),
       (56, 3, 38, NULL, NULL),
       (57, 3, 39, NULL, NULL),
       (58, 3, 40, NULL, NULL),
       (59, 3, 41, NULL, NULL),
       (60, 3, 42, NULL, NULL),
       (61, 3, 43, NULL, NULL),
       (62, 3, 44, NULL, NULL),
       (63, 3, 45, NULL, NULL),
       (64, 3, 46, NULL, NULL),
       (65, 3, 47, NULL, NULL),
       (66, 3, 48, NULL, NULL),
       (67, 3, 49, NULL, NULL),
       (68, 3, 50, NULL, NULL),
       (69, 3, 52, NULL, NULL),
       (70, 3, 53, NULL, NULL),
       (71, 3, 54, NULL, NULL),
       (72, 3, 55, NULL, NULL),
       (73, 3, 56, NULL, NULL),
       (74, 3, 57, NULL, NULL),
       (75, 3, 58, NULL, NULL),
       (76, 18, 59, NULL, NULL),
       (77, 19, 60, NULL, NULL),
       (78, 17, 61, NULL, NULL),
       (79, 19, 62, NULL, NULL),
       (80, 17, 63, NULL, NULL),
       (81, 3, 72, NULL, NULL),
       (82, 3, 73, NULL, NULL),
       (83, 12, 74, NULL, NULL),
       (84, 3, 75, NULL, NULL),
       (85, 12, 76, NULL, NULL),
       (86, 3, 77, NULL, NULL),
       (87, 12, 78, NULL, NULL),
       (88, 3, 79, NULL, NULL),
       (89, 3, 88, NULL, NULL),
       (90, 2, 89, NULL, NULL),
       (91, 15, 92, NULL, NULL),
       (92, 15, 93, NULL, NULL),
       (93, 11, 94, NULL, NULL),
       (94, 15, 95, NULL, NULL),
       (95, 3, 96, NULL, NULL),
       (96, 10, 97, NULL, NULL),
       (97, 15, 98, NULL, NULL),
       (98, 3, 99, NULL, NULL),
       (99, 5, 100, NULL, NULL),
       (100, 5, 101, NULL, NULL),
       (101, 5, 102, NULL, NULL);
/*!40000 ALTER TABLE `category_product` ENABLE KEYS */;
UNLOCK
TABLES;

--
-- Table structure for table `category_styledet_portfolio`
--

DROP TABLE IF EXISTS `category_styledet_portfolio`;
/*!40101 SET @saved_cs_client     = @@character_set_client */;
/*!40101 SET character_set_client = utf8 */;
CREATE TABLE `category_styledet_portfolio`
(
    `id`                   bigint(20) unsigned NOT NULL AUTO_INCREMENT,
    `category_styledet_id` bigint(20) unsigned NOT NULL,
    `portfolio_id`         bigint(20) unsigned NOT NULL,
    `created_at`           timestamp NULL DEFAULT NULL,
    `updated_at`           timestamp NULL DEFAULT NULL,
    PRIMARY KEY (`id`),
    KEY                    `category_styledet_portfolio_category_styledet_id_foreign` (`category_styledet_id`),
    KEY                    `category_styledet_portfolio_portfolio_id_foreign` (`portfolio_id`),
    CONSTRAINT `category_styledet_portfolio_category_styledet_id_foreign` FOREIGN KEY (`category_styledet_id`) REFERENCES `category_styledets` (`id`),
    CONSTRAINT `category_styledet_portfolio_portfolio_id_foreign` FOREIGN KEY (`portfolio_id`) REFERENCES `portfolios` (`id`)
) ENGINE=InnoDB AUTO_INCREMENT=4 DEFAULT CHARSET=utf8mb4 COLLATE=utf8mb4_unicode_ci;
/*!40101 SET character_set_client = @saved_cs_client */;

--
-- Dumping data for table `category_styledet_portfolio`
--

LOCK
TABLES `category_styledet_portfolio` WRITE;
/*!40000 ALTER TABLE `category_styledet_portfolio` DISABLE KEYS */;
INSERT INTO `category_styledet_portfolio`
VALUES (1, 1, 1, NULL, NULL),
       (2, 1, 24, NULL, NULL),
       (3, 1, 23, NULL, NULL);
/*!40000 ALTER TABLE `category_styledet_portfolio` ENABLE KEYS */;
UNLOCK
TABLES;

--
-- Table structure for table `category_styledet_productgr`
--

DROP TABLE IF EXISTS `category_styledet_productgr`;
/*!40101 SET @saved_cs_client     = @@character_set_client */;
/*!40101 SET character_set_client = utf8 */;
CREATE TABLE `category_styledet_productgr`
(
    `id`                   bigint(20) unsigned NOT NULL AUTO_INCREMENT,
    `category_styledet_id` bigint(20) unsigned NOT NULL,
    `productgr_id`         bigint(20) unsigned NOT NULL,
    `created_at`           timestamp NULL DEFAULT NULL,
    `updated_at`           timestamp NULL DEFAULT NULL,
    PRIMARY KEY (`id`),
    KEY                    `category_styledet_productgr_category_styledet_id_foreign` (`category_styledet_id`),
    KEY                    `category_styledet_productgr_productgr_id_foreign` (`productgr_id`),
    CONSTRAINT `category_styledet_productgr_category_styledet_id_foreign` FOREIGN KEY (`category_styledet_id`) REFERENCES `category_styledets` (`id`),
    CONSTRAINT `category_styledet_productgr_productgr_id_foreign` FOREIGN KEY (`productgr_id`) REFERENCES `productgrs` (`id`)
) ENGINE=InnoDB DEFAULT CHARSET=utf8mb4 COLLATE=utf8mb4_unicode_ci;
/*!40101 SET character_set_client = @saved_cs_client */;

--
-- Dumping data for table `category_styledet_productgr`
--

LOCK
TABLES `category_styledet_productgr` WRITE;
/*!40000 ALTER TABLE `category_styledet_productgr` DISABLE KEYS */;
/*!40000 ALTER TABLE `category_styledet_productgr` ENABLE KEYS */;
UNLOCK
TABLES;

--
-- Table structure for table `category_styledets`
--

DROP TABLE IF EXISTS `category_styledets`;
/*!40101 SET @saved_cs_client     = @@character_set_client */;
/*!40101 SET character_set_client = utf8 */;
CREATE TABLE `category_styledets`
(
    `id`         bigint(20) unsigned NOT NULL AUTO_INCREMENT,
    `name`       varchar(255) COLLATE utf8mb4_unicode_ci NOT NULL,
    `url`        varchar(255) COLLATE utf8mb4_unicode_ci DEFAULT NULL,
    `shortdesc`  text COLLATE utf8mb4_unicode_ci         DEFAULT NULL,
    `desc`       text COLLATE utf8mb4_unicode_ci         DEFAULT NULL,
    `active`     tinyint(1) NOT NULL DEFAULT 1,
    `created_at` timestamp NULL DEFAULT NULL,
    `updated_at` timestamp NULL DEFAULT NULL,
    PRIMARY KEY (`id`)
) ENGINE=InnoDB AUTO_INCREMENT=2 DEFAULT CHARSET=utf8mb4 COLLATE=utf8mb4_unicode_ci;
/*!40101 SET character_set_client = @saved_cs_client */;

--
-- Dumping data for table `category_styledets`
--

LOCK
TABLES `category_styledets` WRITE;
/*!40000 ALTER TABLE `category_styledets` DISABLE KEYS */;
INSERT INTO `category_styledets`
VALUES (1, 'Стиль для детского стола', 'styledetstol', '<p>фыв</p><p>фыв</p>', '<p>фывфы</p><p>фыв</p>', 1, NULL, NULL);
/*!40000 ALTER TABLE `category_styledets` ENABLE KEYS */;
UNLOCK
TABLES;

--
-- Table structure for table `category_stylevz_portfolio`
--

DROP TABLE IF EXISTS `category_stylevz_portfolio`;
/*!40101 SET @saved_cs_client     = @@character_set_client */;
/*!40101 SET character_set_client = utf8 */;
CREATE TABLE `category_stylevz_portfolio`
(
    `id`                  bigint(20) unsigned NOT NULL AUTO_INCREMENT,
    `category_stylevz_id` bigint(20) unsigned NOT NULL,
    `portfolio_id`        bigint(20) unsigned NOT NULL,
    `created_at`          timestamp NULL DEFAULT NULL,
    `updated_at`          timestamp NULL DEFAULT NULL,
    PRIMARY KEY (`id`),
    KEY                   `category_stylevz_portfolio_category_stylevz_id_foreign` (`category_stylevz_id`),
    KEY                   `category_stylevz_portfolio_portfolio_id_foreign` (`portfolio_id`),
    CONSTRAINT `category_stylevz_portfolio_category_stylevz_id_foreign` FOREIGN KEY (`category_stylevz_id`) REFERENCES `category_stylevzs` (`id`),
    CONSTRAINT `category_stylevz_portfolio_portfolio_id_foreign` FOREIGN KEY (`portfolio_id`) REFERENCES `portfolios` (`id`)
) ENGINE=InnoDB AUTO_INCREMENT=4 DEFAULT CHARSET=utf8mb4 COLLATE=utf8mb4_unicode_ci;
/*!40101 SET character_set_client = @saved_cs_client */;

--
-- Dumping data for table `category_stylevz_portfolio`
--

LOCK
TABLES `category_stylevz_portfolio` WRITE;
/*!40000 ALTER TABLE `category_stylevz_portfolio` DISABLE KEYS */;
INSERT INTO `category_stylevz_portfolio`
VALUES (1, 1, 1, NULL, NULL),
       (2, 1, 24, NULL, NULL),
       (3, 1, 23, NULL, NULL);
/*!40000 ALTER TABLE `category_stylevz_portfolio` ENABLE KEYS */;
UNLOCK
TABLES;

--
-- Table structure for table `category_stylevz_productgr`
--

DROP TABLE IF EXISTS `category_stylevz_productgr`;
/*!40101 SET @saved_cs_client     = @@character_set_client */;
/*!40101 SET character_set_client = utf8 */;
CREATE TABLE `category_stylevz_productgr`
(
    `id`                  bigint(20) unsigned NOT NULL AUTO_INCREMENT,
    `category_stylevz_id` bigint(20) unsigned NOT NULL,
    `productgr_id`        bigint(20) unsigned NOT NULL,
    `created_at`          timestamp NULL DEFAULT NULL,
    `updated_at`          timestamp NULL DEFAULT NULL,
    PRIMARY KEY (`id`),
    KEY                   `category_stylevz_productgr_category_stylevz_id_foreign` (`category_stylevz_id`),
    KEY                   `category_stylevz_productgr_productgr_id_foreign` (`productgr_id`),
    CONSTRAINT `category_stylevz_productgr_category_stylevz_id_foreign` FOREIGN KEY (`category_stylevz_id`) REFERENCES `category_stylevzs` (`id`),
    CONSTRAINT `category_stylevz_productgr_productgr_id_foreign` FOREIGN KEY (`productgr_id`) REFERENCES `productgrs` (`id`)
) ENGINE=InnoDB DEFAULT CHARSET=utf8mb4 COLLATE=utf8mb4_unicode_ci;
/*!40101 SET character_set_client = @saved_cs_client */;

--
-- Dumping data for table `category_stylevz_productgr`
--

LOCK
TABLES `category_stylevz_productgr` WRITE;
/*!40000 ALTER TABLE `category_stylevz_productgr` DISABLE KEYS */;
/*!40000 ALTER TABLE `category_stylevz_productgr` ENABLE KEYS */;
UNLOCK
TABLES;

--
-- Table structure for table `category_stylevzs`
--

DROP TABLE IF EXISTS `category_stylevzs`;
/*!40101 SET @saved_cs_client     = @@character_set_client */;
/*!40101 SET character_set_client = utf8 */;
CREATE TABLE `category_stylevzs`
(
    `id`         bigint(20) unsigned NOT NULL AUTO_INCREMENT,
    `name`       varchar(255) COLLATE utf8mb4_unicode_ci NOT NULL,
    `url`        varchar(255) COLLATE utf8mb4_unicode_ci DEFAULT NULL,
    `shortdesc`  text COLLATE utf8mb4_unicode_ci         DEFAULT NULL,
    `desc`       text COLLATE utf8mb4_unicode_ci         DEFAULT NULL,
    `active`     tinyint(1) NOT NULL DEFAULT 1,
    `created_at` timestamp NULL DEFAULT NULL,
    `updated_at` timestamp NULL DEFAULT NULL,
    PRIMARY KEY (`id`)
) ENGINE=InnoDB AUTO_INCREMENT=2 DEFAULT CHARSET=utf8mb4 COLLATE=utf8mb4_unicode_ci;
/*!40101 SET character_set_client = @saved_cs_client */;

--
-- Dumping data for table `category_stylevzs`
--

LOCK
TABLES `category_stylevzs` WRITE;
/*!40000 ALTER TABLE `category_stylevzs` DISABLE KEYS */;
INSERT INTO `category_stylevzs`
VALUES (1, 'Стиль для взрос стола 1', 'katalog1', '<p>Отношение к клиенту. С уважением и думая об интересе клиента.</p><p>Внимание к деталям. Все продумано.</p>',
        '<p>Отношение к клиенту. С уважением и думая об интересе клиента.</p><p>Внимание к деталям. Все продумано.</p><p>Индивидуальный подход. Разработаем блюдо под вас.</p><p>С любовью к делу</p><p>Выбирая только лучшее, как для себя. Чтобы вызывало восторг и кайф.</p><p>Фермерские продукты, необычные сочетания и овощи</p><p>Путь написать, основываясь на свои ценности.</p><p><br></p>',
        1, NULL, NULL);
/*!40000 ALTER TABLE `category_stylevzs` ENABLE KEYS */;
UNLOCK
TABLES;

--
-- Table structure for table `catformat_format`
--

DROP TABLE IF EXISTS `catformat_format`;
/*!40101 SET @saved_cs_client     = @@character_set_client */;
/*!40101 SET character_set_client = utf8 */;
CREATE TABLE `catformat_format`
(
    `id`           bigint(20) unsigned NOT NULL AUTO_INCREMENT,
    `catformat_id` bigint(20) unsigned NOT NULL,
    `format_id`    bigint(20) unsigned NOT NULL,
    `created_at`   timestamp NULL DEFAULT NULL,
    `updated_at`   timestamp NULL DEFAULT NULL,
    PRIMARY KEY (`id`),
    KEY            `catformat_format_catformat_id_foreign` (`catformat_id`),
    KEY            `catformat_format_format_id_foreign` (`format_id`),
    CONSTRAINT `catformat_format_catformat_id_foreign` FOREIGN KEY (`catformat_id`) REFERENCES `catformats` (`id`),
    CONSTRAINT `catformat_format_format_id_foreign` FOREIGN KEY (`format_id`) REFERENCES `formats` (`id`)
) ENGINE=InnoDB AUTO_INCREMENT=10 DEFAULT CHARSET=utf8mb4 COLLATE=utf8mb4_unicode_ci;
/*!40101 SET character_set_client = @saved_cs_client */;

--
-- Dumping data for table `catformat_format`
--

LOCK
TABLES `catformat_format` WRITE;
/*!40000 ALTER TABLE `catformat_format` DISABLE KEYS */;
/*!40000 ALTER TABLE `catformat_format` ENABLE KEYS */;
UNLOCK
TABLES;

--
-- Table structure for table `catformats`
--

DROP TABLE IF EXISTS `catformats`;
/*!40101 SET @saved_cs_client     = @@character_set_client */;
/*!40101 SET character_set_client = utf8 */;
CREATE TABLE `catformats`
(
    `id`         bigint(20) unsigned NOT NULL AUTO_INCREMENT,
    `title`      varchar(255) COLLATE utf8mb4_unicode_ci DEFAULT NULL,
    `desc`       text COLLATE utf8mb4_unicode_ci         DEFAULT NULL,
    `url`        varchar(255) COLLATE utf8mb4_unicode_ci DEFAULT NULL,
    `active`     tinyint(1) NOT NULL DEFAULT 1,
    `created_at` timestamp NULL DEFAULT NULL,
    `updated_at` timestamp NULL DEFAULT NULL,
    PRIMARY KEY (`id`)
) ENGINE=InnoDB AUTO_INCREMENT=11 DEFAULT CHARSET=utf8mb4 COLLATE=utf8mb4_unicode_ci;
/*!40101 SET character_set_client = @saved_cs_client */;

--
-- Dumping data for table `catformats`
--

LOCK
TABLES `catformats` WRITE;
/*!40000 ALTER TABLE `catformats` DISABLE KEYS */;
INSERT INTO `catformats`
VALUES (1, 'Банкет', '<p>краткое описание категории</p>', 'banket', 1, NULL, NULL),
       (2, 'Фуршет',
        '<p>Этот формат мероприятия характеризуется тем, что все угощения размещаются на&nbsp;столах и при этом нет стульев. Дополнительно могут быть выставлены коктейльные столы. Гости сами выбирают для себя еду и напитки. Официанты&nbsp;разносят некоторые блюда и помогают гостям с выбором. Приглашённые едят стоя или свободно передвигаются по&nbsp;залу, легко и&nbsp;непринужденно общаясь, с кем пожелают.</p>',
        'furshet', 1, NULL, NULL),
       (3, 'Кофе-брейк', NULL, 'kofe-brejk', 1, NULL, NULL),
       (4, 'Детский праздник', NULL, 'detskij-prazdnik', 1, NULL, NULL),
       (5, 'Велком-зона', NULL, 'velkom-zona', 1, NULL, NULL),
       (6, 'Свадьба в стиле фуршета', NULL, 'svadba-v-stile-fursheta', 1, NULL, NULL),
       (7, 'Свадебный кейтеринг', NULL, 'svadebnyj- kejtering', 1, NULL, NULL),
       (8, 'Гала-ужин', NULL, 'gala-uzhin', 1, NULL, NULL),
       (9, 'Барбекю пати', NULL, 'barbekyu-pati', 1, NULL, NULL),
       (10, 'Организация под ключ', NULL, 'organizaciya-pod-klyuch', 1, NULL, NULL);
/*!40000 ALTER TABLE `catformats` ENABLE KEYS */;
UNLOCK
TABLES;

--
-- Table structure for table `f_a_q_s`
--

DROP TABLE IF EXISTS `f_a_q_s`;
/*!40101 SET @saved_cs_client     = @@character_set_client */;
/*!40101 SET character_set_client = utf8 */;
CREATE TABLE `f_a_q_s`
(
    `id`         bigint(20) unsigned NOT NULL AUTO_INCREMENT,
    `title`      varchar(255) COLLATE utf8mb4_unicode_ci NOT NULL,
    `body`       text COLLATE utf8mb4_unicode_ci         NOT NULL,
    `enabled`    tinyint(1) DEFAULT 1,
    `created_at` timestamp NULL DEFAULT NULL,
    `updated_at` timestamp NULL DEFAULT NULL,
    PRIMARY KEY (`id`)
) ENGINE=InnoDB AUTO_INCREMENT=9 DEFAULT CHARSET=utf8mb4 COLLATE=utf8mb4_unicode_ci;
/*!40101 SET character_set_client = @saved_cs_client */;

--
-- Dumping data for table `f_a_q_s`
--

LOCK
TABLES `f_a_q_s` WRITE;
/*!40000 ALTER TABLE `f_a_q_s` DISABLE KEYS */;
INSERT INTO `f_a_q_s`
VALUES (1, 'Какова средняя стоимость мероприятия?', 'Зависит от типа мероприятия, количества гостей и множества других факторов. На данный вопрос менеджер ответит только после получения вводной информации о планируемом проекте.', 1, NULL, NULL),
       (2, 'Можно заказать у вас постные или вегетарианские блюда?', 'Зависит от типа мероприятия, количества гостей и множества других факторов. На данный вопрос менеджер ответит только после получения вводной информации о планируемом проекте.', 1, NULL, NULL),
       (3, 'У вас в меню нет блюда, которое я хотел бы видеть на столе. Вы приготовите его, если закажу?', 'Зависит от типа мероприятия, количества гостей и множества других факторов. На данный вопрос менеджер ответит только после получения вводной информации о планируемом проекте.', 1, NULL, NULL),
       (4, 'У вас можно заказать торт с фотографиями и надписями?', 'Зависит от типа мероприятия, количества гостей и множества других факторов. На данный вопрос менеджер ответит только после получения вводной информации о планируемом проекте.', 1, NULL, NULL),
       (5, 'Можно продегустировать блюда?', 'Зависит от типа мероприятия, количества гостей и множества других факторов. На данный вопрос менеджер ответит только после получения вводной информации о планируемом проекте.', 1, NULL, NULL),
       (6, 'Что входит в стоимость мероприятия?', 'Зависит от типа мероприятия, количества гостей и множества других факторов. На данный вопрос менеджер ответит только после получения вводной информации о планируемом проекте.', 1, NULL, NULL),
       (7, ' За сколько дней до мероприятия нужно подтвердить меню?', 'Зависит от типа мероприятия, количества гостей и множества других факторов. На данный вопрос менеджер ответит только после получения вводной информации о планируемом проекте.', 1, NULL, NULL),
       (8, 'asdasd', 'asdasd', 0, '2022-01-21 04:49:37', '2022-01-21 04:49:37');
/*!40000 ALTER TABLE `f_a_q_s` ENABLE KEYS */;
UNLOCK
TABLES;

--
-- Table structure for table `failed_jobs`
--

DROP TABLE IF EXISTS `failed_jobs`;
/*!40101 SET @saved_cs_client     = @@character_set_client */;
/*!40101 SET character_set_client = utf8 */;
CREATE TABLE `failed_jobs`
(
    `id`         bigint(20) unsigned NOT NULL AUTO_INCREMENT,
    `uuid`       varchar(255) COLLATE utf8mb4_unicode_ci NOT NULL,
    `connection` text COLLATE utf8mb4_unicode_ci         NOT NULL,
    `queue`      text COLLATE utf8mb4_unicode_ci         NOT NULL,
    `payload`    longtext COLLATE utf8mb4_unicode_ci     NOT NULL,
    `exception`  longtext COLLATE utf8mb4_unicode_ci     NOT NULL,
    `failed_at`  timestamp                               NOT NULL DEFAULT current_timestamp(),
    PRIMARY KEY (`id`),
    UNIQUE KEY `failed_jobs_uuid_unique` (`uuid`)
) ENGINE=InnoDB DEFAULT CHARSET=utf8mb4 COLLATE=utf8mb4_unicode_ci;
/*!40101 SET character_set_client = @saved_cs_client */;

--
-- Dumping data for table `failed_jobs`
--

LOCK
TABLES `failed_jobs` WRITE;
/*!40000 ALTER TABLE `failed_jobs` DISABLE KEYS */;
/*!40000 ALTER TABLE `failed_jobs` ENABLE KEYS */;
UNLOCK
TABLES;

--
-- Table structure for table `format_review`
--

DROP TABLE IF EXISTS `format_review`;
/*!40101 SET @saved_cs_client     = @@character_set_client */;
/*!40101 SET character_set_client = utf8 */;
CREATE TABLE `format_review`
(
    `id`         bigint(20) unsigned NOT NULL AUTO_INCREMENT,
    `format_id`  bigint(20) unsigned NOT NULL,
    `review_id`  bigint(20) unsigned NOT NULL,
    `created_at` timestamp NULL DEFAULT NULL,
    `updated_at` timestamp NULL DEFAULT NULL,
    PRIMARY KEY (`id`),
    KEY          `format_review_format_id_foreign` (`format_id`),
    KEY          `format_review_review_id_foreign` (`review_id`),
    CONSTRAINT `format_review_format_id_foreign` FOREIGN KEY (`format_id`) REFERENCES `formats` (`id`),
    CONSTRAINT `format_review_review_id_foreign` FOREIGN KEY (`review_id`) REFERENCES `reviews` (`id`)
) ENGINE=InnoDB DEFAULT CHARSET=utf8mb4 COLLATE=utf8mb4_unicode_ci;
/*!40101 SET character_set_client = @saved_cs_client */;

--
-- Dumping data for table `format_review`
--

LOCK
TABLES `format_review` WRITE;
/*!40000 ALTER TABLE `format_review` DISABLE KEYS */;
/*!40000 ALTER TABLE `format_review` ENABLE KEYS */;
UNLOCK
TABLES;

--
-- Table structure for table `formats`
--

DROP TABLE IF EXISTS `formats`;
/*!40101 SET @saved_cs_client     = @@character_set_client */;
/*!40101 SET character_set_client = utf8 */;
CREATE TABLE `formats`
(
    `id`         bigint(20) unsigned NOT NULL AUTO_INCREMENT,
    `title`      varchar(255) COLLATE utf8mb4_unicode_ci DEFAULT NULL,
    `url`        varchar(255) COLLATE utf8mb4_unicode_ci DEFAULT NULL,
    `shortdesc`  text COLLATE utf8mb4_unicode_ci         DEFAULT NULL,
    `desc`       text COLLATE utf8mb4_unicode_ci         DEFAULT NULL,
    `linkvideo`  varchar(255) COLLATE utf8mb4_unicode_ci DEFAULT NULL,
    `active`     tinyint(1) NOT NULL DEFAULT 1,
    `hero`       varchar(255) COLLATE utf8mb4_unicode_ci DEFAULT NULL,
    `created_at` timestamp NULL DEFAULT NULL,
    `updated_at` timestamp NULL DEFAULT NULL,
    PRIMARY KEY (`id`)
) ENGINE=InnoDB AUTO_INCREMENT=11 DEFAULT CHARSET=utf8mb4 COLLATE=utf8mb4_unicode_ci;
/*!40101 SET character_set_client = @saved_cs_client */;

--
-- Dumping data for table `formats`
--

LOCK
TABLES `formats` WRITE;
/*!40000 ALTER TABLE `formats` DISABLE KEYS */;
INSERT INTO `formats`
VALUES (1, 'Фуршет', 'furshet',
        '<p>Этот формат мероприятия характеризуется тем, что все угощения размещаются на&nbsp;столах и при этом нет стульев. Дополнительно могут быть выставлены коктейльные столы. Гости сами выбирают для себя еду и напитки. Официанты&nbsp;разносят некоторые блюда и помогают гостям с выбором. Приглашённые едят стоя или свободно передвигаются по&nbsp;залу, легко и&nbsp;непринужденно общаясь, с кем пожелают.</p>',
        '<p><em>Фуршет - это легкий и непринужденный формат мероприятия, когда блюда подаются без рассадки за столом.&nbsp;</em></p><p><br></p><p>Одним из первых направлений в Cupcatering Premium стал именно фуршет. Мы придумали фирменную подачу блюд в баночках, и с тех пор организовали уже более 50 фуршетов для наших гостей.&nbsp;</p><p><br></p><p>Наши фуршеты уникальны, они отличаются от большинства и вот, почему:&nbsp;</p><h4><br></h4><h4><strong>Комфорт и мобильность</strong></h4><p><br></p><p>Мы подаем все закуски в баночках, а это значит, что вы можете передвигаться по залу,&nbsp;не выпуская любимое блюдо из рук. Такая подача позволяет сохранить вкус, аромат и температуру блюд. Мы не ограничиваемся закусками, и можем подать в баночке даже ресторанное блюдо!&nbsp;</p><p><br></p><h4><strong>Вкус и польза</strong></h4><p><br></p><p>Мы всегда используем только качественные свежие продукты, которые закупаем накануне мероприятия у местных фермеров. Мы ценим в еде натуральность и экологичность. Любим необычные вкусовые сочетания,&nbsp;поэтому наши гости ещё долго остаются под впечатлением после ужина!&nbsp;</p><p><br></p><p>Подача блюд в баночках позволяет нам отказаться от использования хлеба, что делает наши фуршеты ещё более полезными.&nbsp;</p><p><br></p><h4><strong>Оформление и внимание к деталям</strong></h4><p><br></p><p>Для нас важно, чтобы каждое мероприятие было не просто вкусным, но и красивым, и вызывало восторг наших гостей, поэтому большое внимание мы уделяем оформлению. Мы стремимся к эстетике в мельчайших деталях и используем в сервировке стола текстиль из натуральных материалов- льна и хлопка, посуду и предметы декора из дерева, стекла, крафта и керамики. Особую атмосферу в наших сервировках всегда создают свечи ручного литья и сухоцветы.&nbsp;</p><p>Мы индивидульно прорабатываем стилистику оформления каждого мероприятия.&nbsp;</p><p><br></p><p><em>Вы можете быть уверены, что на вашем мероприятии красиво будет все - от подачи блюд до салфеток на столе!&nbsp;</em></p><p><br></p><p>Фуршет идеально подходит для проведения деловых встреч и презентаций, празднования дней рождений, свадеб и вечеринок на природе. Вы можете дополнить его&nbsp;welcome-зоной и горячими блюдами, а также заказать обслуживание.&nbsp;</p><p><em><span class=\"ql-cursor\">﻿</span></em></p><p>Мы, Светлана и Александр, являемся авторами всех наших блюд, и постоянно находимся в поиске новых вкусовых сочетаний.&nbsp;<strong>Напишите нам, и мы создадим для вас фуршет, который удивит вас и ваших гостей и оставит после себя невероятное послевкусие :)&nbsp;</strong></p>',
        '15wmdy_LdX0', 1, '775', NULL, NULL),
       (3, 'Кофе-брейк', 'kofe-brejk', '<p>йцу</p>', '<p>йцу</p>', NULL, 1, '776', NULL, NULL),
       (4, 'Детский праздник', 'detskij-prazdnik',
        '<p>Детский праздник – это всегда особенное торжество. Это ни с чем не сравнимая радость общения и весёлые развлечения. Такие мероприятия — важная часть жизни ребенка, это яркое событие, которое позволяет расслабиться, встряхнуться и просто отдохнуть от будней.</p>',
        '<p>Для нас важно заботиться о том, чтобы любой детский праздник был интересным и запоминающимся для всех приглашенных. Мы стараемся, чтобы было весело детишкам, и чтобы их родители тоже не скучали.</p><p><br></p><p>Для детей есть специальное разнообразное меню, интересные и забавные блюда, которые всегда вызывают удивление и желание попробовать. Заботимся и о том, чтобы еда была здоровая и полезная, и придумываем креативную подачу. От таких необычных вкусняшек как наши «кораблики» дети всегда в восторге и доедают их до последнего кусочка.</p><p><br></p><p>У современной мамы часто не хватает времени полностью погрузиться в подготовку праздника для своего ребенка. И мы готовы взять на себя все хлопоты по организации торжества: от обсуждения идеи до ее реализации.</p><p><br></p><p>Наш кейтеринг предлагает вам два стиля оформления, для девочек и для мальчиков. Можем разработать меню под ваши запросы, для детей разных возрастов и с разными предпочтениями в еде. Поможем вам сделать детскую вечеринку оригинальной и нескучной. По вашему желанию оформим праздник в ярких красках, чтобы превратить обычный день рождения в особенный праздник, который надолго останется в памяти счастливого маленького именинника.</p><p><br></p><p>Детский праздник с Cupcatering Premium –&nbsp;это всегда множество радостных лиц и незабываемых эмоций.</p>',
        NULL, 1, '777', NULL, NULL),
       (5, 'Банкет', 'banket', '<p>Ни одно важное торжество не обходится без банкета. Поводом может стать свадьба, юбилей, годовщина, детский праздник и т.д.</p>',
        '<p>Банкет (в переводе с французского «banquet») — это званый обед или ужин, который устраивается в честь определенного человека или значимого события. Виды банкетов: корпоративный, свадебный, детский и другие. Количество гостей может быть различное — от 15-20 до 1000 и более. Это одно из лучших мероприятий, где приглашённые могут пообщаться в приятной и торжественной обстановке, насладиться блюдами, которые приготовит кейтеринг.</p><p>За 30-40 минут до ожидаемого прибытия гостей на стол ставят холодные закуски и блюда, специи, напитки, фрукты и овощи. Стол и вся локация оформляется цветами и другими элементами декора. В банкетное меню обычно входит довольно большое количество закусок, блюд и напитков, чтобы каждый гость смог выбрать что-то для себя.</p><p>Гости рассаживаются за красиво сервированным столом, на котором расставлены холодные закуски. Внимательные официанты подают еду и напитки, разносят горячее. Они всегда готовы помочь, дать совет, рассказать про интересующее блюдо. Некоторые кушанья мы готовим прямо на месте, что позволяет сохранить их вкус, свежесть и нужную температуру.</p><p>Особенности банкета Cupcatering Premium – большинство наших блюд – авторские, неповторимые. Их необычайный вкус никого не оставляет равнодушным. Мы всегда заботимся и о пользе наших кушаний. Никаких вредных добавок, всё только свежее и качественное. В приготовлении и подаче продуман каждый нюанс. Можем предложить как отдельный штрих нашу необычную подачу салатов и холодных закусок в стеклянных баночках. Это не только удивит ваших гостей, но и будет для них очень удобно.</p><p>Многие позиции из меню фуршета можно заказать и для банкетного стола.</p><p>Изысканное оформление очень важно, и мы ставим это во главу угла наряду с такими важными составляющими праздника как вкус и качество блюд. В оформлении банкетов мы&nbsp;&nbsp;используем необычные элементы декора: цветы и сухоцветы, свечи в элегантных подсвечниках. Тщательно подбираем скатерти, посуду, столовые приборы, используем стекло только премиум-сегмента.</p><p>Эта форма мероприятия великолепно подходит для званых обедов и гала-ужинов, частных и корпоративных вечеринок. Не обязательно использовать специальный банкетный зал. Можно организовать празднование в любом месте — на природе, в загородном доме, особенно в летнее время. В любых условиях можно создать праздничное оформление. На фоне природы роскошная сервировка смотрится особенно выигрышно.</p><p>На таком празднике каждый гость чувствует себя&nbsp;дорогой и значимой персоной, а те, кто их пригласил – радушными хозяевами.</p>',
        'X1IgWSkZXd0&t=1s', 1, '778', NULL, NULL),
       (6, 'Свадьба в стиле фуршета', 'svadba-v-stile-fursheta', '<p>йцу</p>', '<p>йцу</p>', NULL, 1, '779', NULL, NULL),
       (7, 'Велком зона', 'velkom-zona', '<p>Фуршет идеален, когда в довольно ограниченное время или в небольшом помещении нужно принять много гостей. Основной столовый прибор – закусочная вилка. Основной столовый прибор – закусочная вилка. Основной столовый прибор – закусочная вилка. </p>',
        '<p>Нам важно, чтобы вы получили максимальную пользу и удовольствие от нашего кейтеринга. Поэтому наши принципы организации фуршетов неизменны:</p><p><br></p><ul><li class=\"ql-indent-1\">Экологичность: мы используем только стекло, дерево, качественный металл, крафтовую бумагу, и не используем никакой пластик.</li><li class=\"ql-indent-1\">Мобильность: приглашённые могут свободно передвигаться, знакомиться, держа в руках баночки с закусками или десертом.</li><li class=\"ql-indent-1\">Стильное оформление, изысканная сервировка.</li><li class=\"ql-indent-1\">Удобство и комфорт для гостей и хозяев мероприятия.</li></ul><p><br></p><p>Фуршет идеален, когда в довольно ограниченное время или в небольшом помещении нужно принять много гостей. Основной столовый прибор – закусочная вилка. Отсюда и название: от французского слова «fourchette», то есть, «на вилку». Фуршет позволяет обслуживать в несколько раз больше гостей, чем на&nbsp;банкете, при той же площади помещения. Ещё одно преимущество фуршета – его&nbsp;можно организовать в&nbsp;любом месте, даже у вас дома. Можно провести фуршет на свежем воздухе, за городом или во дворе частного дома. Кейтеринг позволяет вам заказать не фастфуд, а настоящую ресторанную еду.</p><p><br></p><p>Организация фуршетов – основное наше направление, одно из первых, которые мы создавали. Cupcatering Premium – это премиальное качество во всём. Начиная от свежайших ингредиентов до изысканного оформления блюд и их подачи. Мы не используем магазинные полуфабрикаты, готовим сами из продуктов, которые закупаем у надёжных поставщиков и фермеров.</p><p><br></p><p>Организация фуршетов – основное наше направление, одно из первых, которые мы создавали. Cupcatering Premium – это премиальное качество во всём. Начиная от свежайших ингредиентов до изысканного оформления блюд и их подачи. Мы не используем магазинные полуфабрикаты, готовим сами из продуктов, которые закупаем у надёжных поставщиков и фермеров. Доверьте нам организацию вашего события. И каждый ваш гость унесёт с собой воспоминания не только об изысканном и вкусном угощении, но и о приятно проведённом времени.</p>',
        '5pKYwMEpp3Y&ab', 1, '780', NULL, NULL),
       (8, 'Барбекю пати', 'barbekyu-pati', '<p>йцу</p>', '<p>йцу</p>', NULL, 1, '781', NULL, NULL),
       (9, 'Гала-ужин', 'gala-uzhin', '<p>йцу</p>', '<p>йцу</p>', NULL, 1, '782', NULL, NULL),
       (10, 'Организация под ключ', 'organizaciya-pod-klyuch', '<p>йцу</p>', '<p>йцу</p>', NULL, 1, '783', NULL, NULL);
/*!40000 ALTER TABLE `formats` ENABLE KEYS */;
UNLOCK
TABLES;

--
-- Table structure for table `garantkachestvas`
--

DROP TABLE IF EXISTS `garantkachestvas`;
/*!40101 SET @saved_cs_client     = @@character_set_client */;
/*!40101 SET character_set_client = utf8 */;
CREATE TABLE `garantkachestvas`
(
    `id`         bigint(20) unsigned NOT NULL AUTO_INCREMENT,
    `title`      varchar(255) COLLATE utf8mb4_unicode_ci DEFAULT NULL,
    `hero`       varchar(255) COLLATE utf8mb4_unicode_ci DEFAULT NULL,
    `active`     tinyint(1) NOT NULL DEFAULT 1,
    `created_at` timestamp NULL DEFAULT NULL,
    `updated_at` timestamp NULL DEFAULT NULL,
    PRIMARY KEY (`id`)
) ENGINE=InnoDB AUTO_INCREMENT=7 DEFAULT CHARSET=utf8mb4 COLLATE=utf8mb4_unicode_ci;
/*!40101 SET character_set_client = @saved_cs_client */;

--
-- Dumping data for table `garantkachestvas`
--

LOCK
TABLES `garantkachestvas` WRITE;
/*!40000 ALTER TABLE `garantkachestvas` DISABLE KEYS */;
INSERT INTO `garantkachestvas`
VALUES (1, 'Отношение к клиенту', '794', 1, '2022-04-13 10:45:56', '2022-04-15 04:36:00'),
       (2, 'Внимание к деталям', '795', 1, '2022-04-13 10:46:26', '2022-04-15 04:36:11'),
       (3, 'Индивидуальный подход', '796', 1, '2022-04-13 10:46:58', '2022-04-15 04:36:20'),
       (4, 'С любовью к делу', '797', 1, '2022-04-15 04:36:40', '2022-04-15 04:38:25'),
       (5, 'Выбирая только лучшее, как для себя', '798', 1, '2022-04-15 04:37:02', '2022-04-15 04:38:30'),
       (6, 'Фермерские продукты, необычные сочетания и овощи', '799', 1, '2022-04-15 04:37:57', '2022-04-15 04:38:35');
/*!40000 ALTER TABLE `garantkachestvas` ENABLE KEYS */;
UNLOCK
TABLES;

--
-- Table structure for table `migrations`
--

DROP TABLE IF EXISTS `migrations`;
/*!40101 SET @saved_cs_client     = @@character_set_client */;
/*!40101 SET character_set_client = utf8 */;
CREATE TABLE `migrations`
(
    `id`        int(10) unsigned NOT NULL AUTO_INCREMENT,
    `migration` varchar(255) COLLATE utf8mb4_unicode_ci NOT NULL,
    `batch`     int(11) NOT NULL,
    PRIMARY KEY (`id`)
) ENGINE=InnoDB AUTO_INCREMENT=67 DEFAULT CHARSET=utf8mb4 COLLATE=utf8mb4_unicode_ci;
/*!40101 SET character_set_client = @saved_cs_client */;

--
-- Dumping data for table `migrations`
--

LOCK
TABLES `migrations` WRITE;
/*!40000 ALTER TABLE `migrations` DISABLE KEYS */;
INSERT INTO `migrations`
VALUES (1, '2014_10_12_000000_create_users_table', 1),
       (2, '2014_10_12_100000_create_password_resets_table', 1),
       (3, '2015_04_12_000000_create_orchid_users_table', 1),
       (4, '2015_10_19_214424_create_orchid_roles_table', 1),
       (5, '2015_10_19_214425_create_orchid_role_users_table', 1),
       (6, '2016_08_07_125128_create_orchid_attachmentstable_table', 1),
       (7, '2017_09_17_125801_create_notifications_table', 1),
       (8, '2019_08_19_000000_create_failed_jobs_table', 1),
       (9, '2021_09_21_093255_create_f_a_q_s_table', 1),
       (10, '2021_09_21_095341_create_s_e_o_s_table', 1),
       (11, '2021_09_21_115237_create_reviews_table', 1),
       (12, '2021_09_21_172818_create_vacancies_table', 1),
       (13, '2021_09_23_112805_create_categories_table', 1),
       (14, '2021_09_23_112944_create_products_table', 1),
       (15, '2021_12_12_200903_add_hero_column_for_product_table', 1),
       (16, '2022_01_19_190420_create_category_portfolios_table', 1),
       (17, '2022_01_19_190425_create_portfolios_table', 1),
       (18, '2022_01_18_211303_create_category_stylevzs_table', 1),
       (19, '2022_01_18_211544_create_category_styledets_table', 1),
       (20, '2022_01_26_112912_create_category_g_r_s_table', 1),
       (21, '2022_01_26_133712_create_prod_g_r_s_table', 1),
       (22, '2022_01_26_193313_create_cataloggrs_table', 1),
       (23, '2022_01_26_195438_create_productgrs_table', 1),
       (24, '2022_02_01_193322_create_youtubes_table', 1),
       (25, '2022_02_01_193630_create_slidergls_table', 1),
       (26, '2022_02_09_124954_create_category_product_table', 1),
       (27, '2022_02_10_140548_create_category_portfolio_portfolio_table', 1),
       (28, '2022_02_10_144229_create_category_stylevz_portfolio_table', 1),
       (29, '2022_02_10_144514_create_category_styledet_portfolio_table', 1),
       (30, '2022_02_10_194220_create_cataloggr_productgr_table', 1),
       (31, '2022_02_10_194258_create_category_stylevz_productgr_table', 1),
       (32, '2022_02_10_194332_create_category_styledet_productgr_table', 1),
       (33, '2022_02_11_063600_create_product_productgr_table', 1),
       (34, '2022_02_13_134158_create_product_productgr_2_table', 1),
       (35, '2022_02_13_134231_create_product_productgr_3_table', 1),
       (36, '2022_02_13_134243_create_product_productgr_4_table', 1),
       (37, '2022_02_18_125928_create_product_productgr_5_table', 1),
       (38, '2022_02_28_103318_create_povodis_table', 1),
       (39, '2022_02_28_113527_create_catformats_table', 1),
       (40, '2022_02_28_113925_create_formats_table', 1),
       (41, '2022_02_28_114839_create_catformat_format_table', 1),
       (42, '2022_04_04_101555_create_quizzes_table', 1),
       (43, '2022_04_13_131859_create_garantkachestvas_table', 1),
       (44, '2022_04_13_135341_create_ourps_table', 1),
       (45, '2022_04_14_120255_create_portfolio_review_table', 1),
       (50, '2022_04_21_135401_create_format_review_table', 2),
       (61, '2022_05_27_063450_create_orders_table', 3),
       (65, '2022_06_01_072015_create_notice_table', 4),
       (66, '2022_06_01_115730_create_product_products_table', 5);
/*!40000 ALTER TABLE `migrations` ENABLE KEYS */;
UNLOCK
TABLES;

--
-- Table structure for table `notice_user`
--

DROP TABLE IF EXISTS `notice_user`;
/*!40101 SET @saved_cs_client     = @@character_set_client */;
/*!40101 SET character_set_client = utf8 */;
CREATE TABLE `notice_user`
(
    `notice_id` bigint(20) unsigned NOT NULL,
    `user_id`   bigint(20) unsigned NOT NULL,
    PRIMARY KEY (`notice_id`, `user_id`)
) ENGINE=InnoDB DEFAULT CHARSET=utf8mb4 COLLATE=utf8mb4_unicode_ci;
/*!40101 SET character_set_client = @saved_cs_client */;

--
-- Dumping data for table `notice_user`
--

LOCK
TABLES `notice_user` WRITE;
/*!40000 ALTER TABLE `notice_user` DISABLE KEYS */;
INSERT INTO `notice_user`
VALUES (1, 2),
       (2, 2);
/*!40000 ALTER TABLE `notice_user` ENABLE KEYS */;
UNLOCK
TABLES;

--
-- Table structure for table `notices`
--

DROP TABLE IF EXISTS `notices`;
/*!40101 SET @saved_cs_client     = @@character_set_client */;
/*!40101 SET character_set_client = utf8 */;
CREATE TABLE `notices`
(
    `id`         bigint(20) unsigned NOT NULL AUTO_INCREMENT,
    `title`      varchar(255) COLLATE utf8mb4_unicode_ci NOT NULL,
    `content`    text COLLATE utf8mb4_unicode_ci         NOT NULL,
    `img`        varchar(255) COLLATE utf8mb4_unicode_ci DEFAULT NULL,
    `created_at` timestamp NULL DEFAULT NULL,
    `updated_at` timestamp NULL DEFAULT NULL,
    PRIMARY KEY (`id`)
) ENGINE=InnoDB AUTO_INCREMENT=3 DEFAULT CHARSET=utf8mb4 COLLATE=utf8mb4_unicode_ci;
/*!40101 SET character_set_client = @saved_cs_client */;

--
-- Dumping data for table `notices`
--

LOCK
TABLES `notices` WRITE;
/*!40000 ALTER TABLE `notices` DISABLE KEYS */;
INSERT INTO `notices`
VALUES (1, 'get_defined_vars',
        '<p><span style=\"background-color: rgb(242, 242, 242); color: rgb(51, 51, 51);\">Эта функция возвращает многомерный массив, содержащий список всех определённых переменных, будь то переменные окружения, серверные переменные или переменные, определённые пользователем, в той области видимости, в которой была вызвана&nbsp;get_defined_vars().</span></p>',
        '/storage/2022/06/01/b900d530352d03e4b0ae09a99dca4c803528c4fc.jpg', '2022-06-01 07:09:02', '2022-06-01 07:21:09'),
       (2, 'test 2',
        '<p><span style=\"background-color: rgb(242, 242, 242); color: rgb(51, 51, 51);\">Эта функция возвращает многомерный массив, содержащий список всех определённых переменных, будь то переменные окружения, серверные переменные или переменные, определённые пользователем, в той области видимости, в которой была вызвана&nbsp;get_defined_vars().</span></p><p><br></p><p><span style=\"background-color: rgb(242, 242, 242); color: rgb(51, 51, 51);\">Эта функция возвращает многомерный массив, содержащий список всех определённых переменных, будь то переменные окружения, серверные переменные или переменные, определённые пользователем, в той области видимости, в которой была вызвана&nbsp;get_defined_vars().</span></p>',
        NULL, '2022-06-01 07:09:18', '2022-06-01 07:09:18');
/*!40000 ALTER TABLE `notices` ENABLE KEYS */;
UNLOCK
TABLES;

--
-- Table structure for table `notifications`
--

DROP TABLE IF EXISTS `notifications`;
/*!40101 SET @saved_cs_client     = @@character_set_client */;
/*!40101 SET character_set_client = utf8 */;
CREATE TABLE `notifications`
(
    `id`              char(36) COLLATE utf8mb4_unicode_ci     NOT NULL,
    `type`            varchar(255) COLLATE utf8mb4_unicode_ci NOT NULL,
    `notifiable_type` varchar(255) COLLATE utf8mb4_unicode_ci NOT NULL,
    `notifiable_id`   bigint(20) unsigned NOT NULL,
    `data`            text COLLATE utf8mb4_unicode_ci         NOT NULL,
    `read_at`         timestamp NULL DEFAULT NULL,
    `created_at`      timestamp NULL DEFAULT NULL,
    `updated_at`      timestamp NULL DEFAULT NULL,
    PRIMARY KEY (`id`),
    KEY               `notifications_notifiable_type_notifiable_id_index` (`notifiable_type`,`notifiable_id`)
) ENGINE=InnoDB DEFAULT CHARSET=utf8mb4 COLLATE=utf8mb4_unicode_ci;
/*!40101 SET character_set_client = @saved_cs_client */;

--
-- Dumping data for table `notifications`
--

LOCK
TABLES `notifications` WRITE;
/*!40000 ALTER TABLE `notifications` DISABLE KEYS */;
/*!40000 ALTER TABLE `notifications` ENABLE KEYS */;
UNLOCK
TABLES;

--
-- Table structure for table `order_product`
--

DROP TABLE IF EXISTS `order_product`;
/*!40101 SET @saved_cs_client     = @@character_set_client */;
/*!40101 SET character_set_client = utf8 */;
CREATE TABLE `order_product`
(
    `order_id`   bigint(20) unsigned NOT NULL,
    `product_id` bigint(20) unsigned NOT NULL,
    `count`      int(11) NOT NULL,
    PRIMARY KEY (`product_id`, `order_id`)
) ENGINE=InnoDB DEFAULT CHARSET=utf8mb4 COLLATE=utf8mb4_unicode_ci;
/*!40101 SET character_set_client = @saved_cs_client */;

--
-- Dumping data for table `order_product`
--

LOCK
TABLES `order_product` WRITE;
/*!40000 ALTER TABLE `order_product` DISABLE KEYS */;
INSERT INTO `order_product`
VALUES (5, 1, 10),
       (9, 1, 10),
       (5, 2, 1),
       (1, 3, 1),
       (8, 3, 2),
       (3, 4, 1),
       (4, 4, 1),
       (6, 4, 2),
       (9, 4, 1),
       (5, 5, 1),
       (9, 5, 1),
       (1, 6, 1),
       (4, 6, 1),
       (8, 6, 2),
       (6, 9, 1),
       (9, 9, 1),
       (5, 10, 1),
       (5, 11, 1),
       (5, 19, 1),
       (6, 20, 5),
       (9, 20, 1),
       (1, 21, 1),
       (5, 21, 1),
       (8, 21, 2),
       (9, 22, 3),
       (7, 27, 1),
       (7, 28, 1),
       (1, 29, 1),
       (6, 29, 1),
       (8, 29, 2),
       (9, 29, 1),
       (5, 30, 1),
       (1, 34, 1),
       (8, 34, 2),
       (1, 39, 1),
       (8, 39, 2),
       (6, 43, 3),
       (9, 43, 1),
       (1, 54, 1),
       (6, 54, 1),
       (8, 54, 2),
       (9, 54, 1),
       (1, 59, 1),
       (8, 59, 2),
       (1, 61, 1),
       (1, 64, 1),
       (6, 64, 1),
       (8, 64, 2),
       (9, 64, 1),
       (5, 72, 1),
       (5, 80, 1),
       (6, 80, 1),
       (9, 80, 1),
       (5, 81, 1),
       (8, 81, 2),
       (9, 81, 1),
       (1, 84, 1),
       (6, 84, 1),
       (1, 89, 1),
       (6, 89, 1),
       (9, 89, 1),
       (1, 90, 1),
       (6, 90, 1),
       (8, 90, 2),
       (9, 90, 1),
       (1, 92, 1),
       (6, 92, 1),
       (8, 92, 2),
       (9, 92, 1),
       (5, 93, 1),
       (5, 94, 1),
       (5, 95, 1),
       (8, 119, 4);
/*!40000 ALTER TABLE `order_product` ENABLE KEYS */;
UNLOCK
TABLES;

--
-- Table structure for table `orders`
--

DROP TABLE IF EXISTS `orders`;
/*!40101 SET @saved_cs_client     = @@character_set_client */;
/*!40101 SET character_set_client = utf8 */;
CREATE TABLE `orders`
(
    `id`           bigint(20) unsigned NOT NULL AUTO_INCREMENT,
    `user_id`      bigint(20) DEFAULT NULL,
    `client_name`  varchar(255) COLLATE utf8mb4_unicode_ci NOT NULL,
    `client_phone` varchar(255) COLLATE utf8mb4_unicode_ci NOT NULL,
    `reason`       varchar(255) COLLATE utf8mb4_unicode_ci DEFAULT NULL,
    `format`       varchar(255) COLLATE utf8mb4_unicode_ci DEFAULT NULL,
    `guest_count`  int(11) DEFAULT 1,
    `status`       varchar(255) COLLATE utf8mb4_unicode_ci NOT NULL,
    `event_date`   date                                    NOT NULL,
    `city`         varchar(255) COLLATE utf8mb4_unicode_ci NOT NULL,
    `street`       varchar(255) COLLATE utf8mb4_unicode_ci NOT NULL,
    `building`     varchar(255) COLLATE utf8mb4_unicode_ci NOT NULL,
    `payment_type` varchar(255) COLLATE utf8mb4_unicode_ci NOT NULL,
    `created_at`   timestamp NULL DEFAULT NULL,
    `updated_at`   timestamp NULL DEFAULT NULL,
    PRIMARY KEY (`id`),
    KEY            `orders_id_status_event_date_index` (`id`,`status`,`event_date`)
) ENGINE=InnoDB AUTO_INCREMENT=10 DEFAULT CHARSET=utf8mb4 COLLATE=utf8mb4_unicode_ci;
/*!40101 SET character_set_client = @saved_cs_client */;

--
-- Dumping data for table `orders`
--

LOCK
TABLES `orders` WRITE;
/*!40000 ALTER TABLE `orders` DISABLE KEYS */;
INSERT INTO `orders`
VALUES (1, 2, 'Mads Mikkelsen', '+380508432426', 'Детский праздник', 'Детский праздник', 15, 'new', '2022-05-31', 'Вильнюс', 'Parkoviy lane', '13', 'card', '2022-05-30 09:38:11', '2022-05-30 09:38:11'),
       (2, 2, 'Mads Mikkelsen', '+380508432426', NULL, NULL, 23, 'new', '2022-06-09', 'Славянск', 'пер. Парковый', '13', 'card', '2022-05-30 09:41:50', '2022-05-30 09:41:50'),
       (3, 2, 'Anton Zh', '+380508432426', 'др', 'банкет', 10, 'new', '2022-06-05', 'Славянск', 'пер. Парковый', '13', 'card', '2022-05-30 09:43:48', '2022-05-30 09:50:45'),
       (4, 2, 'Mads Mikkelsen', '+380508432426', 'Свадьба', 'Свадьба', 10, 'new', '2022-06-05', 'Славянск', 'пер. Парковый', '12', 'card', '2022-05-30 09:50:00', '2022-05-30 09:50:00'),
       (5, 2, 'Anton Zh', '+7 (960) 445 24 38', 'Свадьба', 'Свадьба', 20, 'new', '2022-06-05', 'Ростов-на-Дону', 'Lenina', '20', 'card', '2022-05-30 10:00:55', '2022-05-30 10:00:55'),
       (6, 2, 'Anton Zh', '+380508432426', 'Свадьба', 'Свадьба', 10, 'new', '2022-06-05', 'Ростов-на-Дону', 'пер. Парковый', '20', 'card', '2022-05-30 10:16:40', '2022-05-30 10:16:40'),
       (7, 2, 'Anton Zh', '+7 (960) 445 24 38', 'Детский праздник', 'Банкет', 15, 'new', '2022-06-25', 'Ростов-на-Дону', 'Lenina', '45', 'card', '2022-05-30 10:18:14', '2022-05-30 10:18:14'),
       (8, 2, 'Anton Zh', '+380508432426', 'Свадьба', 'Свадьба', NULL, 'new', '2022-06-19', 'Ростов-на-Дону', 'пер. Парковый', '13', 'card', '2022-06-10 04:01:35', '2022-06-10 04:01:35'),
       (9, 2, 'Anton Zh', '+7 (960) 445 24 38', 'Свадьба', 'Свадьба', 12, 'new', '2022-06-25', 'Ростов-на-Дону', 'кекек', '12', 'card', '2022-06-10 05:32:56', '2022-06-10 05:32:56');
/*!40000 ALTER TABLE `orders` ENABLE KEYS */;
UNLOCK
TABLES;

--
-- Table structure for table `ourps`
--

DROP TABLE IF EXISTS `ourps`;
/*!40101 SET @saved_cs_client     = @@character_set_client */;
/*!40101 SET character_set_client = utf8 */;
CREATE TABLE `ourps`
(
    `id`         bigint(20) unsigned NOT NULL AUTO_INCREMENT,
    `title`      varchar(255) COLLATE utf8mb4_unicode_ci DEFAULT NULL,
    `dolzhn`     varchar(255) COLLATE utf8mb4_unicode_ci DEFAULT NULL,
    `desc`       text COLLATE utf8mb4_unicode_ci         DEFAULT NULL,
    `hero`       varchar(255) COLLATE utf8mb4_unicode_ci DEFAULT NULL,
    `active`     tinyint(1) NOT NULL DEFAULT 1,
    `created_at` timestamp NULL DEFAULT NULL,
    `updated_at` timestamp NULL DEFAULT NULL,
    PRIMARY KEY (`id`)
) ENGINE=InnoDB AUTO_INCREMENT=3 DEFAULT CHARSET=utf8mb4 COLLATE=utf8mb4_unicode_ci;
/*!40101 SET character_set_client = @saved_cs_client */;

--
-- Dumping data for table `ourps`
--

LOCK
TABLES `ourps` WRITE;
/*!40000 ALTER TABLE `ourps` DISABLE KEYS */;
INSERT INTO `ourps`
VALUES (1, 'Евгений', 'шеф-повар', 'Ежегодно наша компания обслуживает более 1000 полноценных мероприятий различного формата', NULL, 1, '2022-04-13 11:53:14', '2022-04-13 11:53:14'),
       (2, 'Николай', 'повар', '2 - Ежегодно наша компания обслуживает более 1000 полноценных мероприятий различного формата', NULL, 1, '2022-04-13 11:55:17', '2022-04-13 11:55:17');
/*!40000 ALTER TABLE `ourps` ENABLE KEYS */;
UNLOCK
TABLES;

--
-- Table structure for table `password_resets`
--

DROP TABLE IF EXISTS `password_resets`;
/*!40101 SET @saved_cs_client     = @@character_set_client */;
/*!40101 SET character_set_client = utf8 */;
CREATE TABLE `password_resets`
(
    `email`      varchar(255) COLLATE utf8mb4_unicode_ci NOT NULL,
    `token`      varchar(255) COLLATE utf8mb4_unicode_ci NOT NULL,
    `created_at` timestamp NULL DEFAULT NULL,
    KEY          `password_resets_email_index` (`email`)
) ENGINE=InnoDB DEFAULT CHARSET=utf8mb4 COLLATE=utf8mb4_unicode_ci;
/*!40101 SET character_set_client = @saved_cs_client */;

--
-- Dumping data for table `password_resets`
--

LOCK
TABLES `password_resets` WRITE;
/*!40000 ALTER TABLE `password_resets` DISABLE KEYS */;
/*!40000 ALTER TABLE `password_resets` ENABLE KEYS */;
UNLOCK
TABLES;

--
-- Table structure for table `portfolio_review`
--

DROP TABLE IF EXISTS `portfolio_review`;
/*!40101 SET @saved_cs_client     = @@character_set_client */;
/*!40101 SET character_set_client = utf8 */;
CREATE TABLE `portfolio_review`
(
    `id`           bigint(20) unsigned NOT NULL AUTO_INCREMENT,
    `portfolio_id` bigint(20) unsigned NOT NULL,
    `review_id`    bigint(20) unsigned NOT NULL,
    `created_at`   timestamp NULL DEFAULT NULL,
    `updated_at`   timestamp NULL DEFAULT NULL,
    PRIMARY KEY (`id`),
    KEY            `portfolio_review_portfolio_id_foreign` (`portfolio_id`),
    KEY            `portfolio_review_review_id_foreign` (`review_id`),
    CONSTRAINT `portfolio_review_portfolio_id_foreign` FOREIGN KEY (`portfolio_id`) REFERENCES `portfolios` (`id`),
    CONSTRAINT `portfolio_review_review_id_foreign` FOREIGN KEY (`review_id`) REFERENCES `reviews` (`id`)
) ENGINE=InnoDB AUTO_INCREMENT=4 DEFAULT CHARSET=utf8mb4 COLLATE=utf8mb4_unicode_ci;
/*!40101 SET character_set_client = @saved_cs_client */;

--
-- Dumping data for table `portfolio_review`
--

LOCK
TABLES `portfolio_review` WRITE;
/*!40000 ALTER TABLE `portfolio_review` DISABLE KEYS */;
INSERT INTO `portfolio_review`
VALUES (3, 1, 1, NULL, NULL);
/*!40000 ALTER TABLE `portfolio_review` ENABLE KEYS */;
UNLOCK
TABLES;

--
-- Table structure for table `portfolios`
--

DROP TABLE IF EXISTS `portfolios`;
/*!40101 SET @saved_cs_client     = @@character_set_client */;
/*!40101 SET character_set_client = utf8 */;
CREATE TABLE `portfolios`
(
    `id`             bigint(20) unsigned NOT NULL AUTO_INCREMENT,
    `name`           varchar(255) COLLATE utf8mb4_unicode_ci NOT NULL,
    `url`            varchar(255) COLLATE utf8mb4_unicode_ci DEFAULT NULL,
    `kolperson`      varchar(255) COLLATE utf8mb4_unicode_ci DEFAULT NULL,
    `mestoprov`      varchar(255) COLLATE utf8mb4_unicode_ci DEFAULT NULL,
    `dataprov`       date                                    DEFAULT NULL,
    `formatprov`     varchar(255) COLLATE utf8mb4_unicode_ci DEFAULT NULL,
    `linkvideo`      varchar(255) COLLATE utf8mb4_unicode_ci DEFAULT NULL,
    `active`         tinyint(1) NOT NULL DEFAULT 1,
    `doptxt`         text COLLATE utf8mb4_unicode_ci         DEFAULT NULL,
    `oncenterslider` tinyint(1) NOT NULL DEFAULT 1,
    `onstyleslider`  tinyint(1) NOT NULL DEFAULT 1,
    `created_at`     timestamp NULL DEFAULT NULL,
    `updated_at`     timestamp NULL DEFAULT NULL,
    PRIMARY KEY (`id`)
) ENGINE=InnoDB AUTO_INCREMENT=26 DEFAULT CHARSET=utf8mb4 COLLATE=utf8mb4_unicode_ci;
/*!40101 SET character_set_client = @saved_cs_client */;

--
-- Dumping data for table `portfolios`
--

LOCK
TABLES `portfolios` WRITE;
/*!40000 ALTER TABLE `portfolios` DISABLE KEYS */;
INSERT INTO `portfolios`
VALUES (1, 'Пикник в цветущем саду', 'korporativ-v-sadu', '9', 'Сад в Ростовской области', '2021-05-06', 'Гала-ужин', NULL, 1, NULL, 1, 1, NULL, NULL),
       (3, 'Семейный праздник на винодельне', 'vinodelnya', '15', 'Винодельня, пос. Хопры', '2021-08-20', 'Банкет', NULL, 1, NULL, 1, 1, NULL, NULL),
       (4, 'Девичник в яблоневом саду', 'devichnik-v-sadu', '18', 'Сад в Ростовской области', '2021-09-19', 'Банкет', NULL, 1, NULL, 1, 1, NULL, NULL),
       (5, 'Гала-ужин в стиле Мишлен', 'gala-uzhin-v-aksae', '11', 'Загородный дом', '2021-08-07', 'Гала-ужин', NULL, 1, NULL, 1, 1, NULL, NULL),
       (6, 'Свадьба в стиле фуршета', 'svadba-prostor', '40', 'Фотостудия \"Простор\"', '2021-11-20', 'Фуршет', NULL, 1, NULL, 1, 1, NULL, NULL),
       (7, 'Годовщина свадьбы', 'svadba-godovshina', '10', 'Пруды в Ростове-на-Дону', '2021-08-25', 'Гала-ужин', NULL, 1, NULL, 1, 1, NULL, NULL),
       (8, 'День рождения в стиле кантри', 'den-rozhdeniya-v-stile-kantri', '24', 'Поле в пос. Пчеловодный', '2021-08-29', 'Фуршет', '15wmdy_LdX0', 1, NULL, 1, 1, NULL, NULL),
       (9, 'Вечеринка в честь дня рождения Татьяны', 'vecherinka-v-chest-dnya-rozhdeniya', '25', 'Загородный дом', '2021-07-31', 'Гала-ужин', NULL, 1, NULL, 1, 1, NULL, NULL),
       (10, 'Детский день рождения Варвары', 'detskij-den-rozhdeniya-varya', '18', 'Лофт \"Пузыри\"', '2021-04-11', 'Банкет', NULL, 1, NULL, 1, 1, NULL, NULL),
       (11, 'Детский праздник для Виктории', 'vikulya-den-rojdeniya', '30', 'Лофт \"Стрелка\"', '2021-10-13', 'Фуршет', NULL, 1, NULL, 1, 1, NULL, NULL),
       (12, 'Презентация для невест', 'biblioteka', '22', 'Лофт \"Библиотека\"', '2021-02-09', 'Фуршет', 'X1IgWSkZXd0', 1, NULL, 1, 1, NULL, NULL),
       (13, 'Шабаш в сосновом лесу', 'devichnik-v-lesu-shabash', '30', 'Сосновый бор', '2021-10-10', 'Гала-ужин', 'boZzgEC22UE', 1, NULL, 1, 1, NULL, NULL),
       (14, 'Встреча в канун Нового года', 'devichnik-dom-s-kaminom', '16', 'Дом \"Елены Власенко\"', '2021-12-18', 'Гала-ужин', NULL, 1, NULL, 1, 1, NULL, NULL),
       (15, 'Девичник в зимнем бору', 'devichnik-v-boru', '13', 'Сосновый бор', '2021-02-21', 'Банкет', NULL, 1, NULL, 1, 1, NULL, NULL),
       (16, 'Пикник в лесу Адыгеи', 'adygeya-devichnik', '10', 'Лес, пос. Гузерипль', '2021-04-22', 'Банкет', NULL, 1, NULL, 1, 1, NULL, NULL),
       (17, 'Девичник на море', 'devichnik-na-more', '18', 'Азовское море', '2021-06-26', 'Гала-ужин', NULL, 1, NULL, 1, 1, NULL, NULL),
       (18, 'День рождение в частном доме', 'gala-uzhin-v-aksae-2', '28', 'пос. Изумрудный', '2021-07-15', 'Гала-ужин', NULL, 1, NULL, 1, 1, NULL, NULL),
       (19, 'Вэлком-зона на свадьбу', 'velkom-zona-na-svadbu', '30', 'Пруды в Ростове-на-Дону', '2021-06-05', 'Вэлком-зона', NULL, 1, NULL, 1, 1, NULL, NULL),
       (20, 'Вэлком-зона на день рождения', 'velkom-zona-na-den-rozhdeniya', '12', 'Загородный дом', '2021-07-20', 'Вэлком-зона', NULL, 1, NULL, 1, 1, NULL, NULL),
       (21, 'Романтический ужин на море', 'romanticheskij-uzhin-na-more', '2', 'Азовское море', '2021-08-17', 'Гала-ужин', 'iRi6Yk3I98k', 1, NULL, 1, 1, NULL, NULL),
       (22, 'Новогодний корпоратив в Газпроме', 'novogodnij-korporativ-v-gazprome', '300', 'Офис ПАО \"Газпром\"', '2021-12-28', 'Фуршет', NULL, 1, NULL, 1, 1, NULL, NULL),
       (23, 'Новогодний банкет', 'novogodnij-banket', '8', 'Лофт \"Мансарда\"', '2021-12-21', 'Банкет', NULL, 1, NULL, 1, 1, NULL, NULL),
       (24, 'Кофе-брейк на открытие \"Imax\"', 'kofe-brejk-na-otkrytie-imax', '80', 'Кинотеатр \"Киномакс\"', '2019-04-10', 'Кофе-брейк', NULL, 1, NULL, 1, 1, NULL, NULL),
       (25, 'Барбекю', 'barbekyu', '34', 'Загородный дом', '2021-06-10', 'Барбекю', '5pKYwMEpp3Y', 1, NULL, 0, 0, NULL, NULL);
/*!40000 ALTER TABLE `portfolios` ENABLE KEYS */;
UNLOCK
TABLES;

--
-- Table structure for table `povodis`
--

DROP TABLE IF EXISTS `povodis`;
/*!40101 SET @saved_cs_client     = @@character_set_client */;
/*!40101 SET character_set_client = utf8 */;
CREATE TABLE `povodis`
(
    `id`         bigint(20) unsigned NOT NULL AUTO_INCREMENT,
    `title`      varchar(255) COLLATE utf8mb4_unicode_ci DEFAULT NULL,
    `url`        varchar(255) COLLATE utf8mb4_unicode_ci DEFAULT NULL,
    `shortdesc`  text COLLATE utf8mb4_unicode_ci         DEFAULT NULL,
    `desc`       text COLLATE utf8mb4_unicode_ci         DEFAULT NULL,
    `linkvideo`  varchar(255) COLLATE utf8mb4_unicode_ci DEFAULT NULL,
    `active`     tinyint(1) NOT NULL DEFAULT 1,
    `hero`       varchar(255) COLLATE utf8mb4_unicode_ci DEFAULT NULL,
    `created_at` timestamp NULL DEFAULT NULL,
    `updated_at` timestamp NULL DEFAULT NULL,
    PRIMARY KEY (`id`)
) ENGINE=InnoDB AUTO_INCREMENT=11 DEFAULT CHARSET=utf8mb4 COLLATE=utf8mb4_unicode_ci;
/*!40101 SET character_set_client = @saved_cs_client */;

--
-- Dumping data for table `povodis`
--

LOCK
TABLES `povodis` WRITE;
/*!40000 ALTER TABLE `povodis` DISABLE KEYS */;
INSERT INTO `povodis`
VALUES (1, 'Детский праздник', 'detskij-prazdnik', '<p>Организация фуршетов – основное наше направление, одно из первых, которые мы создавали. Cupcatering Premium – это премиальное качество во всём. Начиная от свежайших ингредиентов до изысканного оформления блюд и их подачи. </p>',
        '<p class=\"ql-align-justify\">Нам важно, чтобы вы получили максимальную пользу и удовольствие от нашего кейтеринга. Поэтому наши принципы организации фуршетов неизменны:</p><p class=\"ql-align-justify\"><br></p><ul><li class=\"ql-align-justify ql-indent-1\">Экологичность: мы используем только стекло, дерево, качественный металл, крафтовую бумагу, и не используем никакой пластик.</li><li class=\"ql-align-justify ql-indent-1\">Мобильность: приглашённые могут свободно передвигаться, знакомиться, держа в руках баночки с закусками или десертом.</li><li class=\"ql-align-justify ql-indent-1\">Стильное оформление, изысканная сервировка.</li><li class=\"ql-align-justify ql-indent-1\">Удобство и комфорт для гостей и хозяев мероприятия.</li></ul><p class=\"ql-align-justify\"><br></p><p class=\"ql-align-justify\">Фуршет идеален, когда в довольно ограниченное время или в небольшом помещении нужно принять много гостей. Основной столовый прибор – закусочная вилка. Отсюда и название: от французского слова «fourchette», то есть, «на вилку». Фуршет позволяет обслуживать в несколько раз больше гостей, чем на&nbsp;банкете, при той же площади помещения. Ещё одно преимущество фуршета – его&nbsp;можно организовать в&nbsp;любом месте, даже у вас дома. Можно провести фуршет на свежем воздухе, за городом или во дворе частного дома. Кейтеринг позволяет вам заказать не фастфуд, а настоящую ресторанную еду.</p><p class=\"ql-align-justify\"><br></p><p class=\"ql-align-justify\">Организация фуршетов – основное наше направление, одно из первых, которые мы создавали. Cupcatering Premium – это премиальное качество во всём. Начиная от свежайших ингредиентов до изысканного оформления блюд и их подачи. Мы не используем магазинные полуфабрикаты, готовим сами из продуктов, которые закупаем у надёжных поставщиков и фермеров.</p><p class=\"ql-align-justify\"><br></p><p class=\"ql-align-justify\">Организация фуршетов – основное наше направление, одно из первых, которые мы создавали. Cupcatering Premium – это премиальное качество во всём. Начиная от свежайших ингредиентов до изысканного оформления блюд и их подачи. Мы не используем магазинные полуфабрикаты, готовим сами из продуктов, которые закупаем у надёжных поставщиков и фермеров. Доверьте нам организацию вашего события. И каждый ваш гость унесёт с собой воспоминания не только об изысканном и вкусном угощении, но и о приятно проведённом времени.</p><p><br></p>',
        '5pKYwMEpp3Y&ab', 1, '784', '2022-03-01 05:23:35', '2022-04-20 09:13:14'),
       (2, 'День рождения', 'den-rozhdeniya', NULL, NULL, NULL, 1, '785', '2022-03-21 10:11:58', '2022-04-15 04:16:11'),
       (3, 'Свадьба', 'svadba', NULL, NULL, NULL, 1, '786', '2022-03-21 10:12:27', '2022-04-15 04:16:27'),
       (4, 'Юбилей', 'yubilej', NULL, NULL, NULL, 1, '787', '2022-03-21 10:12:53', '2022-04-15 04:16:52'),
       (5, 'Годовщина свадьбы', 'godovshchina-svadby', NULL, NULL, NULL, 1, '788', '2022-03-21 10:13:31', '2022-04-15 04:17:11'),
       (6, 'Вечеринка', 'vecherinka', NULL, NULL, NULL, 1, '789', '2022-03-21 10:14:05', '2022-04-15 04:17:28'),
       (7, 'Корпоратив', 'korporativ', NULL, NULL, NULL, 1, '790', '2022-03-21 10:14:29', '2022-04-15 04:17:43'),
       (8, 'Выпускной', 'vypusknoj', NULL, NULL, NULL, 1, '791', '2022-03-21 10:14:50', '2022-04-15 04:18:06'),
       (9, 'Пикник', 'piknik', NULL, NULL, NULL, 1, '792', '2022-03-21 10:15:22', '2022-04-15 04:18:25'),
       (10, 'Презентация продукта', 'prezentaciya-produkta', NULL, NULL, NULL, 1, '793', '2022-03-21 10:16:30', '2022-04-15 04:18:49');
/*!40000 ALTER TABLE `povodis` ENABLE KEYS */;
UNLOCK
TABLES;

--
-- Table structure for table `prod_g_r_s`
--

DROP TABLE IF EXISTS `prod_g_r_s`;
/*!40101 SET @saved_cs_client     = @@character_set_client */;
/*!40101 SET character_set_client = utf8 */;
CREATE TABLE `prod_g_r_s`
(
    `id`              bigint(20) unsigned NOT NULL AUTO_INCREMENT,
    `name`            varchar(255) COLLATE utf8mb4_unicode_ci NOT NULL,
    `description`     text COLLATE utf8mb4_unicode_ci         DEFAULT NULL,
    `url`             varchar(255) COLLATE utf8mb4_unicode_ci DEFAULT NULL,
    `price_per_unit`  int(11) DEFAULT NULL,
    `price_full`      int(11) DEFAULT NULL,
    `composition`     mediumtext COLLATE utf8mb4_unicode_ci   DEFAULT NULL,
    `weight_per_unit` double(8, 2
) DEFAULT NULL,
  `countpr` int(11) DEFAULT NULL,
  `weight_full` double(8,2) DEFAULT NULL,
  `protein` int(11) DEFAULT NULL,
  `fat` int(11) DEFAULT NULL,
  `carbohydrates` int(11) DEFAULT NULL,
  `tooltip1` tinyint(1) DEFAULT 1,
  `tooltip2` tinyint(1) DEFAULT 1,
  `tooltip3` tinyint(1) DEFAULT 1,
  `tooltip4` tinyint(1) DEFAULT 1,
  `active` tinyint(1) NOT NULL DEFAULT 1,
  `popular` tinyint(1) NOT NULL DEFAULT 1,
  `category_g_r_s_id` bigint(20) unsigned NOT NULL,
  `created_at` timestamp NULL DEFAULT NULL,
  `updated_at` timestamp NULL DEFAULT NULL,
  PRIMARY KEY (`id`),
  KEY `prod_g_r_s_category_g_r_s_id_foreign` (`category_g_r_s_id`),
  CONSTRAINT `prod_g_r_s_category_g_r_s_id_foreign` FOREIGN KEY (`category_g_r_s_id`) REFERENCES `category_g_r_s` (`id`)
) ENGINE=InnoDB DEFAULT CHARSET=utf8mb4 COLLATE=utf8mb4_unicode_ci;
/*!40101 SET character_set_client = @saved_cs_client */;

--
-- Dumping data for table `prod_g_r_s`
--

LOCK
TABLES `prod_g_r_s` WRITE;
/*!40000 ALTER TABLE `prod_g_r_s` DISABLE KEYS */;
/*!40000 ALTER TABLE `prod_g_r_s` ENABLE KEYS */;
UNLOCK
TABLES;

--
-- Table structure for table `product_productgr`
--

DROP TABLE IF EXISTS `product_productgr`;
/*!40101 SET @saved_cs_client     = @@character_set_client */;
/*!40101 SET character_set_client = utf8 */;
CREATE TABLE `product_productgr`
(
    `id`           bigint(20) unsigned NOT NULL AUTO_INCREMENT,
    `product_id`   bigint(20) unsigned NOT NULL,
    `productgr_id` bigint(20) unsigned NOT NULL,
    `created_at`   timestamp NULL DEFAULT NULL,
    `updated_at`   timestamp NULL DEFAULT NULL,
    PRIMARY KEY (`id`),
    KEY            `product_productgr_product_id_foreign` (`product_id`),
    KEY            `product_productgr_productgr_id_foreign` (`productgr_id`),
    CONSTRAINT `product_productgr_product_id_foreign` FOREIGN KEY (`product_id`) REFERENCES `products` (`id`),
    CONSTRAINT `product_productgr_productgr_id_foreign` FOREIGN KEY (`productgr_id`) REFERENCES `productgrs` (`id`)
) ENGINE=InnoDB AUTO_INCREMENT=115 DEFAULT CHARSET=utf8mb4 COLLATE=utf8mb4_unicode_ci;
/*!40101 SET character_set_client = @saved_cs_client */;

--
-- Dumping data for table `product_productgr`
--

LOCK
TABLES `product_productgr` WRITE;
/*!40000 ALTER TABLE `product_productgr` DISABLE KEYS */;
INSERT INTO `product_productgr`
VALUES (2, 84, 1, NULL, NULL),
       (3, 89, 1, NULL, NULL),
       (4, 90, 1, NULL, NULL),
       (5, 34, 2, NULL, NULL),
       (6, 84, 2, NULL, NULL),
       (7, 89, 2, NULL, NULL),
       (8, 90, 2, NULL, NULL),
       (9, 1, 3, NULL, NULL),
       (10, 2, 3, NULL, NULL),
       (11, 5, 3, NULL, NULL),
       (12, 10, 3, NULL, NULL),
       (13, 11, 3, NULL, NULL),
       (14, 19, 3, NULL, NULL),
       (15, 21, 3, NULL, NULL),
       (16, 30, 3, NULL, NULL),
       (17, 72, 3, NULL, NULL),
       (18, 94, 3, NULL, NULL),
       (19, 1, 4, NULL, NULL),
       (20, 2, 4, NULL, NULL),
       (21, 4, 4, NULL, NULL),
       (22, 5, 4, NULL, NULL),
       (23, 8, 4, NULL, NULL),
       (24, 10, 4, NULL, NULL),
       (25, 11, 4, NULL, NULL),
       (26, 19, 4, NULL, NULL),
       (27, 20, 4, NULL, NULL),
       (28, 21, 4, NULL, NULL),
       (29, 30, 4, NULL, NULL),
       (30, 31, 4, NULL, NULL),
       (31, 72, 4, NULL, NULL),
       (32, 75, 4, NULL, NULL),
       (33, 94, 4, NULL, NULL),
       (34, 1, 5, NULL, NULL),
       (35, 5, 5, NULL, NULL),
       (36, 11, 5, NULL, NULL),
       (37, 19, 5, NULL, NULL),
       (38, 27, 5, NULL, NULL),
       (39, 31, 5, NULL, NULL),
       (40, 46, 5, NULL, NULL),
       (41, 70, 5, NULL, NULL),
       (42, 1, 6, NULL, NULL),
       (43, 4, 6, NULL, NULL),
       (44, 11, 6, NULL, NULL),
       (45, 19, 6, NULL, NULL),
       (46, 27, 6, NULL, NULL),
       (47, 31, 6, NULL, NULL),
       (48, 38, 6, NULL, NULL),
       (49, 94, 6, NULL, NULL),
       (50, 1, 7, NULL, NULL),
       (51, 4, 7, NULL, NULL),
       (52, 5, 7, NULL, NULL),
       (53, 10, 7, NULL, NULL),
       (54, 19, 7, NULL, NULL),
       (55, 20, 7, NULL, NULL),
       (56, 31, 7, NULL, NULL),
       (57, 33, 7, NULL, NULL),
       (58, 34, 7, NULL, NULL),
       (59, 41, 7, NULL, NULL),
       (60, 47, 7, NULL, NULL),
       (61, 65, 7, NULL, NULL),
       (62, 94, 7, NULL, NULL),
       (63, 1, 8, NULL, NULL),
       (64, 4, 8, NULL, NULL),
       (65, 19, 8, NULL, NULL),
       (66, 27, 8, NULL, NULL),
       (67, 31, 8, NULL, NULL),
       (68, 40, 8, NULL, NULL),
       (69, 46, 8, NULL, NULL),
       (70, 48, 8, NULL, NULL),
       (71, 94, 8, NULL, NULL),
       (72, 1, 9, NULL, NULL),
       (73, 4, 9, NULL, NULL),
       (74, 5, 9, NULL, NULL),
       (75, 6, 9, NULL, NULL),
       (76, 19, 9, NULL, NULL),
       (77, 20, 9, NULL, NULL),
       (78, 29, 9, NULL, NULL),
       (79, 31, 9, NULL, NULL),
       (80, 33, 9, NULL, NULL),
       (81, 34, 9, NULL, NULL),
       (82, 41, 9, NULL, NULL),
       (83, 43, 9, NULL, NULL),
       (84, 47, 9, NULL, NULL),
       (85, 50, 9, NULL, NULL),
       (86, 53, 9, NULL, NULL),
       (87, 65, 9, NULL, NULL),
       (88, 76, 9, NULL, NULL),
       (89, 77, 9, NULL, NULL),
       (90, 94, 9, NULL, NULL),
       (91, 1, 10, NULL, NULL),
       (92, 4, 10, NULL, NULL),
       (93, 6, 10, NULL, NULL),
       (94, 8, 10, NULL, NULL),
       (95, 9, 10, NULL, NULL),
       (96, 10, 10, NULL, NULL),
       (97, 18, 10, NULL, NULL),
       (98, 19, 10, NULL, NULL),
       (99, 20, 10, NULL, NULL),
       (100, 21, 10, NULL, NULL),
       (101, 27, 10, NULL, NULL),
       (102, 31, 10, NULL, NULL),
       (103, 33, 10, NULL, NULL),
       (104, 34, 10, NULL, NULL),
       (105, 35, 10, NULL, NULL),
       (106, 37, 10, NULL, NULL),
       (107, 38, 10, NULL, NULL),
       (108, 40, 10, NULL, NULL),
       (109, 46, 10, NULL, NULL),
       (110, 48, 10, NULL, NULL),
       (111, 53, 10, NULL, NULL),
       (112, 64, 10, NULL, NULL),
       (113, 67, 10, NULL, NULL),
       (114, 94, 10, NULL, NULL);
/*!40000 ALTER TABLE `product_productgr` ENABLE KEYS */;
UNLOCK
TABLES;

--
-- Table structure for table `product_productgr_2`
--

DROP TABLE IF EXISTS `product_productgr_2`;
/*!40101 SET @saved_cs_client     = @@character_set_client */;
/*!40101 SET character_set_client = utf8 */;
CREATE TABLE `product_productgr_2`
(
    `id`           bigint(20) unsigned NOT NULL AUTO_INCREMENT,
    `product_id`   bigint(20) unsigned NOT NULL,
    `productgr_id` bigint(20) unsigned NOT NULL,
    `created_at`   timestamp NULL DEFAULT NULL,
    `updated_at`   timestamp NULL DEFAULT NULL,
    PRIMARY KEY (`id`),
    KEY            `product_productgr_2_product_id_foreign` (`product_id`),
    KEY            `product_productgr_2_productgr_id_foreign` (`productgr_id`),
    CONSTRAINT `product_productgr_2_product_id_foreign` FOREIGN KEY (`product_id`) REFERENCES `products` (`id`),
    CONSTRAINT `product_productgr_2_productgr_id_foreign` FOREIGN KEY (`productgr_id`) REFERENCES `productgrs` (`id`)
) ENGINE=InnoDB AUTO_INCREMENT=32 DEFAULT CHARSET=utf8mb4 COLLATE=utf8mb4_unicode_ci;
/*!40101 SET character_set_client = @saved_cs_client */;

--
-- Dumping data for table `product_productgr_2`
--

LOCK
TABLES `product_productgr_2` WRITE;
/*!40000 ALTER TABLE `product_productgr_2` DISABLE KEYS */;
INSERT INTO `product_productgr_2`
VALUES (2, 4, 1, NULL, NULL),
       (3, 9, 1, NULL, NULL),
       (4, 20, 1, NULL, NULL),
       (5, 29, 1, NULL, NULL),
       (6, 43, 1, NULL, NULL),
       (7, 54, 1, NULL, NULL),
       (8, 64, 1, NULL, NULL),
       (9, 3, 2, NULL, NULL),
       (10, 6, 2, NULL, NULL),
       (11, 21, 2, NULL, NULL),
       (12, 29, 2, NULL, NULL),
       (13, 39, 2, NULL, NULL),
       (14, 54, 2, NULL, NULL),
       (15, 64, 2, NULL, NULL),
       (16, 80, 3, NULL, NULL),
       (17, 81, 3, NULL, NULL),
       (18, 80, 4, NULL, NULL),
       (19, 81, 4, NULL, NULL),
       (20, 83, 4, NULL, NULL),
       (21, 80, 5, NULL, NULL),
       (22, 80, 6, NULL, NULL),
       (23, 81, 7, NULL, NULL),
       (24, 83, 8, NULL, NULL),
       (25, 81, 9, NULL, NULL),
       (26, 82, 9, NULL, NULL),
       (27, 85, 9, NULL, NULL),
       (28, 86, 9, NULL, NULL),
       (29, 74, 10, NULL, NULL),
       (30, 76, 10, NULL, NULL),
       (31, 77, 10, NULL, NULL);
/*!40000 ALTER TABLE `product_productgr_2` ENABLE KEYS */;
UNLOCK
TABLES;

--
-- Table structure for table `product_productgr_3`
--

DROP TABLE IF EXISTS `product_productgr_3`;
/*!40101 SET @saved_cs_client     = @@character_set_client */;
/*!40101 SET character_set_client = utf8 */;
CREATE TABLE `product_productgr_3`
(
    `id`           bigint(20) unsigned NOT NULL AUTO_INCREMENT,
    `product_id`   bigint(20) unsigned NOT NULL,
    `productgr_id` bigint(20) unsigned NOT NULL,
    `created_at`   timestamp NULL DEFAULT NULL,
    `updated_at`   timestamp NULL DEFAULT NULL,
    PRIMARY KEY (`id`),
    KEY            `product_productgr_3_product_id_foreign` (`product_id`),
    KEY            `product_productgr_3_productgr_id_foreign` (`productgr_id`),
    CONSTRAINT `product_productgr_3_product_id_foreign` FOREIGN KEY (`product_id`) REFERENCES `products` (`id`),
    CONSTRAINT `product_productgr_3_productgr_id_foreign` FOREIGN KEY (`productgr_id`) REFERENCES `productgrs` (`id`)
) ENGINE=InnoDB AUTO_INCREMENT=25 DEFAULT CHARSET=utf8mb4 COLLATE=utf8mb4_unicode_ci;
/*!40101 SET character_set_client = @saved_cs_client */;

--
-- Dumping data for table `product_productgr_3`
--

LOCK
TABLES `product_productgr_3` WRITE;
/*!40000 ALTER TABLE `product_productgr_3` DISABLE KEYS */;
INSERT INTO `product_productgr_3`
VALUES (2, 80, 1, NULL, NULL),
       (3, 59, 2, NULL, NULL),
       (4, 61, 2, NULL, NULL),
       (6, 93, 4, NULL, NULL),
       (7, 95, 4, NULL, NULL),
       (8, 93, 3, NULL, NULL),
       (9, 95, 3, NULL, NULL),
       (10, 95, 5, NULL, NULL),
       (11, 63, 6, NULL, NULL),
       (12, 96, 6, NULL, NULL),
       (13, 97, 6, NULL, NULL),
       (14, 95, 7, NULL, NULL),
       (15, 98, 7, NULL, NULL),
       (16, 61, 8, NULL, NULL),
       (17, 63, 8, NULL, NULL),
       (18, 97, 8, NULL, NULL),
       (19, 99, 8, NULL, NULL),
       (20, 95, 9, NULL, NULL),
       (21, 82, 10, NULL, NULL),
       (22, 83, 10, NULL, NULL),
       (23, 85, 10, NULL, NULL),
       (24, 86, 10, NULL, NULL);
/*!40000 ALTER TABLE `product_productgr_3` ENABLE KEYS */;
UNLOCK
TABLES;

--
-- Table structure for table `product_productgr_4`
--

DROP TABLE IF EXISTS `product_productgr_4`;
/*!40101 SET @saved_cs_client     = @@character_set_client */;
/*!40101 SET character_set_client = utf8 */;
CREATE TABLE `product_productgr_4`
(
    `id`           bigint(20) unsigned NOT NULL AUTO_INCREMENT,
    `product_id`   bigint(20) unsigned NOT NULL,
    `productgr_id` bigint(20) unsigned NOT NULL,
    `created_at`   timestamp NULL DEFAULT NULL,
    `updated_at`   timestamp NULL DEFAULT NULL,
    PRIMARY KEY (`id`),
    KEY            `product_productgr_4_product_id_foreign` (`product_id`),
    KEY            `product_productgr_4_productgr_id_foreign` (`productgr_id`),
    CONSTRAINT `product_productgr_4_product_id_foreign` FOREIGN KEY (`product_id`) REFERENCES `products` (`id`),
    CONSTRAINT `product_productgr_4_productgr_id_foreign` FOREIGN KEY (`productgr_id`) REFERENCES `productgrs` (`id`)
) ENGINE=InnoDB AUTO_INCREMENT=15 DEFAULT CHARSET=utf8mb4 COLLATE=utf8mb4_unicode_ci;
/*!40101 SET character_set_client = @saved_cs_client */;

--
-- Dumping data for table `product_productgr_4`
--

LOCK
TABLES `product_productgr_4` WRITE;
/*!40000 ALTER TABLE `product_productgr_4` DISABLE KEYS */;
INSERT INTO `product_productgr_4`
VALUES (2, 92, 1, NULL, NULL),
       (3, 92, 2, NULL, NULL),
       (4, 93, 6, NULL, NULL),
       (5, 95, 6, NULL, NULL),
       (6, 93, 8, NULL, NULL),
       (7, 95, 8, NULL, NULL),
       (8, 95, 9, NULL, NULL),
       (9, 98, 9, NULL, NULL),
       (10, 61, 10, NULL, NULL),
       (11, 63, 10, NULL, NULL),
       (12, 96, 10, NULL, NULL),
       (13, 97, 10, NULL, NULL),
       (14, 99, 10, NULL, NULL);
/*!40000 ALTER TABLE `product_productgr_4` ENABLE KEYS */;
UNLOCK
TABLES;

--
-- Table structure for table `product_productgr_5`
--

DROP TABLE IF EXISTS `product_productgr_5`;
/*!40101 SET @saved_cs_client     = @@character_set_client */;
/*!40101 SET character_set_client = utf8 */;
CREATE TABLE `product_productgr_5`
(
    `id`           bigint(20) unsigned NOT NULL AUTO_INCREMENT,
    `product_id`   bigint(20) unsigned NOT NULL,
    `productgr_id` bigint(20) unsigned NOT NULL,
    `created_at`   timestamp NULL DEFAULT NULL,
    `updated_at`   timestamp NULL DEFAULT NULL,
    PRIMARY KEY (`id`),
    KEY            `product_productgr_5_product_id_foreign` (`product_id`),
    KEY            `product_productgr_5_productgr_id_foreign` (`productgr_id`),
    CONSTRAINT `product_productgr_5_product_id_foreign` FOREIGN KEY (`product_id`) REFERENCES `products` (`id`),
    CONSTRAINT `product_productgr_5_productgr_id_foreign` FOREIGN KEY (`productgr_id`) REFERENCES `productgrs` (`id`)
) ENGINE=InnoDB AUTO_INCREMENT=4 DEFAULT CHARSET=utf8mb4 COLLATE=utf8mb4_unicode_ci;
/*!40101 SET character_set_client = @saved_cs_client */;

--
-- Dumping data for table `product_productgr_5`
--

LOCK
TABLES `product_productgr_5` WRITE;
/*!40000 ALTER TABLE `product_productgr_5` DISABLE KEYS */;
/*!40000 ALTER TABLE `product_productgr_5` ENABLE KEYS */;
UNLOCK
TABLES;

--
-- Table structure for table `product_products`
--

DROP TABLE IF EXISTS `product_products`;
/*!40101 SET @saved_cs_client     = @@character_set_client */;
/*!40101 SET character_set_client = utf8 */;
CREATE TABLE `product_products`
(
    `parent_id`  bigint(20) unsigned NOT NULL,
    `product_id` bigint(20) unsigned NOT NULL,
    PRIMARY KEY (`product_id`, `parent_id`)
) ENGINE=InnoDB DEFAULT CHARSET=utf8mb4 COLLATE=utf8mb4_unicode_ci;
/*!40101 SET character_set_client = @saved_cs_client */;

--
-- Dumping data for table `product_products`
--

LOCK
TABLES `product_products` WRITE;
/*!40000 ALTER TABLE `product_products` DISABLE KEYS */;
INSERT INTO `product_products`
VALUES (5, 1),
       (5, 10),
       (5, 35),
       (84, 80),
       (84, 81),
       (84, 83),
       (5, 116);
/*!40000 ALTER TABLE `product_products` ENABLE KEYS */;
UNLOCK
TABLES;

--
-- Table structure for table `productgrs`
--

DROP TABLE IF EXISTS `productgrs`;
/*!40101 SET @saved_cs_client     = @@character_set_client */;
/*!40101 SET character_set_client = utf8 */;
CREATE TABLE `productgrs`
(
    `id`              bigint(20) unsigned NOT NULL AUTO_INCREMENT,
    `name`            varchar(255) COLLATE utf8mb4_unicode_ci NOT NULL,
    `description`     text COLLATE utf8mb4_unicode_ci         DEFAULT NULL,
    `url`             varchar(255) COLLATE utf8mb4_unicode_ci DEFAULT NULL,
    `price_per_unit`  int(11) DEFAULT NULL,
    `price_full`      int(11) DEFAULT NULL,
    `composition`     mediumtext COLLATE utf8mb4_unicode_ci   DEFAULT NULL,
    `weight_per_unit` double(8, 2
) DEFAULT NULL,
  `countpr` int(11) DEFAULT NULL,
  `weight_full` double(8,2) DEFAULT NULL,
  `protein` int(11) DEFAULT NULL,
  `fat` int(11) DEFAULT NULL,
  `carbohydrates` int(11) DEFAULT NULL,
  `tooltip1` tinyint(1) DEFAULT 1,
  `tooltip2` tinyint(1) DEFAULT 1,
  `tooltip3` tinyint(1) DEFAULT 1,
  `tooltip4` tinyint(1) DEFAULT 1,
  `sp1` varchar(255) COLLATE utf8mb4_unicode_ci DEFAULT NULL,
  `sp2` varchar(255) COLLATE utf8mb4_unicode_ci DEFAULT NULL,
  `sp3` varchar(255) COLLATE utf8mb4_unicode_ci DEFAULT NULL,
  `sp4` varchar(255) COLLATE utf8mb4_unicode_ci DEFAULT NULL,
  `sp5` varchar(255) COLLATE utf8mb4_unicode_ci DEFAULT NULL,
  `naborot` varchar(255) COLLATE utf8mb4_unicode_ci DEFAULT NULL,
  `active` tinyint(1) NOT NULL DEFAULT 1,
  `popular` tinyint(1) NOT NULL DEFAULT 1,
  `created_at` timestamp NULL DEFAULT NULL,
  `updated_at` timestamp NULL DEFAULT NULL,
  PRIMARY KEY (`id`)
) ENGINE=InnoDB AUTO_INCREMENT=11 DEFAULT CHARSET=utf8mb4 COLLATE=utf8mb4_unicode_ci;
/*!40101 SET character_set_client = @saved_cs_client */;

--
-- Dumping data for table `productgrs`
--

LOCK
TABLES `productgrs` WRITE;
/*!40000 ALTER TABLE `productgrs` DISABLE KEYS */;
INSERT INTO `productgrs`
VALUES (1, 'Детский праздник 10+10', '<p>апрапрапр</p>', 'detskij-prazdnik-10-10', 25400, 25400, '<p>фывфыв</p>', 0.00, 1, 0.00, NULL, NULL, NULL, 1, 1, 0, 0, 'Детское меню', 'Закуски', 'Напитки', 'Оборудование', NULL, '10', 1, 1, NULL, NULL),
       (2, 'Детский праздник с горячим 10+10', '<p>пар</p>', 'detskij-prazdnik-s-goryachim-10-10', 27300, 27300, '<p>пар</p>', 1.00, 1, 1.00, NULL, NULL, NULL, 0, 0, 0, 0, 'Детское меню', 'Закуски', 'Горячее', 'Оборудование', NULL, NULL, 1, 0, NULL, NULL),
       (3, 'Велком зона 40 человек', '<p>пар</p>', 'velkom-zona-40-chelovek', 31400, 31400, '<p>пар</p>', 0.00, 1, 0.00, NULL, NULL, NULL, 0, 0, 0, 0, 'Закуски', 'Напитки', 'Оборудование', NULL, NULL, '40', 1, 0, NULL, NULL),
       (4, 'Велком зона 80 человек', '<p>пар</p>', 'velkom-zona-80-chelovek', 50200, 50200, '<p>пар</p>', 1.00, 1, 1.00, NULL, NULL, NULL, 0, 0, 0, 0, 'Закуска', 'Напитки', 'Оборудование', NULL, NULL, '80', 1, 0, NULL, NULL),
       (5, 'Фуршет на 10 человек', '<p>пар</p>', 'furshet-na-10-chelovek', 19200, 19200, '<p>пар</p>', 1.00, 1, 1.00, NULL, NULL, NULL, 0, 0, 0, 0, 'Закуски', 'Напитки', 'Оборудование', NULL, NULL, '10', 1, 0, NULL, NULL),
       (6, 'Фуршет с горячим на 10 человек', '<p>пар</p>', 'furshet-s-goryachim-na-10-chelovek', 27500, 27500, '<p>пар</p>', 1.00, 1, 1.00, NULL, NULL, NULL, 0, 0, 0, 0, 'Закуски', 'Напитки', 'Горячее', 'Оборудование', NULL, '10', 1, 0, NULL, NULL),
       (7, 'Фуршет на 20 человек', '<p>пар</p>', 'furshet-na-20-chelovek', 36600, 36600, '<p>пар</p>', 1.00, 1, 1.00, NULL, NULL, NULL, 0, 0, 0, 0, 'Закуски', 'Напитки', 'Оборудование', NULL, NULL, '20', 1, 0, NULL, NULL),
       (8, 'Фуршет с горячим на 20 человек', '<p>пар</p>', 'furshet-s-goryachim-na-20-chelovek', 41700, 41700, '<p>пар</p>', 1.00, 1, 1.00, NULL, NULL, NULL, 0, 0, 0, 0, 'Закуски', 'Напитки', 'Горячее', 'Оборудование', NULL, '20', 1, 0, NULL, NULL),
       (9, 'Фуршет на 40 человек', '<p>пар</p>', 'furshet-na-40-chelovek', 68800, 68800, '<p>пар</p>', 1.00, 1, 1.00, NULL, NULL, NULL, 0, 0, 0, 0, 'Закуски', 'Напитки', 'Оборудование', 'Оборудование', NULL, '40', 1, 0, NULL, NULL),
       (10, 'Свадьба в стиле фуршета с горячим на 40 человек', '<p>пар</p>', 'svadba-v-stile-fursheta-s-goryachim-na-40-chelovek', 131900, 131900, '<p>пар</p>', 1.00, 1, 1.00, NULL, NULL, NULL, 0, 0, 0, 0, 'Закуски', 'Десерты', 'Напитки', 'Горячее', NULL, '40', 1, 0, NULL, NULL);
/*!40000 ALTER TABLE `productgrs` ENABLE KEYS */;
UNLOCK
TABLES;

--
-- Table structure for table `products`
--

DROP TABLE IF EXISTS `products`;
/*!40101 SET @saved_cs_client     = @@character_set_client */;
/*!40101 SET character_set_client = utf8 */;
CREATE TABLE `products`
(
    `id`              bigint(20) unsigned NOT NULL AUTO_INCREMENT,
    `name`            varchar(255) COLLATE utf8mb4_unicode_ci NOT NULL,
    `description`     text COLLATE utf8mb4_unicode_ci         DEFAULT NULL,
    `url`             varchar(255) COLLATE utf8mb4_unicode_ci DEFAULT NULL,
    `price_per_unit`  int(11) DEFAULT NULL,
    `price_full`      int(11) DEFAULT NULL,
    `composition`     mediumtext COLLATE utf8mb4_unicode_ci   DEFAULT NULL,
    `weight_per_unit` double(8, 2
) DEFAULT NULL,
  `countpr` int(11) DEFAULT 1,
  `weight_full` double(8,2) DEFAULT NULL,
  `protein` int(11) DEFAULT NULL,
  `fat` int(11) DEFAULT NULL,
  `carbohydrates` int(11) DEFAULT NULL,
  `tooltip1` tinyint(1) DEFAULT 1,
  `tooltip2` tinyint(1) DEFAULT 1,
  `tooltip3` tinyint(1) DEFAULT 1,
  `tooltip4` tinyint(1) DEFAULT 1,
  `active` tinyint(1) NOT NULL DEFAULT 1,
  `popular` tinyint(1) NOT NULL DEFAULT 1,
  `hero` varchar(255) COLLATE utf8mb4_unicode_ci DEFAULT NULL,
  PRIMARY KEY (`id`)
) ENGINE=InnoDB AUTO_INCREMENT=120 DEFAULT CHARSET=utf8mb4 COLLATE=utf8mb4_unicode_ci;
/*!40101 SET character_set_client = @saved_cs_client */;

--
-- Dumping data for table `products`
--

LOCK
TABLES `products` WRITE;
/*!40000 ALTER TABLE `products` DISABLE KEYS */;
INSERT INTO `products`
VALUES (1, 'Деликатес в мини-баночке с моцареллой и песто', '<p>Свежеприготовленный соус песто из зеленого базилика, пармезана и оливкового масла в сочетании с мини-моцареллой и помидоркой черри под бальзамическим уксусом.</p>', 'delikates-v-mini-banochke-s-mocarelloj-i-pesto', 150, 150,
        '<p>Моцарелла, помидор черри, базилик зеленый, чеснок, сыр пармезан, кедровый орех, оливковое масло, бальзамический уксус, орегано</p>', 30.00, 10, 30.00, NULL, NULL, NULL, 1, 1, 1, 1, 1, 0, NULL),
       (2, 'Деликатес в мини-баночке с сыром и курагой', '<p>Два вида сыра: Фрибуржуа и Красный чеддер, в компании с медом, дроблеными орехами и курагой.</p>', 'delikates-v mini-banochke-s-syrom-i-kuragoj', 150, 150, '<p>Сыр Фрибуржуа, сыр Маасдам, курага, мед, орех грецкий, орех кешью.</p>', 30.00,
        1, 30.00, NULL, NULL, NULL, 1, 1, 1, 1, 1, 1, NULL),
       (3, 'Креветка в беконе с томатным соусом табаско', '<p>Королевская креветка, завернутая в бекон. Подается с соусом на основе томатов и табаско.</p>', 'krevetka-v-bekone-s-tomatnym-sousom-tabasko', 150, 150, '<p>Королевская креветка, бекон с/к, томаты, чеснок, табаско, лайм.</p>', 30.00, 1,
        30.00, NULL, NULL, NULL, 0, 1, 0, 0, 1, 1, NULL),
       (4, 'Лангустина в тесте филло с авторским соусом', '<p>Лангустины завернуты в тончайшее греческое тесто филло с пикантно-пряным соусом.</p>', 'langustina-v-teste-fillo-s-avtorskim-sousom', 150, 150, '<p>лангустин, тесто филло, соус 1000 островов</p>', 30.00, 1, 30.00, NULL, NULL, NULL, 0, 0,
        0, 0, 1, 1, NULL),
       (5, 'Деликатес в мини-баночке с креветкой и персиком', '<p>Королевская креветка в сочетании с нежным персиком и обжаренным томатом черри. Подается с экзотическим соусом.</p>', 'delikates-v-mini-banochke-s-krevetkoj-i-persikom', 150, 150,
        '<p>королевская креветка, персик, томат черри, чеснок, оливковое масло, соус 1000 островов</p>', 30.00, 1, 30.00, NULL, NULL, NULL, 0, 0, 0, 0, 1, 1, NULL),
       (6, 'Деликатес в мини-баночке с лососем', '<p>Деликатес из нежной семги домашнего посола под пикантным сливочным соусом. Соус приготовлен из сливочного сыра и хрена, с добавлением укропа.</p>', 'delikates-v-mini-banochke-s-lososem', 150, 150,
        '<p>семга слабосоленая, сливочный сыр, корнишон, укроп, перец черный</p>', 30.00, 1, 30.00, NULL, NULL, NULL, 0, 0, 0, 0, 1, 1, NULL),
       (7, 'Деликатес из острой утки с райским яблочком', '<p>Острая утиная грудка объединяется с нежной моцареллой и запеченным райским яблочком.</p>', 'delikates-iz-ostroj-utki-s-rajskim-yablochkom', 150, 150,
        '<p>Утка, моцарелла,райское яблоко, соевый соус, имбирь, табаско, мед, винный уксус, соус наршараб</p>', 30.00, 1, 30.00, NULL, NULL, NULL, 0, 0, 0, 0, 1, 1, NULL),
       (8, 'Деликатес в мини-баночке с бужениной и сливочным хреном', '<p>Домашняя буженина в сочетании с корнишоном под пикантным сливочным соусом из хрена.</p>', 'delikates-v-mini-banochke-s-buzheninoj-i-slivochnym-hrenom', 150, 150,
        '<p>Свинина вырезка, корнишон, сливочный хрен, укроп, айсберг, тмин, перец, соль, чеснок.</p>', 30.00, 1, 30.00, NULL, NULL, NULL, 0, 0, 0, 0, 1, 1, NULL),
       (9, 'Деликатес из голубого сыра с виноградом', '<p>Кулинарный изыск из сочетания двух сыров: сыра GrandBlu с голубой плесенью и сыра Филадельфия, с виноградом внутри, панированный ореховой крошкой - грецкий и кешью.</p>', 'delikates-iz-golubogo-syra-s-vinogradom', 150, 150,
        '<p>Сыр GrandBlu с голубой плесенью, сыр Филадельфия, виноград, орех грецкий, орех кешью.</p>', 0.00, 1, 30.00, NULL, NULL, NULL, 0, 0, 0, 0, 1, 1, NULL),
       (10, 'Ромовый шарик', '<p>Нежный бисквит с добавлением немецкого какао и дробленного поджаренного грецкого ореха пропитан темным ромом&nbsp;и покрыт глазурью из бельгийского шоколада</p>', 'romovyj-sharik', 150, 150,
        '<p>Бисквит, грецкий орех, какао, темный ром, шоколад, сливочное масло.</p>', 0.00, 1, 30.00, NULL, NULL, NULL, 0, 0, 0, 0, 1, 1, NULL),
       (11, 'Мини-сырники со сметанным кремом', '<p>Нежные мини-сырники. Подаются со сметанным кремом и сезонной ягодой.</p>', 'mini-syrniki-so-smetannym-kremom', 50, 50, '<p>творог, сахар, мука, ваниль, сметана, сливки, ягода.</p>', 0.00, 1, 20.00, NULL, NULL, NULL, 0, 0, 0, 0, 1, 1, NULL),
       (12, 'Мини Лоранский пирог (ветчина с сыром)', '<p>Ветчина с сыром</p>', 'mini-loranskij-pirog-vetchina-s-syrom', 300, 300, '<p>песочное тесто, ветчина, лук, сыр, яйцо куриное, сливки, мускатный орех</p>', 0.00, 1, 120.00, NULL, NULL, NULL, 0, 0, 0, 0, 1, 1, NULL),
       (13, 'Мини Лоранский пирог (овощной)', '<p>Овощной</p>', 'mini-loranskij-pirog-vetchina-ovoshchnoj', 300, 300, '<p>песочное тесто, цуккини, морковь, перец сладкий, лук, сыр, яйцо куриное, сливки</p>', 0.00, 1, 120.00, NULL, NULL, NULL, 0, 0, 0, 0, 1, 1, NULL),
       (14, 'Мини Лоранский пирог (грибной)', '<p>Грибной</p>', 'mini-loranskij-pirog-vetchina-gribnoj', 300, 300, '<p>песочное тесто, грибы шампиньоны, лук, сыр, яйцо куриное, сливки, тимьян</p>', 0.00, 1, 120.00, NULL, NULL, NULL, 0, 0, 0, 0, 1, 1, NULL),
       (15, 'Мини Лоранский пирог (cемга и брокколи)', '<p>Семга и брокколи</p>', 'mini-loranskij-pirog-vetchina-cemga-i-brokkoli', 300, 300, '<p>песочное тесто, семга, брокколи, соус песто, сыр, яйцо куриное, сливки</p>', 0.00, 1, 120.00, NULL, NULL, NULL, 0, 0, 0, 0, 1, 1, NULL),
       (16, 'Канапе фруктовое', '<p>Канапе фруктовое</p>', 'ranape-fruktovoe', 100, 100, '<p>канапе</p>', 0.00, 1, 0.00, NULL, NULL, NULL, 0, 0, 0, 0, 1, 1, NULL),
       (17, 'Ассорти канапе на подносе', '<p>канапе</p>', 'assorti-kanape-na-podnose', 1500, 1500, '<p>канапе</p>', 0.00, 1, 0.00, NULL, NULL, NULL, 0, 0, 0, 0, 1, 1, NULL),
       (18, 'Брускетта с моцареллой и помидором с соусом песто', '<p>Брускетта с изысканным сочетанием молодого сыра моцарелла и свежего помидора под бальзамическим кремом.</p>', 'brusketta-s-mocarelloj-i-pomidorom-s-sousom-pesto', 180, 180,
        '<p>Чиабатта, моцарелла, соус песто, помидор, оливковое масло</p>', 20.00, 1, 20.00, NULL, NULL, NULL, 0, 0, 0, 0, 1, 1, NULL),
       (19, 'Брускетта с голубым сыром и карамелизованной грушей', '<p>Брускетта с изысканным сочетанием ароматного голубого сыра GrandBlu, нежной, таящей во рту карамелизиванной груши и пряного грецкого ореха.</p>', 'brusketta-s-golubym-syrom-i-karamelizovannoj-grushej', 180, 180,
        '<p>Чиабатта, сыр GrandBlu с голубой плесенью, груша, сахар, орех грецкий, оливковое масло</p>', 20.00, 1, 20.00, NULL, NULL, NULL, 0, 0, 0, 0, 1, 1, NULL),
       (20, 'Брускетта с печеным сладким перцем и сыром фета', '<p>Брускетта с печеным сладким перцем и сыром фета</p>', 'brusketta-s-pechenym-sladkim-percem-i-syrom-feta', 180, 180, '<p>Чиабатта, сыр фета, перец красный, оливковое масло</p>', 20.00, 1, 20.00, NULL, NULL, NULL, 0, 0, 0, 0, 1, 1,
        NULL),
       (21, 'Брускетта с пармской ветчиной и вялеными томатами', '<p>Брускетта с изысканным сочетанием пармской ветчины с мягким пряным вкусом, пикантными вялеными томатами и каперсами</p>', 'brusketta-s-parmskoj-vetchinoj-i-vyalenymi-tomatami', 180, 180,
        '<p>Чиабатта, пармская ветчина, каперсы, вяленые томаты, творожный сыр, оливковое масло</p>', 20.00, 1, 20.00, NULL, NULL, NULL, 0, 0, 0, 0, 1, 1, NULL),
       (22, 'Чиабатта с куриным филе и свежими овощами', '<p>Итальянская чиабатта с начинкой из нежной ароматной курочки, сочного помидора и хрустящего салат айсберг со сливочно-творожным соусом.</p>', 'chiabatta-s-kurinym-file-i-svezhimi-ovoshchami', 200, 200,
        '<p>Чиабатта, курица, помидор, салат айсберг, сливочно-творожный соус, оливковое масло, сухой чеснок.</p>', 0.00, 1, 250.00, NULL, NULL, NULL, 0, 0, 0, 0, 0, 0, NULL),
       (23, 'Чиабатта с пепперони и свежими овощами', '<p>Итальянская чиабатта с начинкой из пикантной пепперони, свежих и соленых огурчиков и хрустящим салатом айсберг. Подается с домашним сырным соусом на основе 3-х сыров.</p>', 'chiabatta-s-pepperoni-i-svezhimi-ovoshchami', 200, 200,
        '<p>Чиабатта, пепперони, огурец свежий, огурец соленый, салат айсберг, сырный соус.</p>', 0.00, 1, 250.00, NULL, NULL, NULL, 0, 0, 0, 0, 0, 0, NULL),
       (24, 'Чиабатта с моцареллой и печеными овощами', '<p>Итальянская чиабатта с начинкой из печенного перца, баклажана, сочного помидора и сыра моцарелла со сливочно-творожным соусом.</p>', 'chiabatta-s-mocarelloj-i-pechenymi-ovoshchami', 200, 200,
        '<p>Чиабатта, сладкий перец, баклажан, помидор, моцарелла, салат айсберг, сливочно-творожный соус.</p>', 0.00, 1, 250.00, NULL, NULL, NULL, 0, 0, 0, 0, 0, 0, NULL),
       (25, 'Чиабатта с лососем и  авокадо', '<p>Итальянская чиабатта с начинкой из слабосоленого лосося, авокадо и свежего огурчика с пикантным соусом 1000 островов.</p>', 'chiabatta-s-lososem-i-avokado', 300, 300,
        '<p>Чиабатта, семга с/с, авокадо, огурец свежий, салат айсберг, соус 1000 островов.&nbsp;</p>', 0.00, 1, 250.00, NULL, NULL, NULL, 0, 0, 0, 0, 0, 0, NULL),
       (26, 'Блинный мини-рулет с икрой щуки', '<p>Блинный мини-рулет с икрой щуки</p>', 'blinnyj-mini-rulet-s-ikroj-shchuki', 100, 100, '<p>Молоко, яйцо, мука, творожный сыр, икра щуки</p>', 0.00, 1, 36.00, NULL, NULL, NULL, 0, 0, 0, 0, 1, 1, NULL),
       (27, 'Блинный мини-рулет с красной икрой', '<p>Блинный мини-рулет с красной икрой</p>', 'blinnyj-mini-rulet-s-krasnoj-ikroj', 150, 150, '<p>Молоко, яйцо, мука, творожный сыр, икра нерки</p>', 36.00, 1, 36.00, NULL, NULL, NULL, 0, 0, 0, 0, 1, 1, NULL),
       (28, 'Блинный мини-рулет с черной икрой', '<p>Блинный мини-рулет с черной икрой</p>', 'blinnyj-mini-rulet-s-chernoj-ikroj', 500, 500, '<p>Молоко, яйцо, мука, творожный сыр, икра черная</p>', 0.00, 1, 36.00, NULL, NULL, NULL, 0, 0, 0, 0, 1, 1, NULL),
       (29, 'Закусочный поднос с 24 блинными мини-рулетами', '<p>Слабосоленный лосось с творожным мусом. Поджаренные грибочки с луком-шалот и мускатным орехом. Вяленые томаты и оливки с тимьяном. Рассчитан на 10-12 человек.</p>', 'zakusochnyj-podnos-s-24-blinnymi-mini-ruletami', 3100, 3100,
        '<p>Молоко, яйцо, мука, творожный сыр, вяленый томат, оливки Каламата, лосось с/с, шампиньоны, лук шалот, тимьян</p>', 1140.00, 1, 1147.00, NULL, NULL, NULL, 0, 0, 0, 0, 1, 1, NULL),
       (30, 'Чайный поднос с 24 блинными мини-рулетами', '<p>Шоколадный мусс с голубикой и орехом. Сливочный крем с клубникой и мятой. Рассчитан на 10-12 человек</p>', 'chajnyj-podnos-s-24-blinnymi-mini-ruletami', 3100, 3100,
        '<p>Молоко, яйцо, мука, шоколад горький, черника, орех грецкий, тимьян, сливки, клубника, базилик</p>', 1130.00, 1, 0.00, NULL, NULL, NULL, 0, 0, 0, 0, 1, 1, NULL),
       (31, 'Поднос с сырами, виноградом и сухофруктами', '<p>Поднос с сырами, виноградом и сухофруктами. Рассчитан на 10-12 человек</p>', 'podnos-s-syrami-vinogradom-i-suhofruktami', 3500, 3500,
        '<p>Камамбер (Россия), фета, качокавалло (коза/корова), маасдам, виноград, орех, сушеный абрикос, чернослив, мед, брусничный джем</p>', 1000.00, 1, 0.00, NULL, NULL, NULL, 0, 0, 0, 0, 1, 1, NULL),
       (32, 'Поднос с европейскими сырами', '<p>Поднос с европейскими сырами</p>', 'podnos-s-evropejskimi-syrami', 0, 0, '<p>Камамбер буффало (Италия), Рокфор (Франция), Пармезан (Италия), Пекорино (Италия), виноград, орех, сушеный абрикос, чернослив, мед, брусничный джем</p>', 0.00, 1, 0.00, NULL,
        NULL, NULL, 0, 0, 0, 0, 1, 1, NULL),
       (33, 'Поднос с мясными деликатесами', '<p>Поднос с мясными деликатесами. Рассчитан на 10-12 человек.</p>', 'podnos-s-myasnymi-delikatesami', 4600, 4600, '<p>Прошутто Крудо,Коппа, Сальчичон, Салями, куриный рулет с черносливом, оливки, маслины, помидоры черри, медово-горчичный соус.</p>',
        700.00, 1, 0.00, NULL, NULL, NULL, 0, 0, 0, 0, 1, 1, NULL),
       (34, 'Поднос со свежими овощами', '<p>Поднос со свежими овощами. Рассчитан на 10-20 человек</p>', 'podnos-so-svezhimi-ovoshchami', 2000, 2000, '<p>Огурец, помидор черри, сладкий перец, мини-кукуруза, морковь, соус дзадзики.</p>', 1000.00, 1, 0.00, NULL, NULL, NULL, 0, 0, 0, 0, 1, 1, NULL),
       (35, 'Поднос с фруктами', '<p>Поднос с фруктами. Рассчитан на 10-20 человек. Является сезонным блюдом</p>', 'podnos-s-fruktami', 2500, 2500, '<p>яблоко, груша, виноград, физалис, киви, мандарин</p>', 1000.00, 1, 0.00, NULL, NULL, NULL, 0, 0, 0, 0, 1, 1, NULL),
       (36, 'Салат из запеченной свеклы и сливочного сыра под соусом песто', '<p>Запеченная свекла в собственном соку со шпинатом и сливочным сыром под соусом песто с добавлением кедрового ореха</p>', 'salat-iz-zapechennoj-svekly-i-slivochnogo-syra-pod-sousom-pesto', 150, 150,
        '<p>Запеченная свекла, шпинат, сливочный сыр, соус песто, кедровые орешки.</p>', 250.00, 1, 120.00, NULL, NULL, NULL, 0, 0, 0, 0, 1, 1, NULL),
       (37, 'Настоящий греческий деликатес  с фетой и оливочками Каламата', '<p>Свежие овощи, заправленные итальянским оливковым маслом и бальзамическим уксусом, в сочетании с нежной фетой и оливками сорта Каламата.</p>', 'nastoyashchij-grecheskij-delikates-s-fetoj-i-olivochkami-kalamata', 200, 200,
        '<p>Помидор, огурец, перец сладкий, красный лук, сыр фета,оливки Каламата, оливковое масло, бальзамический уксус, сухой орегано.</p>', 250.00, 1, 150.00, NULL, NULL, NULL, 0, 0, 0, 0, 1, 1, NULL),
       (38, 'Селедка на шубе', '<p>Неизменная классика, перевернутая с ног на голову. Селедочка уложена на овощную шубу.</p>', 'seledka-na-shube', 150, 150, '<p>селедка с/с, свекла, морковь, картошка, соус Провансаль, яйцо перепелиное, укроп.</p>', 100.00, 1, 100.00, NULL, NULL, NULL, 0, 0, 0, 0, 1,
        1, NULL),
       (39, 'Салат из курицы под соусом Цезарь', '<p>Салат из курицы под соусом Цезарь</p>', 'salat-iz-kuricy-pod-sousom-cezar', 280, 280, '<p>Куриное филе, салат романо, помидор черри, пармезан, чиабатта, соус Цезарь</p>', 120.00, 1, 0.00, NULL, NULL, NULL, 0, 0, 0, 0, 1, 1, NULL),
       (40, 'Салат из креветок под соусом Цезарь', '<p>Салат из креветок под соусом Цезарь</p>', 'salat-iz-krevetok-pod-sousom-cezar', 360, 360, '<p>Креветка королевская, салат романо, помидор черри, пармезан, чиабатта, соус Цезарь</p>', 0.00, 1, 0.00, NULL, NULL, NULL, 0, 0, 0, 0, 1, 1, NULL),
       (41, 'Салат из курочки и шампиньонов на соусе дзадзики', '<p>Нежная маринованная курочка и жареные пряные шампиньоны на греческом соусе дзадзики из йогурта, свежего огурца и мяты.</p>', 'salat-iz-kurochki-i-shampinonov-na-souse-dzadziki', 250, 250,
        '<p>Куриное филе, шампиньоны, чиабатта, греческий йогурт, огурец, оливковое масло, мята, кинза.</p>', 250.00, 1, 120.00, NULL, NULL, NULL, 0, 0, 0, 0, 1, 1, NULL),
       (42, 'Деликатес из курочки под соусом карри', '<p>Нежное куриное филе обжаривается с кусочками свежего ананаса в соусе карри с чесночком и свежим имбирем в сливках. Подается на подушке из киноа и зеленого горошка. Посыпается дробленым поджаренным орехом кешью.</p>',
        'delikates-iz-kurochki-pod-sousom-karri', 240, 240, '<p>куриное филе, киноа, зеленый горошек, ананас, оливковое масло, карри, сливки, орех кешью</p>', 250.00, 1, 120.00, NULL, NULL, NULL, 0, 0, 0, 0, 1, 1, NULL),
       (43, 'Салат из курочки, маринованных опят и сладкого перца', '<p>Курочка, сладкий перчик и маринованные опята готовятся в сковородке wok с добавлением соевого соуса. Подается под розовым соусом и листьями салата.</p>', 'salat-iz-kurochki-marinovannyh-opyat-i-sladkogo-perca', 260, 260,
        '<p>Куриное филе, маринованные опята, сладкий перец, соевый соус, розовый соус, красное сухое вино, листья салата.</p>', 250.00, 1, 120.00, NULL, NULL, NULL, 0, 0, 0, 0, 1, 1, NULL),
       (44, 'Деликатес мексиканский острый', '<p>Маринованная в копченой паприке курочка, обжаренная со сладким перцем и красным луком на гриле на соусе гуакамоле и томатной сальсой с перчиком чили.&nbsp;</p>', 'delikates-meksikanskij-ostryj', 240, 240,
        '<p>Куриное филе, сладкий перец, авокадо, помидоры, красный лук, кинза, перец чили.</p>', 250.00, 1, 140.00, NULL, NULL, NULL, 0, 0, 0, 0, 1, 1, NULL),
       (45, 'Салат из копченой курочки и свежих овощей', '<p>Нарезанная мелкими кусочками копченая курочка с сочетанием чернослива и свежего огурчика под шубой из молодой моркови.</p>', 'salat-iz-kopchenoj-kurochki-i-svezhih-ovoshchej', 200, 200,
        '<p>Копченая курица, огурец, морковь, чернослив, соус Провансаль.</p>', 250.00, 1, 140.00, NULL, NULL, NULL, 0, 0, 0, 0, 1, 1, NULL),
       (46, 'Деликатес из индейки под соусом терияки с овощами-гриль', '<p>Филе индейки&nbsp;с&nbsp;овощным миксом обжарены на гриле с дымком. Подается под соусом терияки на подушке из ароматного кус-куса, с добавлением свежей мяты.</p>', 'delikates-iz-indejki-pod-sousom-teriyaki-s-ovoshchami-gril',
        280, 280, '<p>&nbsp;индейка, перец сладкий, цуккини, лук красный, кускус, соус терияки, мята, кунжут.</p>', 250.00, 1, 140.00, NULL, NULL, NULL, 0, 0, 0, 0, 1, 1, NULL),
       (47, 'Деликатес из отварной телятины и лангустин', '<p>Отварная телятина и домашняя курочка приправлены соусом Провансаль с добавлением маринованных огурчиков и свежего зеленого горошка. Подается с лангустинами и ложечкой щучьей икры</p>', 'delikates-iz-otvarnoj-telyatiny-i-langustin', 300,
        300, '<p>говядина, курица, картофель, маринованный огурец, зеленый горошек, лангустин, соус Провансаль, салат романо, щучья икра</p>', 250.00, 1, 120.00, NULL, NULL, NULL, 0, 0, 0, 0, 1, 1, NULL),
       (48, 'Деликатес из нежной утки под гранатовым соусом',
        '<p>Маринованная уточка обжаривается до золотистой корочки и запекается в духовке в собственном соку. Подается под гранатовым соусом с овощным миксом из сладкого перца, помидорок черри и листьев салата. Посыпается фисташковой крошкой.</p>', 'delikates-iz-nezhnoj-utki-pod-granatovym-sousom',
        380, 380, '<p>Утиное филе, помидоры черри, сладкий перец, салатный микс, мед, соус наршараб, соевый соус.</p>', 100.00, 1, 90.00, NULL, NULL, NULL, 0, 0, 0, 0, 1, 1, NULL),
       (49, 'Деликатес из пряной утки под клюквенным соусом',
        '<p>Утиная грудка обжаривается с веточкой тимьяна на оливковом масле и запекается в духовке в собственном соку. Подается под клюквенным соусом с салатом из рукколы и&nbsp;апельсиновой заправки. Посыпается поджаренными кедровыми орешками.</p>',
        'delikates-iz-pryanoj-utki-pod-klyukvennym-sousom', 380, 380, '<p>утиное филе, салат руккола, апельсин, клюквенный соус, оливковое масло, мед, кедровый орех.</p>', 100.00, 1, 90.00, NULL, NULL, NULL, 0, 0, 0, 0, 1, 1, NULL),
       (50, 'Деликатес из отварной семги под сыром Пармезан', '<p>Нежная семга, отваренная в пряных специях, уложена на овощную подушку. Подается с сыром Пармезан и красной икрой кижуч.</p>', 'delikates-iz-otvarnoj-semg-i-pod-syrom-parmezan', 350, 350,
        '<p>семга отварная, картофель, морковь, сыр Пармезан, соус Провансаль, красная икра нерки</p>', 100.00, 1, 80.00, NULL, NULL, NULL, 0, 0, 0, 0, 1, 1, NULL),
       (52, 'Деликатес из креветок и маринованных шампиньонов под заправкой карри', '<p><span style=\"color: rgb(0, 0, 0);\">Деликатес из креветок, обжаренных на оливковом масле с чесночком, маринованных шампиньонов и листьев салата под пряно-сладкой заправкой карри.</span></p>',
        'delikates-iz-krevetok-i-marinovannyh-shampinonov-pod-zapravkoj-karri', 360, 360, '<p><span style=\"color: rgb(0, 0, 0);\">Креветки, королевские маринованные шампиньоны, листья салата, соус карри, чиабатта, кунжут.</span></p>', 100.00, 1, 80.00, NULL, NULL, NULL, 0, 0, 0, 0, 1, 0, NULL),
       (53, 'Деликатес из морепродуктов под медово-горчичной заправкой', '<p><span style=\"color: rgb(0, 0, 0);\">Деликатес из креветок и кальмаров, обжаренных на оливковом масле с чесночком,  мидий и молодых осьминожков с добавлением микса салатов и свежих огурчиков.</span></p>',
        'delikates-iz-moreproduktov-pod-medovo-gorchichnoj-zapravkoj', 390, 390, '<p><span style=\"color: rgb(0, 0, 0);\">Креветки королевские, кальмары, мидии, огурец, перец сладкий, микс салатов, мед, зерновая горчица, оливковое масло.</span></p>', 100.00, 1, 100.00, NULL, NULL, NULL, 0, 0, 0, 0,
        1, 0, NULL),
       (54, 'Деликатес из семги с авокадо и вялеными томатами', '<p><span style=\"color: rgb(0, 0, 0);\">Красная рыбка замаринована и приготовлена особым способом с ломтиками авокадо и пикантными вялеными томатами под бальзамическим соусом с зернами горчицы.</span></p>',
        'delikates-iz-semgi-s-avokado-i-vyalenymi-tomatami', 310, 310, '<p><span style=\"color: rgb(0, 0, 0);\">семга, авокадо, салат романо, вяленые томаты, оливковое масло, бальзамический уксус, зернистая горчица, мед, соль, перец.</span></p>', 100.00, 1, 100.00, NULL, NULL, NULL, 0, 0, 0, 0, 1,
        0, NULL),
       (55, 'Деликатес из запеченного картофеля черри и маринованного лосося', '<p><span style=\"color: rgb(0, 0, 0);\">Пикантный маринованный лосось и картофель черри, запеченный с веточкой розмарина, приправлены  медово-горчичной заправкой с сочным салатом романо</span></p>',
        'delikates-iz-zapechennogo-kartofelya-cherri-i-marinovannogo-lososya', 340, 340, '<p><span style=\"color: rgb(0, 0, 0);\">семга гравлакс, картофель черри, салат романо, вяленые томаты, зеленый горошек, французская горчица, мед, бальзамический уксус.</span></p>', 100.00, 1, 100.00, NULL,
        NULL, NULL, 0, 0, 0, 0, 1, 0, NULL),
       (56, 'Нисуаз', '<p><span style=\"color: rgb(0, 0, 0);\">Нисуаз</span></p>', 'nisuaz', 1, 1, '<p><span style=\"color: rgb(0, 0, 0);\">заправка лимонная, фасоль кенийская, соль, картофель отварной, петрушка, маслины жаренные, лук шалот, тунец филе, помидоры, тапенада из маслин</span></p>',
        1.00, 1, 1.00, NULL, NULL, NULL, 0, 0, 0, 0, 1, 0, NULL),
       (57, 'Лосось с киноа под азиатской заправкой', '<p>Лосось с киноа под азиатской заправкой</p>', 'losos-s-kinoa-pod-aziatskoj-zapravkoj', 1, 1, '<p><span style=\"color: rgb(0, 0, 0);\">киноа, авокада, чука, черри, лосось, понзу соус, кунжутное семечко, кинза, семена льна</span></p>', 1.00, 1,
        1.00, NULL, NULL, NULL, 0, 0, 0, 0, 1, 0, NULL),
       (58, 'Классический холодец', '<p><span style=\"color: rgb(0, 0, 0);\">Собран из трех видов мяса: телятина, домашняя курочка и свинина. Подается с мини-морковочкой и сливочным хреном.</span></p>', 'klassicheskij-holodec', 210, 210,
        '<p><span style=\"color: rgb(0, 0, 0);\">телятина, курица, свинина, вода, мини-морковь, сливочный хрен</span></p>', 100.00, 1, 100.00, NULL, NULL, NULL, 0, 0, 0, 0, 1, 0, NULL),
       (59, 'Куриные шашлычки гриль',
        '<p><span style=\"color: rgb(0, 0, 0);\">Шашлычки готовятся с дымком на чугунной сковороде-гриль и подаются к столу с соусом на Ваш выбор. Благодаря подаче в подогреваемом мармите оптимальная температура и неизменный вкус блюда сохранится в течение всего торжества.</span></p>',
        'kurinye-shashlychki-gril', 250, 250, '<p><span style=\"color: rgb(0, 0, 0);\">Куриное филе, перец сладкий, соль, перец, оливковое масло</span></p>', 120.00, 1, 0.00, NULL, NULL, NULL, 0, 0, 0, 0, 1, 0, NULL),
       (60, 'Шашлычки гриль из семги',
        '<p><span style=\"color: rgb(0, 0, 0);\">Шашлычки готовятся с дымком на чугунной сковороде-гриль и подаются к столу с соусом на Ваш выбор. Благодаря подаче в подогреваемом мармите оптимальная температура и неизменный вкус блюда сохранится в течение всего торжества.</span></p>',
        'shashlychki-gril-iz-semgi', 400, 400, '<p><span style=\"color: rgb(0, 0, 0);\">Семга, соль, перец</span></p>', 80.00, 1, 0.00, NULL, NULL, NULL, 0, 0, 0, 0, 1, 0, NULL),
       (61, 'Овощные шашлычки гриль',
        '<p><span style=\"color: rgb(0, 0, 0);\">Шашлычки готовятся с дымком на чугунной сковороде-гриль и подаются к столу с соусом на Ваш выбор. Благодаря подаче в подогреваемом мармите оптимальная температура и неизменный вкус блюда сохранится в течение всего торжества.</span></p>',
        'ovoshchnye-shashlychki-gril', 200, 200, '<p><span style=\"color: rgb(0, 0, 0);\">Цуккини, перец сладкий, шампиньоны, баклажан, соль, перец, оливковое масло</span></p>', 100.00, 1, 120.00, NULL, NULL, NULL, 0, 0, 0, 0, 1, 0, NULL),
       (62, 'Шашлычки гриль из креветок',
        '<p><span style=\"color: rgb(0, 0, 0);\">Шашлычки готовятся с дымком на чугунной сковороде-гриль и подаются к столу с соусом на Ваш выбор. Благодаря подаче в подогреваемом мармите оптимальная температура и неизменный вкус блюда сохранится в течение всего торжества.</span></p>',
        'shashlychki-gril-iz-krevetok', 200, 200, '<p><span style=\"color: rgb(0, 0, 0);\">Креветки тигровые, гребешок, лимон, соль, перец, оливковое масло</span></p>', 1.00, 1, 1.00, NULL, NULL, NULL, 0, 0, 0, 0, 1, 0, NULL),
       (63, 'Картофель черри с розмарином',
        '<p><span style=\"color: rgb(0, 0, 0);\">Шашлычки готовятся с дымком на чугунной сковороде-гриль и подаются к столу с соусом на Ваш выбор. Благодаря подаче в подогреваемом мармите оптимальная температура и неизменный вкус блюда сохранится в течение всего торжества.</span></p>',
        'kartofel-cherri-s-rozmarinom', 100, 100, '<p><span style=\"color: rgb(0, 0, 0);\">Картофель черри, соль, ррозмарин, оливковое масло</span></p>', 100.00, 1, 120.00, NULL, NULL, NULL, 0, 0, 0, 0, 1, 0, NULL),
       (64, 'Лоранский пирог \"Ветчина с сыром\"', '<p><span style=\"color: rgb(0, 0, 0);\">д=26 см</span></p>', 'loranskij-pirog-vetchina-s-syrom', 1500, 1500, '<p><span style=\"color: rgb(0, 0, 0);\">песочное тесто, ветчина, лук, сыр, яйцо куриное, сливки, мускатный орех</span></p>', 1200.00, 1,
        1200.00, NULL, NULL, NULL, 0, 0, 0, 0, 1, 0, NULL),
       (65, 'Лоранский пирог \"Курица с овощами\"', '<p><span style=\"color: rgb(0, 0, 0);\">д=26 см</span></p>', 'loranskij-pirog-kurica-s-ovoshchami', 1700, 1700,
        '<p><span style=\"color: rgb(0, 0, 0);\">песочное тесто, курица, цуккини, сладкий перец, морковь, лук, сыр, яйцо куриное, сливки, карри</span></p>', 1200.00, 1, 1200.00, NULL, NULL, NULL, 0, 0, 0, 0, 1, 0, NULL),
       (66, 'Лоранский пирог \"Итальянский с моцареллой и вялеными томатами\"', '<p><span style=\"color: rgb(0, 0, 0);\">д=26 см</span></p>', 'loranskij pirog-iItalyanskij-s-mocarelloj-i-vyalenymi-tomatami', 1700, 1700,
        '<p><span style=\"color: rgb(0, 0, 0);\">песочное тесто, моцарелла, помидоры черри, соус песто,яйцо куриное, сливки, орегано</span></p>', 1200.00, 1, 1200.00, NULL, NULL, NULL, 0, 0, 0, 0, 1, 0, NULL),
       (67, 'Лоранский пирог \"Шпинат, печенный перец и сыр фета\"', '<p><span style=\"color: rgb(0, 0, 0);\">д=26 см</span></p>', 'loranskij-pirog-shpinat-pechennyj-perec-i-syr-feta', 1700, 1700,
        '<p><span style=\"color: rgb(0, 0, 0);\">песочное тесто, шпинат, перец сладкий, сыр фета, лук, сыр, яйцо куриное, сливки</span></p>', 1200.00, 1, 1200.00, NULL, NULL, NULL, 0, 0, 0, 0, 1, 0, NULL),
       (68, 'Лоранский пирог \"Грибной\"', '<p><span style=\"color: rgb(0, 0, 0);\">д=26 см</span></p>', 'loranskij-pirog-gribnoj', 1700, 1700, '<p><span style=\"color: rgb(0, 0, 0);\">песочное тесто, грибы шампиньоны, лук, сыр, яйцо курное, сливки, тимьян</span></p>', 1200.00, 1, 1200.00, NULL,
        NULL, NULL, 0, 0, 0, 0, 1, 0, NULL),
       (69, 'Лоранский пирог \"Щавель и голубой сыр\"', '<p><span style=\"color: rgb(0, 0, 0);\">д=26 см</span></p>', 'loranskij-pirog-shchavel-i-goluboj-syr', 2100, 2100,
        '<p><span style=\"color: rgb(0, 0, 0);\">песочное тесто, щавель, сыр GrandBlu с голубой плесенью, яйцо куриное, сливки</span></p>', 1200.00, 1, 1200.00, NULL, NULL, NULL, 0, 0, 0, 0, 1, 0, NULL),
       (70, 'Лоранский пирог \"Семга и брокколи\"', '<p><span style=\"color: rgb(0, 0, 0);\">д=26 см</span></p>', 'loranskij-pirog-semga-i-brokkoli', 2100, 2100, '<p><span style=\"color: rgb(0, 0, 0);\">песочное тесто, семга, брокколи, соус песто, сыр, яйцо куриное, сливки</span></p>', 1200.00, 1,
        1200.00, NULL, NULL, NULL, 0, 0, 0, 0, 1, 1, NULL),
       (71, 'Лоранский пирог \"Малина и рикотта\"', '<p><span style=\"color: rgb(0, 0, 0);\">д=26 см</span></p>', 'loranskij-pirog-malina-i-rikotta', 2800, 2800, '<p><span style=\"color: rgb(0, 0, 0);\">песочное тесто, рикотта, яйцо куриное, малина, мята, сливки</span></p>', 1200.00, 1, 1200.00,
        NULL, NULL, NULL, 0, 0, 0, 0, 1, 0, NULL),
       (72, 'Панна котта \"Клубника-базилик\"', '<p><span style=\"color: rgb(0, 0, 0);\">Легкий двухслойный десерт из нежной клубничной панна котты с добавлением ароматного зеленого базилика в сочетании с ягодами клубники в легком желе.</span></p>', 'panna-kotta-klubnika-bazilik', 200, 200,
        '<p><span style=\"color: rgb(0, 0, 0);\">клубника, базилик, сливки, молоко, сахар, ваниль, сок клубничный, желатин.</span></p>', 100.00, 1, 80.00, NULL, NULL, NULL, 0, 0, 0, 0, 1, 0, NULL),
       (73, 'Панна котта \"Вишня\"', '<p><span style=\"color: rgb(0, 0, 0);\">Нежная, воздушная панна котта в сочетании с аппетитной вишней в легком желе.</span></p>', 'panna-kotta-vishnya', 200, 200,
        '<p><span style=\"color: rgb(0, 0, 0);\">вишня, сливки, молоко, сахар, ваниль, сок вишневый, желатин.</span></p>', 100.00, 1, 80.00, NULL, NULL, NULL, 0, 0, 0, 0, 1, 0, NULL),
       (74, 'Домашний рыжик', '<p><span style=\"color: rgb(0, 0, 0);\">Медовые коржи из заварного теста пропитаны кремом нежного сливочного вкуса</span></p>', 'domashnij-ryzhik', 200, 200,
        '<p><span style=\"color: rgb(0, 0, 0);\">молоко, мука, яйцо куриное, мед, сахар, ваниль, соль, лепестки миндаля</span></p>', 100.00, 1, 100.00, NULL, NULL, NULL, 0, 0, 0, 0, 1, 0, NULL),
       (75, 'Фруктовая баночка', '<p><span style=\"color: rgb(0, 0, 0);\">Сочные фрукты прослоены нежным кремом на онове маскарпоне.</span></p>', 'fruktovaya-banochka', 200, 200, '<p><span style=\"color: rgb(0, 0, 0);\">яблоко, груша, клубника, физалис, черника, виноград, мята</span></p>', 100.00,
        1, 100.00, NULL, NULL, NULL, 0, 0, 0, 0, 1, 0, NULL),
       (76, 'Лимонный десерт', '<p><span style=\"color: rgb(0, 0, 0);\">Нежный лимонный крем уложен на подушку из песочного теста и сверху покрыт соусом Птичье молоко</span></p>', 'limonnyj-desert', 200, 200,
        '<p><span style=\"color: rgb(0, 0, 0);\">лимон, ваниль, сахар, мука, сливки, яйцо куриное, сливочное масло, соль.</span></p>', 100.00, 1, 100.00, NULL, NULL, NULL, 0, 0, 0, 0, 1, 0, NULL),
       (77, 'Классический тирамису', '<p><span style=\"color: rgb(0, 0, 0);\">Бисквитные палочки пропитаны натуральным кофе, ликером Амаретто и кремом маскарпоне. Оформлен стружкой из горького шоколада.</span></p>', 'klassicheskij-tiramisu', 200, 200,
        '<p><span style=\"color: rgb(0, 0, 0);\">молоко, сливки, крахмал, сахар, сыр маскарпоне, сливки, палочки савоярди, горький шоколад, свежая мята</span></p>', 100.00, 1, 100.00, NULL, NULL, NULL, 0, 0, 0, 0, 1, 0, NULL),
       (78, 'Десерт Морковный', '<p><span style=\"color: rgb(0, 0, 0);\">Ароматный пряный морковный корж с нотками корицы и мускатного ореха прослоен нежным кремом Чиз. Украшен орехом пекан.</span></p>', 'desert-morkovnyj', 350, 350,
        '<p><span style=\"color: rgb(0, 0, 0);\">Морковь, яблоко, грецкий орех, мука, сахар, мускатный орех, корица, творожный сыр, сахарная пудра</span></p>', 100.00, 1, 120.00, NULL, NULL, NULL, 0, 0, 0, 0, 1, 0, NULL),
       (79, 'Брауни с вишней', '<p><span style=\"color: rgb(0, 0, 0);\">Нежное шоколадное пирожное с добавлением свежей вишни и прослойки из сливочного сыра. Брауни покрыт красивой и хрустящей корочкой, а также нежной, влажной и тающей во рту начинкой.</span></p>', 'brauni-s-vishnej', 350, 350,
        '<p><span style=\"color: rgb(0, 0, 0);\">Шоколад горький, мука, сахар, сливочное масло, яйцо куриное, растительное масло, сливочный сыр, вишня.</span></p>', 250.00, 1, 150.00, NULL, NULL, NULL, 0, 0, 0, 0, 1, 0, NULL),
       (80, 'Базиликовый пунш', '<p><span style=\"color: rgb(0, 0, 0);\">Освещающий пунш с нотками свежего базилика и лимонного фреша.</span></p>', 'bazilikovyj-punsh', 2000, 2000, '<p><span style=\"color: rgb(0, 0, 0);\">содовая, лимонный сок, сахарный сироп, базилик, грейпфрут</span></p>', 6.00,
        1, 6.00, NULL, NULL, NULL, 0, 0, 0, 0, 1, 0, NULL),
       (81, 'Тропический пунш', '<p><span style=\"color: rgb(0, 0, 0);\">Тонизирующий пунш из свежевыжатого апельсинового сока с добавлением мякоти банана и груши в сочетании с ананасовым соком.</span></p>', 'tropicheskij-punsh', 2500, 2500,
        '<p><span style=\"color: rgb(0, 0, 0);\">содовая, свежевыжатый апельсиновый сок, ананасовый сок, сахарный сироп, банан, груша.</span></p>', 6.00, 1, 6.00, NULL, NULL, NULL, 0, 0, 0, 0, 1, 0, NULL),
       (82, 'Лимонад \"Тархун\"', '<p><span style=\"color: rgb(0, 0, 0);\">Тонизирующий пунш из свежевыжатого апельсинового сока с добавлением мякоти банана и груши в сочетании с ананасовым соком.</span></p>', 'limonad-tarhun', 2500, 2500,
        '<p><span style=\"color: rgb(0, 0, 0);\">содовая, лимонный сок, сахарный сироп, тархун.</span></p>', 6.00, 1, 6.00, NULL, NULL, NULL, 0, 0, 0, 0, 1, 0, NULL),
       (83, 'Пунш \"Клубника с розмарином\"', '<p><span style=\"color: rgb(0, 0, 0);\">Освежающий пунш с интересным пряным вкусом розмарина и ароматом клубники.</span></p>', 'punsh-klubnika-s-rozmarinom', 2700, 2700,
        '<p><span style=\"color: rgb(0, 0, 0);\">содовая, клубника, клубничный сок, сахарный сироп, сироп розмариновый.</span></p>', 6.00, 1, 6.00, NULL, NULL, NULL, 0, 0, 0, 0, 1, 0, NULL),
       (84, 'Домашний компот', '<p><span style=\"color: rgb(0, 0, 0);\">Домашний компот, сварен из яблок и вишни с добавлением черной смородины.</span></p>', 'domashnij-kompot', 300, 300, '<p><span style=\"color: rgb(0, 0, 0);\"> яблоки, вода, вишня, черная смородина, сахарный сироп</span></p>',
        1.00, 1, 1.00, NULL, NULL, NULL, 0, 0, 0, 0, 1, 0, NULL),
       (85, 'Чай',
        '<p><span style=\"color: rgb(0, 0, 0);\">1 порция на 1 человека включает:</span></p><p><span style=\"color: rgb(0, 0, 0);\">- 150 мл чая (кипяток в термосе + чай пакетированный)</span></p><p><span style=\"color: rgb(0, 0, 0);\">- 1 бумажный стакан, </span></p><p><span style=\"color: rgb(0, 0, 0);\">- 1 размешиватель</span></p><p><span style=\"color: rgb(0, 0, 0);\">- 15 г лимона</span></p><p><span style=\"color: rgb(0, 0, 0);\">- сахар</span></p>',
        'chaj', 190, 190, '<p>чай, <span style=\"color: rgb(0, 0, 0);\">бумажный стакан, размешиватель, молоко, лимон, сахар</span></p>', 150.00, 1, 150.00, NULL, NULL, NULL, 0, 0, 0, 0, 1, 0, NULL),
       (86, 'Кофе',
        '<p><span style=\"color: rgb(0, 0, 0);\">1 порция на 1 человека включает:</span></p><p><span style=\"color: rgb(0, 0, 0);\">- 150 мл кофе (свежесваренный кофе в термосе)</span></p><p><span style=\"color: rgb(0, 0, 0);\">- 1 бумажный стакан,</span></p><p><span style=\"color: rgb(0, 0, 0);\">- 1 размешиватель</span></p><p><span style=\"color: rgb(0, 0, 0);\">- 20 мл молоко </span></p><p><span style=\"color: rgb(0, 0, 0);\">- сахар</span></p>',
        'kofe', 190, 190, '<p><span style=\"color: rgb(0, 0, 0);\">кофе, бумажный стакан, размешиватель, молоко, сахар</span></p>', 150.00, 1, 150.00, NULL, NULL, NULL, 0, 0, 0, 0, 1, 0, NULL),
       (87, 'Вода без газа в стекле', '<p>Вода без газа в стеклянной таре</p>', 'voda-bez-gaza-v-stekle', 80, 80, '<p>вода</p>', 260.00, 1, 260.00, NULL, NULL, NULL, 0, 0, 0, 0, 1, 0, NULL),
       (88, 'Киноа с запеченными овощами', '<p>gjjg</p>', 'kinoa', 220, 220, '<p>jfgjg</p>', 250.00, 1, 120.00, NULL, NULL, NULL, 0, 0, 0, 0, 1, 0, NULL),
       (89, 'Детский кораблик с куриным шашлычком и овощами', '<p>qawerqwe</p>', 'detskiy-korablik-s-kurinym-shashlychkom-i-ovoshchami', 1, 1, '<p>qweqwe</p>', 1.00, 1, 1.00, NULL, NULL, NULL, 0, 0, 0, 0, 1, 0, NULL),
       (90, 'Пирог Киш с ветчиной и сыром \"Бабочка\"', '<p>вуап</p>', 'pirog-kish-s-vetchinoj-i-syrom-babochka', 1, 1, '<p>asfdg</p>', 1.00, 1, 1.00, NULL, NULL, NULL, 0, 0, 0, 0, 1, 0, NULL),
       (91, 'Овощные палочки с соусом', '<p>пар</p>', 'ovoshchnye-palochki-s-sousom', 1, 1, '<p>пар</p>', 100.00, 1, 100.00, NULL, NULL, NULL, 0, 0, 0, 0, 1, 0, NULL),
       (92, 'Бокал для вина', '<p>пар</p>', 'bokal-dlya-vina', 1, 1, '<p>пар</p>', 100.00, 1, 100.00, NULL, NULL, NULL, 0, 0, 0, 0, 1, 0, NULL),
       (93, 'Официант', '<p>пар</p>', 'oficiant', 1, 1, '<p>пар</p>', 1.00, 1, 100.00, NULL, NULL, NULL, 0, 0, 0, 0, 1, 0, NULL),
       (94, 'Мини Лоранский пирог \"Итальянский\"  +++', '<p>пар</p>', 'mini-loranskij-pirog-italyanskij', 1, 1, '<p>пар</p>', 100.00, 1, 100.00, NULL, NULL, NULL, 0, 0, 0, 0, 1, 0, NULL),
       (95, 'Бокал для игристого', '<p>пар</p>', 'bokal-dlya-igristogo', 1, 1, '<p>пар</p>', 1.00, 1, 1.00, NULL, NULL, NULL, 0, 0, 0, 0, 1, 0, NULL),
       (96, 'Рулетики из говядины с овощами +++', '<p>пар</p>', 'ruletiki-iz-govyadiny-s-ovoshchami', 1, 1, '<p>пар</p>', 0.00, 1, 30.00, NULL, NULL, NULL, 0, 0, 0, 0, 1, 0, NULL),
       (97, 'Жульен из 3-х видов грибов в корзинке из теста фило +++', '<p>пар</p>', 'zhulen-iz-3-h-vidov-gribov-v-korzinke-iz-testa-filo', 1, 1, '<p>пар</p>', 0.00, 1, 30.00, NULL, NULL, NULL, 0, 0, 0, 0, 1, 0, NULL),
       (98, 'Обслуживание', '<p>пар</p>', 'obsluzhivanie-meropriyatiya', 1, 1, '<p>пар</p>', 1.00, 1, 30.00, NULL, NULL, NULL, 0, 0, 0, 0, 1, 0, NULL),
       (99, 'Сёмга в тесте филло со шпинатом и песто ++++', '<p>пар</p>', 'semga-v-teste-fillo-so-shpinatom-i-pesto', 1, 1, '<p>пар</p>', 0.00, 1, 0.00, NULL, NULL, NULL, 0, 0, 0, 0, 1, 0, NULL),
       (100, 'Брускетта с креветкой и мятным гороховым пюре', '<p>ййй</p>', 'brusketta-s-krevetkoy-i-myatnym-gorohovym-pyure', 180, 100, '<p>йййй</p>', 30.00, 10, 30.00, NULL, NULL, NULL, 0, 0, 0, 0, 1, 0, NULL),
       (101, 'Брускетта с лососем и авокадо', '<p>йй</p>', 'brusketta-s-lososem-i-avokado', 11, 11, '<p>ййй</p>', 0.00, 10, 30.00, NULL, NULL, NULL, 0, 0, 0, 0, 1, 0, NULL),
       (102, 'Тост Скаген', '<p>йй</p>', 'tost-skagen', 1, 1, '<p>йй</p>', 1.00, 10, 1.00, NULL, NULL, NULL, 0, 0, 0, 0, 1, 0, NULL),
       (103, 'Бургер с куриной котлетой', '<p>йй</p>', 'burger-s-kurinoy-kotletoy', 1, 1, '<p>ййй</p>', 0.00, 1, 30.00, NULL, NULL, NULL, 0, 0, 0, 0, 1, 0, NULL),
       (104, 'Детский кораблик с шашлычком из семги и овощами', '<p>ййй</p>', 'detskiy-korablik-s-shashlychkom-iz-semgi-i-ovoshchami', 1, 1, '<p>ййй</p>', 0.00, 1, 30.00, NULL, NULL, NULL, 0, 0, 0, 0, 1, 0, NULL),
       (105, 'Детский кораблик с куриной котлеткой и перепелиным яйцом', '<p>йй</p>', 'detskiy-korablik-s-kurinoy-kotletkoy-i-perepelinym-yaytsom', 1, 1, '<p>ййй</p>', 0.00, 1, 30.00, NULL, NULL, NULL, 0, 0, 0, 0, 1, 0, NULL),
       (106, 'Картофельные шарики', '<p>ййй</p>', 'kartofelnye-shariki', 1, 1, '<p>йййй</p>', 0.00, 1, 30.00, NULL, NULL, NULL, 0, 0, 0, 0, 1, 0, NULL),
       (107, 'Кукуруза на гриле', '<p>ййй</p>', 'kukuruza-na-grile', 1, 1, '<p>йййй</p>', 0.00, 1, 30.00, NULL, NULL, NULL, 0, 0, 0, 0, 1, 0, NULL),
       (108, 'Куринные котлеты с картофельным пюре', '<p>ййй</p>', 'kurinnye-kotlety-s-kartofelnym-pyure', 1, 1, '<p>йййй</p>', 0.00, 1, 30.00, NULL, NULL, NULL, 0, 0, 0, 0, 1, 0, NULL),
       (109, 'Куриный поп-корн', '<p>ййй</p>', 'kurinyy-pop-korn', 1, 1, '<p>ййй</p>', 0.00, 1, 30.00, NULL, NULL, NULL, 0, 0, 0, 0, 1, 0, NULL),
       (110, 'Лосось с картофельным пюре', '<p>ййй</p>', 'losos-s-kartofelnym-pyure', 1, 1, '<p>ййй</p>', 0.00, 1, 30.00, NULL, NULL, NULL, 0, 0, 0, 0, 1, 0, NULL),
       (111, 'Мини-пицца с ветчиной', '<p>йй</p>', 'mini-pitstsa-s-vetchinoy', 1, 1, '<p>ййй</p>', 0.00, 1, 30.00, NULL, NULL, NULL, 0, 0, 0, 0, 1, 0, NULL),
       (112, 'Оливье с колбаской', '<p>ййй</p>', 'olive-s-kolbaskoy', 1, 1, '<p>ййй</p>', 0.00, 1, 30.00, NULL, NULL, NULL, 0, 0, 0, 0, 1, 0, NULL),
       (113, 'Пирог Киш с ветчиной и сыром Бабочка', '<p>ййй</p>', 'pirog-kish-s-vetchinoy-i-syrom-babochka', 1, 1, '<p>йййй</p>', 1.00, 1, 30.00, NULL, NULL, NULL, 0, 0, 0, 0, 1, 0, NULL),
       (114, 'Поднос с арбузом', '<p>ййй</p>', 'podnos-s-arbuzom', 1, 1, '<p>йййй</p>', 0.00, 1, 30.00, NULL, NULL, NULL, 0, 0, 0, 0, 1, 0, NULL),
       (115, 'Разноцветные томаты с моцареллой', '<p>ййй</p>', 'raznotsvetnye-tomaty-s-motsarelloy', 1, 1, '<p>йййй</p>', 0.00, 1, 30.00, NULL, NULL, NULL, 0, 0, 0, 0, 1, 0, NULL),
       (116, 'Салат винегрет', '<p>йййй</p>', 'salat-vinegret', 1, 1, '<p>йййй</p>', 0.00, 1, 30.00, NULL, NULL, NULL, 0, 0, 0, 0, 1, 0, NULL),
       (117, 'Сладкий поп-корн', '<p>йййй</p>', 'sladkiy-pop-korn', 1, 1, '<p>ййй</p>', 0.00, 1, 30.00, NULL, NULL, NULL, 0, 0, 0, 0, 1, 0, NULL),
       (118, 'Фрукты на шпажках', '<p>ййй</p>', 'frukty-na-shpazhkakh', 1, 1, '<p>ййй</p>', 0.00, 1, 30.00, NULL, NULL, NULL, 0, 0, 0, 0, 1, 0, NULL),
       (119, 'Другой товар', 'Другой товар', 'other', 0, 0, '<p>Другой товар</p>', NULL, 1, NULL, NULL, NULL, NULL, 1, 1, 1, 1, 0, 1, NULL);
/*!40000 ALTER TABLE `products` ENABLE KEYS */;
UNLOCK
TABLES;

--
-- Table structure for table `quizzes`
--

DROP TABLE IF EXISTS `quizzes`;
/*!40101 SET @saved_cs_client     = @@character_set_client */;
/*!40101 SET character_set_client = utf8 */;
CREATE TABLE `quizzes`
(
    `id`         bigint(20) unsigned NOT NULL AUTO_INCREMENT,
    `title`      varchar(255) COLLATE utf8mb4_unicode_ci DEFAULT NULL,
    `name`       varchar(255) COLLATE utf8mb4_unicode_ci DEFAULT NULL,
    `price`      int(11) DEFAULT NULL,
    `active`     tinyint(1) NOT NULL DEFAULT 1,
    `created_at` timestamp NULL DEFAULT NULL,
    `updated_at` timestamp NULL DEFAULT NULL,
    PRIMARY KEY (`id`)
) ENGINE=InnoDB AUTO_INCREMENT=10 DEFAULT CHARSET=utf8mb4 COLLATE=utf8mb4_unicode_ci;
/*!40101 SET character_set_client = @saved_cs_client */;

--
-- Dumping data for table `quizzes`
--

LOCK
TABLES `quizzes` WRITE;
/*!40000 ALTER TABLE `quizzes` DISABLE KEYS */;
INSERT INTO `quizzes`
VALUES (1, 'Велком зона', 'welcome_zone', 1000, 1, '2022-04-04 07:44:35', '2022-04-04 07:44:35'),
       (2, 'Фуршет', 'buffet', 2000, 1, '2022-04-04 07:44:56', '2022-04-04 07:44:56'),
       (3, 'Детский праздник', 'children_holiday', 1500, 1, '2022-04-04 07:45:15', '2022-04-04 07:45:15'),
       (4, 'Фуршет с горячим', 'buffet_hot', 500, 1, '2022-04-04 07:45:33', '2022-04-04 07:45:33'),
       (5, 'Свадьба в стиле фуршета', 'wedding', 4000, 1, '2022-04-04 07:45:57', '2022-04-04 07:45:57'),
       (6, 'Банкет/барбекю пати', 'banquet', 3000, 1, '2022-04-04 07:46:14', '2022-04-04 07:46:14'),
       (7, 'Тара тар станция', 'tar_tar', 1500, 1, '2022-04-04 07:46:32', '2022-04-04 11:07:21'),
       (8, 'Гала-ужин', 'gala_dinner', 4500, 1, '2022-04-04 07:46:56', '2022-04-04 07:46:56'),
       (9, 'Под ключ', 'for_key', 15000, 1, '2022-04-04 07:47:11', '2022-04-04 07:47:11');
/*!40000 ALTER TABLE `quizzes` ENABLE KEYS */;
UNLOCK
TABLES;

--
-- Table structure for table `reviews`
--

DROP TABLE IF EXISTS `reviews`;
/*!40101 SET @saved_cs_client     = @@character_set_client */;
/*!40101 SET character_set_client = utf8 */;
CREATE TABLE `reviews`
(
    `id`          bigint(20) unsigned NOT NULL AUTO_INCREMENT,
    `url`         varchar(255) COLLATE utf8mb4_unicode_ci NOT NULL,
    `h1`          varchar(255) COLLATE utf8mb4_unicode_ci DEFAULT NULL,
    `title`       varchar(255) COLLATE utf8mb4_unicode_ci DEFAULT NULL,
    `description` varchar(255) COLLATE utf8mb4_unicode_ci DEFAULT NULL,
    `keywords`    text COLLATE utf8mb4_unicode_ci         DEFAULT NULL,
    `hero`        varchar(255) COLLATE utf8mb4_unicode_ci DEFAULT NULL,
    `name`        varchar(255) COLLATE utf8mb4_unicode_ci NOT NULL,
    `text`        text COLLATE utf8mb4_unicode_ci         NOT NULL,
    `active`      tinyint(1) DEFAULT 0,
    `created_at`  timestamp NULL DEFAULT NULL,
    `updated_at`  timestamp NULL DEFAULT NULL,
    PRIMARY KEY (`id`)
) ENGINE=InnoDB AUTO_INCREMENT=8 DEFAULT CHARSET=utf8mb4 COLLATE=utf8mb4_unicode_ci;
/*!40101 SET character_set_client = @saved_cs_client */;

--
-- Dumping data for table `reviews`
--

LOCK
TABLES `reviews` WRITE;
/*!40000 ALTER TABLE `reviews` DISABLE KEYS */;
INSERT INTO `reviews`
VALUES (1, 'rev1', NULL, NULL, NULL, NULL, '774', 'Николай П.',
        '<p>Второй год пользуюсь Вашими услугами. Очень довольна. Заказ привозят вовремя, продукты очень свежие. Большое Вам спасибо за Вашу работу, очень выручаете. Рекомендую всем. Второй год пользуюсь Вашими услугами. Очень довольна. Заказ привозят вовремя, продукты очень свежие. Большое Вам спасибо за Вашу работу, очень выручаете. Рекомендую всем.</p><p>Второй год пользуюсь Вашими услугами. Очень довольна. Заказ привозят вовремя, продукты очень свежие.</p><p>Второй год пользуюсь Вашими услугами. Очень довольна. Заказ привозят вовремя, продукты очень свежие. Большое Вам спасибо за Вашу работу, очень выручаете. Рекомендую всем. Второй год пользуюсь Вашими услугами. Очень довольна. Заказ привозят вовремя, продукты очень свежие. Большое Вам спасибо за Вашу работу, очень выручаете. Рекомендую всем.</p>',
        1, '2022-04-12 09:23:15', '2022-04-15 03:34:24'),
       (2, 'rev2', NULL, NULL, NULL, NULL, NULL, 'Феофаний',
        '<p>Второй год пользуюсь Вашими услугами. Очень довольна. Заказ привозят вовремя, продукты очень свежие. Большое Вам спасибо за Вашу работу, очень выручаете. Рекомендую всем. Второй год пользуюсь Вашими услугами. Очень довольна. Заказ привозят вовремя, продукты очень свежие. Большое Вам спасибо за Вашу работу, очень выручаете. Рекомендую всем.</p><p><br></p><p> </p><p><br></p><p>Второй год пользуюсь Вашими услугами. Очень довольна. Заказ привозят вовремя, продукты очень свежие.</p>',
        1, '2022-04-12 09:23:15', '2022-04-15 04:49:33'),
       (3, 'rev3', NULL, NULL, NULL, NULL, NULL, 'Николай',
        'Второй год пользуюсь Вашими услугами. Очень довольна. Заказ привозят вовремя, продукты очень свежие. Большое Вам спасибо за Вашу работу, очень выручаете. Рекомендую всем. Второй год пользуюсь Вашими услугами. Очень довольна. Заказ привозят вовремя, продукты очень свежие. Большое Вам спасибо за Вашу работу, очень выручаете. Рекомендую всем.<br> <br>Второй год пользуюсь Вашими услугами. Очень довольна. Заказ привозят вовремя, продукты очень свежие.',
        1, '2022-04-12 09:23:15', '2022-04-13 16:43:05'),
       (4, 'rev4', NULL, NULL, NULL, NULL, NULL, 'Николай',
        'Второй год пользуюсь Вашими услугами. Очень довольна. Заказ привозят вовремя, продукты очень свежие. Большое Вам спасибо за Вашу работу, очень выручаете. Рекомендую всем. Второй год пользуюсь Вашими услугами. Очень довольна. Заказ привозят вовремя, продукты очень свежие. Большое Вам спасибо за Вашу работу, очень выручаете. Рекомендую всем.<br> <br>Второй год пользуюсь Вашими услугами. Очень довольна. Заказ привозят вовремя, продукты очень свежие.',
        1, '2022-04-12 09:23:15', '2022-04-13 16:43:19'),
       (5, 'rev5', NULL, NULL, NULL, NULL, NULL, 'Николай',
        'Второй год пользуюсь Вашими услугами. Очень довольна. Заказ привозят вовремя, продукты очень свежие. Большое Вам спасибо за Вашу работу, очень выручаете. Рекомендую всем. Второй год пользуюсь Вашими услугами. Очень довольна. Заказ привозят вовремя, продукты очень свежие. Большое Вам спасибо за Вашу работу, очень выручаете. Рекомендую всем.<br> <br>Второй год пользуюсь Вашими услугами. Очень довольна. Заказ привозят вовремя, продукты очень свежие.',
        1, '2022-04-12 09:23:15', '2022-04-13 16:43:29'),
       (6, 'rev6', NULL, NULL, NULL, NULL, NULL, 'Николай',
        'Второй год пользуюсь Вашими услугами. Очень довольна. Заказ привозят вовремя, продукты очень свежие. Большое Вам спасибо за Вашу работу, очень выручаете. Рекомендую всем. Второй год пользуюсь Вашими услугами. Очень довольна. Заказ привозят вовремя, продукты очень свежие. Большое Вам спасибо за Вашу работу, очень выручаете. Рекомендую всем.<br> <br>Второй год пользуюсь Вашими услугами. Очень довольна. Заказ привозят вовремя, продукты очень свежие.',
        1, '2022-04-12 09:23:15', '2022-04-13 16:43:41'),
       (7, 'rev7', NULL, NULL, NULL, NULL, NULL, 'Николай',
        'Второй год пользуюсь Вашими услугами. Очень довольна. Заказ привозят вовремя, продукты очень свежие. Большое Вам спасибо за Вашу работу, очень выручаете. Рекомендую всем. Второй год пользуюсь Вашими услугами. Очень довольна. Заказ привозят вовремя, продукты очень свежие. Большое Вам спасибо за Вашу работу, очень выручаете. Рекомендую всем.<br> <br>Второй год пользуюсь Вашими услугами. Очень довольна. Заказ привозят вовремя, продукты очень свежие.',
        1, '2022-04-12 09:23:15', '2022-04-13 16:43:48');
/*!40000 ALTER TABLE `reviews` ENABLE KEYS */;
UNLOCK
TABLES;

--
-- Table structure for table `role_users`
--

DROP TABLE IF EXISTS `role_users`;
/*!40101 SET @saved_cs_client     = @@character_set_client */;
/*!40101 SET character_set_client = utf8 */;
CREATE TABLE `role_users`
(
    `user_id` bigint(20) unsigned NOT NULL,
    `role_id` int(10) unsigned NOT NULL,
    PRIMARY KEY (`user_id`, `role_id`),
    KEY       `role_users_role_id_foreign` (`role_id`),
    CONSTRAINT `role_users_role_id_foreign` FOREIGN KEY (`role_id`) REFERENCES `roles` (`id`) ON DELETE CASCADE ON UPDATE CASCADE,
    CONSTRAINT `role_users_user_id_foreign` FOREIGN KEY (`user_id`) REFERENCES `users` (`id`) ON DELETE CASCADE ON UPDATE CASCADE
) ENGINE=InnoDB DEFAULT CHARSET=utf8mb4 COLLATE=utf8mb4_unicode_ci;
/*!40101 SET character_set_client = @saved_cs_client */;

--
-- Dumping data for table `role_users`
--

LOCK
TABLES `role_users` WRITE;
/*!40000 ALTER TABLE `role_users` DISABLE KEYS */;
/*!40000 ALTER TABLE `role_users` ENABLE KEYS */;
UNLOCK
TABLES;

--
-- Table structure for table `roles`
--

DROP TABLE IF EXISTS `roles`;
/*!40101 SET @saved_cs_client     = @@character_set_client */;
/*!40101 SET character_set_client = utf8 */;
CREATE TABLE `roles`
(
    `id`          int(10) unsigned NOT NULL AUTO_INCREMENT,
    `slug`        varchar(255) COLLATE utf8mb4_unicode_ci NOT NULL,
    `name`        varchar(255) COLLATE utf8mb4_unicode_ci NOT NULL,
    `permissions` longtext CHARACTER SET utf8mb4 COLLATE utf8mb4_bin DEFAULT NULL,
    `created_at`  timestamp NULL DEFAULT NULL,
    `updated_at`  timestamp NULL DEFAULT NULL,
    PRIMARY KEY (`id`),
    UNIQUE KEY `roles_slug_unique` (`slug`)
) ENGINE=InnoDB DEFAULT CHARSET=utf8mb4 COLLATE=utf8mb4_unicode_ci;
/*!40101 SET character_set_client = @saved_cs_client */;

--
-- Dumping data for table `roles`
--

LOCK
TABLES `roles` WRITE;
/*!40000 ALTER TABLE `roles` DISABLE KEYS */;
/*!40000 ALTER TABLE `roles` ENABLE KEYS */;
UNLOCK
TABLES;

--
-- Table structure for table `s_e_o_s`
--

DROP TABLE IF EXISTS `s_e_o_s`;
/*!40101 SET @saved_cs_client     = @@character_set_client */;
/*!40101 SET character_set_client = utf8 */;
CREATE TABLE `s_e_o_s`
(
    `id`          bigint(20) unsigned NOT NULL AUTO_INCREMENT,
    `page`        varchar(255) COLLATE utf8mb4_unicode_ci NOT NULL,
    `page_url`    varchar(255) COLLATE utf8mb4_unicode_ci NOT NULL,
    `h1`          varchar(255) COLLATE utf8mb4_unicode_ci DEFAULT NULL,
    `title`       varchar(255) COLLATE utf8mb4_unicode_ci DEFAULT NULL,
    `description` varchar(255) COLLATE utf8mb4_unicode_ci DEFAULT NULL,
    `keywords`    text COLLATE utf8mb4_unicode_ci         DEFAULT NULL,
    `subtitle`    text COLLATE utf8mb4_unicode_ci         DEFAULT NULL,
    `fulldesc`    text COLLATE utf8mb4_unicode_ci         DEFAULT NULL,
    `phone`       varchar(255) COLLATE utf8mb4_unicode_ci DEFAULT NULL,
    `email`       varchar(255) COLLATE utf8mb4_unicode_ci DEFAULT NULL,
    `city`        varchar(255) COLLATE utf8mb4_unicode_ci DEFAULT NULL,
    `street`      varchar(255) COLLATE utf8mb4_unicode_ci DEFAULT NULL,
    `weekdays`    varchar(255) COLLATE utf8mb4_unicode_ci DEFAULT NULL,
    `weekend`     varchar(255) COLLATE utf8mb4_unicode_ci DEFAULT NULL,
    `link1`       varchar(255) COLLATE utf8mb4_unicode_ci DEFAULT NULL,
    `link2`       varchar(255) COLLATE utf8mb4_unicode_ci DEFAULT NULL,
    `link3`       varchar(255) COLLATE utf8mb4_unicode_ci DEFAULT NULL,
    `doptitle1`   varchar(255) COLLATE utf8mb4_unicode_ci DEFAULT NULL,
    `doptxt1`     text COLLATE utf8mb4_unicode_ci         DEFAULT NULL,
    `doptitle2`   varchar(255) COLLATE utf8mb4_unicode_ci DEFAULT NULL,
    `doptxt2`     text COLLATE utf8mb4_unicode_ci         DEFAULT NULL,
    `doptxt3`     varchar(255) COLLATE utf8mb4_unicode_ci DEFAULT NULL,
    `codkarti`    text COLLATE utf8mb4_unicode_ci         DEFAULT NULL,
    `codhtml`     text COLLATE utf8mb4_unicode_ci         DEFAULT NULL,
    `hero`        varchar(255) COLLATE utf8mb4_unicode_ci DEFAULT NULL,
    `created_at`  timestamp NULL DEFAULT NULL,
    `updated_at`  timestamp NULL DEFAULT NULL,
    PRIMARY KEY (`id`)
) ENGINE=InnoDB AUTO_INCREMENT=23 DEFAULT CHARSET=utf8mb4 COLLATE=utf8mb4_unicode_ci;
/*!40101 SET character_set_client = @saved_cs_client */;

--
-- Dumping data for table `s_e_o_s`
--

LOCK
TABLES `s_e_o_s` WRITE;
/*!40000 ALTER TABLE `s_e_o_s` DISABLE KEYS */;
INSERT INTO `s_e_o_s`
VALUES (1, 'main', 'index', 'Премиум кейтеринг', 'Главная страница', 'Описание главной', NULL, 'Организация эстетичных мероприятий', NULL, NULL, NULL, NULL, NULL, NULL, NULL, NULL, NULL, NULL, 'Светлана',
        '<p><span style=\"color: rgb(79, 79, 79);\">Ежегодно наша компания обслуживает более 1000 полноценных мероприятий различного формата fdsgdfgdfgdfg</span></p>', 'Александр',
        '<p><span style=\"color: rgb(79, 79, 79);\">Ежегодно наша компания обслуживает более 1000 полноценных мероприятий различного формата</span></p>', NULL, NULL, NULL, NULL, NULL, '2022-04-13 08:05:28'),
       (2, 'contacts', 'kontakty', 'Контакты', 'Контакты', 'Описание Контакты', NULL, NULL, NULL, '8 (800) 700-64-46', 'cupkatering@gmail.com', 'г. Ростов-на-Дону,', 'ул. Грисенко, 23 а', 'с 7.00 до 22.00', NULL, 'https://rutube.ru/channel/25960471/videos/',
        'https://www.youtube.com/channel/UCv2LWqIi36WV-yvPLmPFxfQ', 'https://vk.com/3', NULL, NULL, NULL, NULL, NULL,
        '<iframe\r\nsrc=\"https://www.google.com/maps/embed?pb=!1m18!1m12!1m3!1d2709.1802030502354!2d39.73103001586234!3d47.232620921729776!2m3!1f0!2f0!3f0!3m2!1i1024!2i768!4f13.1!3m3!1m2!1s0x40e3b9a33d89d167%3A0x97d93f4c088c3171!2z0JrRgNCw0YHQvdC-0LDRgNC80LXQudGB0LrQsNGPINGD0LsuLCAxNTMsINCg0L7RgdGC0L7Qsi3QvdCwLdCU0L7QvdGDLCDQoNC-0YHRgtC-0LLRgdC60LDRjyDQvtCx0LsuLCAzNDQwMjI!5e0!3m2!1sru!2sru!4v1623240532720!5m2!1sru!2sru\"\r\nwidth=\"100%\" height=\"100%\" style=\"border: 0\" allowfullscreen=\"\" loading=\"lazy\"></iframe>',
        NULL, NULL, NULL, '2022-04-15 11:06:07'),
       (3, 'company', 'o-kompanii', 'О компании', 'О компании', 'Описание О компании', NULL,
        'С другой стороны рамки и место обучения кадров играет важную роль в формировании дальнейших направлений развития. Задача организации, в особенности же постоянный количественный рост и сфера нашей активности требуют от нас анализа направлений прогрессивного развития. Равным образом рамки и место обучения кадров позволяет выполнять важные задания по разработке систем массового участия.',
        NULL, NULL, NULL, NULL, NULL, NULL, NULL, NULL, NULL, NULL, 'Светлана', '<p><span style=\"color: rgb(79, 79, 79);\">Ежегодно наша компания обслуживает более 1000 полноценных мероприятий различного формата</span></p>', 'Александр',
        '<p><span style=\"color: rgb(79, 79, 79);\">Ежегодно наша компания обслуживает более 1000 полноценных мероприятий различного формата</span></p>', NULL, NULL, NULL, NULL, NULL, '2022-04-12 17:51:24'),
       (4, 'dostavka', 'dostavka-oplata', 'Доставка и оплата', 'Доставка и оплата', 'Описание доставка и оплата', NULL, NULL,
        '<p>В случае заказа свыше&nbsp;<strong>10 т.р.</strong>&nbsp;необходима предоплата в размере&nbsp;<strong>30%</strong></p><p>В случае уведомления об отмене заказа менее чем за&nbsp;<strong>12</strong>&nbsp;часов до мероприятия/ доставки, взымается&nbsp;<strong>50%</strong>&nbsp;от суммы всего заказа или суммы произведенной предоплаты</p><p>В случае уведомления об отмене заказа менее чем за&nbsp;<strong>14</strong>&nbsp;дней в декабре месяце (каждого года) до мероприятия/ доставки, взымается&nbsp;<strong>50%</strong>&nbsp;от суммы всего заказа или суммы произведенной предоплаты</p>',
        NULL, NULL, NULL, NULL, NULL, NULL, NULL, NULL, NULL, 'БЕСПЛАТНАЯ ДОСТАВКА ПРИ СУММЕ ЗАКАЗА', '<p>в пределах Ростова-на-Дону</p>', 'Оплата',
        '<p>Оплатить свой заказ Вы можете наличными банковской картой безналичным расчетом на р/с организаци.</p><p>Какие-либо скидки не распространяются на \"готовые решения\" и \"меню блюд\", возможны исключительно на предоставление кейтеринга</p>', 'от 5000 руб.', NULL, NULL, NULL, NULL,
        '2022-04-15 03:46:47'),
       (5, 'faq', 'faq', 'Вопрос-ответ', 'Вопрос-ответ', 'Описание Вопрос-ответ', NULL, NULL, NULL, NULL, NULL, NULL, NULL, NULL, NULL, NULL, NULL, NULL, NULL, NULL, NULL, NULL, NULL, NULL, NULL, NULL, NULL, NULL),
       (6, 'reviews', 'otzyvy', 'Отзывы', 'Отзывы', 'Описание отзывы', NULL, NULL, NULL, NULL, NULL, NULL, NULL, NULL, NULL, NULL, NULL, NULL, NULL, NULL, NULL, NULL, NULL, NULL, NULL, NULL, NULL, NULL),
       (7, 'vakansii', 'vakansii', 'Вакансии', 'Вакансии', NULL, NULL, NULL, NULL, NULL, NULL, NULL, NULL, NULL, NULL, NULL, NULL, NULL, NULL, NULL, NULL, NULL, NULL, NULL, NULL, NULL, '2022-04-12 15:45:35', '2022-04-12 15:45:35'),
       (8, 'portfolio', 'portfolio', 'Портфолио', 'Портфолио', NULL, NULL, NULL, NULL, NULL, NULL, NULL, NULL, NULL, NULL, NULL, NULL, NULL, NULL, NULL, NULL, NULL, NULL, NULL, NULL, NULL, '2022-04-12 15:57:18', '2022-04-12 16:00:04'),
       (9, 'uslugi', 'uslugi', 'Услуги', 'Услуги', NULL, NULL,
        'С другой стороны рамки и место обучения кадров играет важную роль в формировании дальнейших направлений развития. Задача организации, в особенности же постоянный количественный рост и сфера нашей активности требуют от нас анализа направлений прогрессивного развития. Равным образом рамки и место обучения кадров позволяет выполнять важные задания по разработке систем массового участия.',
        NULL, NULL, NULL, NULL, NULL, NULL, NULL, NULL, NULL, NULL, NULL, NULL, NULL, NULL, NULL, NULL, NULL, NULL, '2022-04-12 16:18:31', '2022-04-12 16:18:31'),
       (10, 'oformlenie', 'oformlenie', 'Оформление мероприятий', 'Оформление мероприятий', NULL, NULL,
        'С другой стороны рамки и место обучения кадров играет важную роль в формировании дальнейших направлений развития. Задача организации, в особенности же постоянный количественный рост и сфера нашей активности требуют от нас анализа направлений прогрессивного развития. Равным образом рамки и место обучения кадров позволяет выполнять важные задания по разработке систем массового участия.',
        NULL, NULL, NULL, NULL, NULL, NULL, NULL, NULL, NULL, NULL, NULL, NULL, NULL, NULL, NULL, NULL, NULL, NULL, '2022-04-12 17:54:44', '2022-04-12 17:54:44'),
       (11, 'policy', 'politics', 'Политика конфиденциальности', 'Политика конфиденциальности', NULL, NULL, NULL,
        '<p>11 Lorem ipsum dolor sit amet consectetur, adipisicing elit. Accusamus, magni magnam suscipit cum id dolore vel! Rem error quis maxime ratione nobis quibusdam amet optio possimus voluptatibus. Ab, dolor quia? Pariatur, iusto. Sapiente, quam veritatis labore nemo dolorem voluptas qui doloribus incidunt, iste nobis voluptatum. Est odio dicta fuga porro voluptas! Quos, distinctio voluptatum delectus repellat soluta voluptates possimus fugit? Recusandae aperiam distinctio minus ipsa, impedit a veritatis voluptatem eaque aliquam in tempora mollitia ad iure enim cumque quidem magni nam at, saepe odit doloremque unde nobis sequi! Suscipit, nam! Repellendus sint quas aliquam ea earum ipsum accusamus, molestiae quaerat quae omnis temporibus nemo, esse ab ratione hic, voluptatum quia placeat perferendis ex itaque reiciendis cupiditate consequatur? Dolores, eveniet eius? Ex excepturi aliquam consequuntur quas vitae ea? Rem aliquid molestias nobis sit aperiam id cupiditate est voluptatem obcaecati et exercitationem a at magnam modi doloribus, deserunt officia iusto ratione repellendus! Ut, tenetur veritatis alias saepe eaque labore magnam dolores optio dignissimos commodi a voluptates! Minima suscipit culpa, delectus eos, tempore aut eligendi facilis, hic quisquam numquam reiciendis eum et a? Consequuntur perferendis ipsum fugit fuga harum sit, voluptatum accusantium similique? Aliquid eaque dolore ex modi. Ea, repudiandae, maxime, velit totam ducimus iure adipisci beatae rem debitis officia quidem nesciunt sed? Modi, animi quidem. Ullam distinctio quia numquam esse magni ipsa blanditiis eaque nemo explicabo quasi sunt earum, ab nesciunt atque repudiandae sapiente vero cumque, libero porro sint aut totam. Non? Doloribus facere porro laboriosam sed exercitationem, in quas! Culpa, deleniti. Vitae cumque quos enim amet debitis. Iure minima magni repellat perspiciatis iste iusto quod sint asperiores, repellendus laborum. Blanditiis, fugiat? Impedit sequi soluta praesentium ut quisquam id officia hic, deleniti asperiores eos rem nulla aperiam eaque incidunt harum odit esse voluptatem aspernatur beatae iste, ab eligendi. Voluptas nostrum magni corporis!</p><p>Lorem ipsum dolor sit amet consectetur, adipisicing elit. Accusamus, magni magnam suscipit cum id dolore vel! Rem error quis maxime ratione nobis quibusdam amet optio possimus voluptatibus. Ab, dolor quia? Pariatur, iusto. Sapiente, quam veritatis labore nemo dolorem voluptas qui doloribus incidunt, iste nobis voluptatum. Est odio dicta fuga porro voluptas! Quos, distinctio voluptatum delectus repellat soluta voluptates possimus fugit? Recusandae aperiam distinctio minus ipsa, impedit a veritatis voluptatem eaque aliquam in tempora mollitia ad iure enim cumque quidem magni nam at, saepe odit doloremque unde nobis sequi! Suscipit, nam! Repellendus sint quas aliquam ea earum ipsum accusamus, molestiae quaerat quae omnis temporibus nemo, esse ab ratione hic, voluptatum quia placeat perferendis ex itaque reiciendis cupiditate consequatur? Dolores, eveniet eius? Ex excepturi aliquam consequuntur quas vitae ea? Rem aliquid molestias nobis sit aperiam id cupiditate est voluptatem obcaecati et exercitationem a at magnam modi doloribus, deserunt officia iusto ratione repellendus! Ut, tenetur veritatis alias saepe eaque labore magnam dolores optio dignissimos commodi a voluptates! Minima suscipit culpa, delectus eos, tempore aut eligendi facilis, hic quisquam numquam reiciendis eum et a? Consequuntur perferendis ipsum fugit fuga harum sit, voluptatum accusantium similique? Aliquid eaque dolore ex modi. Ea, repudiandae, maxime, velit totam ducimus iure adipisci beatae rem debitis officia quidem nesciunt sed? Modi, animi quidem. Ullam distinctio quia numquam esse magni ipsa blanditiis eaque nemo explicabo quasi sunt earum, ab nesciunt atque repudiandae sapiente vero cumque, libero porro sint aut totam. Non? Doloribus facere porro laboriosam sed exercitationem, in quas! Culpa, deleniti. Vitae cumque quos enim amet debitis. Iure minima magni repellat perspiciatis iste iusto quod sint asperiores, repellendus laborum. Blanditiis, fugiat? Impedit sequi soluta praesentium ut quisquam id officia hic, deleniti asperiores eos rem nulla aperiam eaque incidunt harum odit esse voluptatem aspernatur beatae iste, ab eligendi. Voluptas nostrum magni corporis!</p><p>Lorem ipsum dolor sit amet consectetur, adipisicing elit. Accusamus, magni magnam suscipit cum id dolore vel! Rem error quis maxime ratione nobis quibusdam amet optio possimus voluptatibus. Ab, dolor quia? Pariatur, iusto. Sapiente, quam veritatis labore nemo dolorem voluptas qui doloribus incidunt, iste nobis voluptatum. Est odio dicta fuga porro voluptas! Quos, distinctio voluptatum delectus repellat soluta voluptates possimus fugit? Recusandae aperiam distinctio minus ipsa, impedit a veritatis voluptatem eaque aliquam in tempora mollitia ad iure enim cumque quidem magni nam at, saepe odit doloremque unde nobis sequi! Suscipit, nam! Repellendus sint quas aliquam ea earum ipsum accusamus, molestiae quaerat quae omnis temporibus nemo, esse ab ratione hic, voluptatum quia placeat perferendis ex itaque reiciendis cupiditate consequatur? Dolores, eveniet eius? Ex excepturi aliquam consequuntur quas vitae ea? Rem aliquid molestias nobis sit aperiam id cupiditate est voluptatem obcaecati et exercitationem a at magnam modi doloribus, deserunt officia iusto ratione repellendus! Ut, tenetur veritatis alias saepe eaque labore magnam dolores optio dignissimos commodi a voluptates! Minima suscipit culpa, delectus eos, tempore aut eligendi facilis, hic quisquam numquam reiciendis eum et a? Consequuntur perferendis ipsum fugit fuga harum sit, voluptatum accusantium similique? Aliquid eaque dolore ex modi. Ea, repudiandae, maxime, velit totam ducimus iure adipisci beatae rem debitis officia quidem nesciunt sed? Modi, animi quidem. Ullam distinctio quia numquam esse magni ipsa blanditiis eaque nemo explicabo quasi sunt earum, ab nesciunt atque repudiandae sapiente vero cumque, libero porro sint aut totam. Non? Doloribus facere porro laboriosam sed exercitationem, in quas! Culpa, deleniti. Vitae cumque quos enim amet debitis. Iure minima magni repellat perspiciatis iste iusto quod sint asperiores, repellendus laborum. Blanditiis, fugiat? Impedit sequi soluta praesentium ut quisquam id officia hic, deleniti asperiores eos rem nulla aperiam eaque incidunt harum odit esse voluptatem aspernatur beatae iste, ab eligendi. Voluptas nostrum magni corporis!</p><p>Lorem ipsum dolor sit amet consectetur, adipisicing elit. Accusamus, magni magnam suscipit cum id dolore vel! Rem error quis maxime ratione nobis quibusdam amet optio possimus voluptatibus. Ab, dolor quia? Pariatur, iusto. Sapiente, quam veritatis labore nemo dolorem voluptas qui doloribus incidunt, iste nobis voluptatum. Est odio dicta fuga porro voluptas! Quos, distinctio voluptatum delectus repellat soluta voluptates possimus fugit? Recusandae aperiam distinctio minus ipsa, impedit a veritatis voluptatem eaque aliquam in tempora mollitia ad iure enim cumque quidem magni nam at, saepe odit doloremque unde nobis sequi! Suscipit, nam! Repellendus sint quas aliquam ea earum ipsum accusamus, molestiae quaerat quae omnis temporibus nemo, esse ab ratione hic, voluptatum quia placeat perferendis ex itaque reiciendis cupiditate consequatur? Dolores, eveniet eius? Ex excepturi aliquam consequuntur quas vitae ea? Rem aliquid molestias nobis sit aperiam id cupiditate est voluptatem obcaecati et exercitationem a at magnam modi doloribus, deserunt officia iusto ratione repellendus! Ut, tenetur veritatis alias saepe eaque labore magnam dolores optio dignissimos commodi a voluptates! Minima suscipit culpa, delectus eos, tempore aut eligendi facilis, hic quisquam numquam reiciendis eum et a? Consequuntur perferendis ipsum fugit fuga harum sit, voluptatum accusantium similique? Aliquid eaque dolore ex modi. Ea, repudiandae, maxime, velit totam ducimus iure adipisci beatae rem debitis officia quidem nesciunt sed? Modi, animi quidem. Ullam distinctio quia numquam esse magni ipsa blanditiis eaque nemo explicabo quasi sunt earum, ab nesciunt atque repudiandae sapiente vero cumque, libero porro sint aut totam. Non? Doloribus facere porro laboriosam sed exercitationem, in quas! Culpa, deleniti. Vitae cumque quos enim amet debitis. Iure minima magni repellat perspiciatis iste iusto quod sint asperiores, repellendus laborum. Blanditiis, fugiat? Impedit sequi soluta praesentium ut quisquam id officia hic, deleniti asperiores eos rem nulla aperiam eaque incidunt harum odit esse voluptatem aspernatur beatae iste, ab eligendi. Voluptas nostrum magni corporis!</p><p>Lorem ipsum dolor sit amet consectetur, adipisicing elit. Accusamus, magni magnam suscipit cum id dolore vel! Rem error quis maxime ratione nobis quibusdam amet optio possimus voluptatibus. Ab, dolor quia? Pariatur, iusto. Sapiente, quam veritatis labore nemo dolorem voluptas qui doloribus incidunt, iste nobis voluptatum. Est odio dicta fuga porro voluptas! Quos, distinctio voluptatum delectus repellat soluta voluptates possimus fugit? Recusandae aperiam distinctio minus ipsa, impedit a veritatis voluptatem eaque aliquam in tempora mollitia ad iure enim cumque quidem magni nam at, saepe odit doloremque unde nobis sequi! Suscipit, nam! Repellendus sint quas aliquam ea earum ipsum accusamus, molestiae quaerat quae omnis temporibus nemo, esse ab ratione hic, voluptatum quia placeat perferendis ex itaque reiciendis cupiditate consequatur? Dolores, eveniet eius? Ex excepturi aliquam consequuntur quas vitae ea? Rem aliquid molestias nobis sit aperiam id cupiditate est voluptatem obcaecati et exercitationem a at magnam modi doloribus, deserunt officia iusto ratione repellendus! Ut, tenetur veritatis alias saepe eaque labore magnam dolores optio dignissimos commodi a voluptates! Minima suscipit culpa, delectus eos, tempore aut eligendi facilis, hic quisquam numquam reiciendis eum et a? Consequuntur perferendis ipsum fugit fuga harum sit, voluptatum accusantium similique? Aliquid eaque dolore ex modi. Ea, repudiandae, maxime, velit totam ducimus iure adipisci beatae rem debitis officia quidem nesciunt sed? Modi, animi quidem. Ullam distinctio quia numquam esse magni ipsa blanditiis eaque nemo explicabo quasi sunt earum, ab nesciunt atque repudiandae sapiente vero cumque, libero porro sint aut totam. Non? Doloribus facere porro laboriosam sed exercitationem, in quas! Culpa, deleniti. Vitae cumque quos enim amet debitis. Iure minima magni repellat perspiciatis iste iusto quod sint asperiores, repellendus laborum. Blanditiis, fugiat? Impedit sequi soluta praesentium ut quisquam id officia hic, deleniti asperiores eos rem nulla aperiam eaque incidunt harum odit esse voluptatem aspernatur beatae iste, ab eligendi. Voluptas nostrum magni corporis!</p><p>Lorem ipsum dolor sit amet consectetur, adipisicing elit. Accusamus, magni magnam suscipit cum id dolore vel! Rem error quis maxime ratione nobis quibusdam amet optio possimus voluptatibus. Ab, dolor quia? Pariatur, iusto. Sapiente, quam veritatis labore nemo dolorem voluptas qui doloribus incidunt, iste nobis voluptatum. Est odio dicta fuga porro voluptas! Quos, distinctio voluptatum delectus repellat soluta voluptates possimus fugit? Recusandae aperiam distinctio minus ipsa, impedit a veritatis voluptatem eaque aliquam in tempora mollitia ad iure enim cumque quidem magni nam at, saepe odit doloremque unde nobis sequi! Suscipit, nam! Repellendus sint quas aliquam ea earum ipsum accusamus, molestiae quaerat quae omnis temporibus nemo, esse ab ratione hic, voluptatum quia placeat perferendis ex itaque reiciendis cupiditate consequatur? Dolores, eveniet eius? Ex excepturi aliquam consequuntur quas vitae ea? Rem aliquid molestias nobis sit aperiam id cupiditate est voluptatem obcaecati et exercitationem a at magnam modi doloribus, deserunt officia iusto ratione repellendus! Ut, tenetur veritatis alias saepe eaque labore magnam dolores optio dignissimos commodi a voluptates! Minima suscipit culpa, delectus eos, tempore aut eligendi facilis, hic quisquam numquam reiciendis eum et a? Consequuntur perferendis ipsum fugit fuga harum sit, voluptatum accusantium similique? Aliquid eaque dolore ex modi. Ea, repudiandae, maxime, velit totam ducimus iure adipisci beatae rem debitis officia quidem nesciunt sed? Modi, animi quidem. Ullam distinctio quia numquam esse magni ipsa blanditiis eaque nemo explicabo quasi sunt earum, ab nesciunt atque repudiandae sapiente vero cumque, libero porro sint aut totam. Non? Doloribus facere porro laboriosam sed exercitationem, in quas! Culpa, deleniti. Vitae cumque quos enim amet debitis. Iure minima magni repellat perspiciatis iste iusto quod sint asperiores, repellendus laborum. Blanditiis, fugiat? Impedit sequi soluta praesentium ut quisquam id officia hic, deleniti asperiores eos rem nulla aperiam eaque incidunt harum odit esse voluptatem aspernatur beatae iste, ab eligendi. Voluptas nostrum magni corporis!</p>',
        NULL, NULL, NULL, NULL, NULL, NULL, NULL, NULL, NULL, NULL, NULL, NULL, NULL, NULL, NULL, NULL, NULL, '2022-04-26 05:34:26', '2022-04-26 05:34:26'),
       (12, 'basket', 'basket', 'Корзина', 'Корзина', NULL, NULL, NULL, NULL, NULL, NULL, NULL, NULL, NULL, NULL, NULL, NULL, NULL, NULL, NULL, NULL, NULL, NULL, NULL, NULL, NULL, '2022-04-26 06:20:27', '2022-04-26 06:20:27'),
       (13, 'login', 'login', 'Вход в кабинет', 'Вход в кабинет', NULL, NULL, NULL, NULL, NULL, NULL, NULL, NULL, NULL, NULL, NULL, NULL, NULL, NULL, NULL, NULL, NULL, NULL, NULL, NULL, NULL, '2022-05-05 08:38:39', '2022-05-05 08:38:39'),
       (14, 'registration', 'registration', 'Регистрация', 'Регистрация', NULL, NULL, NULL, NULL, NULL, NULL, NULL, NULL, NULL, NULL, NULL, NULL, NULL, NULL, NULL, NULL, NULL, NULL, NULL, NULL, NULL, '2022-05-05 08:40:23', '2022-05-05 08:40:23'),
       (15, 'kabinet', 'kabinet', 'Личный кабинет1', 'Личный кабинет1', NULL, NULL, NULL, NULL, NULL, NULL, NULL, NULL, NULL, NULL, NULL, NULL, NULL, NULL, NULL, NULL, NULL, NULL, NULL, NULL, NULL, '2022-05-05 09:08:56', '2022-05-05 09:25:01'),
       (16, 'restore', 'restore', 'Восстановить пароль', 'Восстановить пароль', NULL, NULL, NULL, NULL, NULL, NULL, NULL, NULL, NULL, NULL, NULL, NULL, NULL, NULL, NULL, NULL, NULL, NULL, NULL, NULL, NULL, '2022-05-05 10:23:53', '2022-05-05 10:23:53'),
       (17, 'reset-password', 'reset-password', 'Сброс пароля', 'Сброс пароля', NULL, NULL, NULL, NULL, NULL, NULL, NULL, NULL, NULL, NULL, NULL, NULL, NULL, NULL, NULL, NULL, NULL, NULL, NULL, NULL, NULL, '2022-05-05 11:16:26', '2022-05-05 11:16:26'),
       (18, 'settings', 'settings', 'Настройки', 'Настройки', NULL, NULL, NULL, NULL, NULL, NULL, NULL, NULL, NULL, NULL, NULL, NULL, NULL, NULL, NULL, NULL, NULL, NULL, NULL, NULL, NULL, '2022-05-10 12:19:49', '2022-05-10 12:19:49'),
       (19, 'history-order', 'history-order', 'История заказов', 'История заказов', NULL, NULL, NULL, NULL, NULL, NULL, NULL, NULL, NULL, NULL, NULL, NULL, NULL, NULL, NULL, NULL, NULL, NULL, NULL, NULL, NULL, '2022-05-10 12:28:38', '2022-05-10 12:28:38'),
       (20, 'notifications', 'notifications', 'Уведомления', 'Уведомления', NULL, NULL, NULL, NULL, NULL, NULL, NULL, NULL, NULL, NULL, NULL, NULL, NULL, NULL, NULL, NULL, NULL, NULL, NULL, NULL, NULL, '2022-05-10 12:51:54', '2022-05-10 12:51:54'),
       (21, 'personal-area', 'personal-area', 'Личные данные', 'Личные данные', NULL, NULL, NULL, NULL, NULL, NULL, NULL, NULL, NULL, NULL, NULL, NULL, NULL, NULL, NULL, NULL, NULL, NULL, NULL, NULL, NULL, '2022-05-10 13:04:54', '2022-05-10 13:04:54'),
       (22, 'agreement', '/agreement', 'Пользовательское соглашение', 'Пользовательское соглашение', NULL, NULL, NULL, '<p>Пользовательское соглашение: Дальше что-то на юридическом</p>', NULL, NULL, NULL, NULL, NULL, NULL, NULL, NULL, NULL, NULL, NULL, NULL, NULL, NULL, NULL, NULL, NULL,
        '2022-06-15 05:48:41', '2022-06-15 05:48:41');
/*!40000 ALTER TABLE `s_e_o_s` ENABLE KEYS */;
UNLOCK
TABLES;

--
-- Table structure for table `slidergls`
--

DROP TABLE IF EXISTS `slidergls`;
/*!40101 SET @saved_cs_client     = @@character_set_client */;
/*!40101 SET character_set_client = utf8 */;
CREATE TABLE `slidergls`
(
    `id`         bigint(20) unsigned NOT NULL AUTO_INCREMENT,
    `title`      varchar(255) COLLATE utf8mb4_unicode_ci DEFAULT NULL,
    `desc`       text COLLATE utf8mb4_unicode_ci         DEFAULT NULL,
    `datepub`    date                                    DEFAULT NULL,
    `active`     tinyint(1) NOT NULL DEFAULT 1,
    `created_at` timestamp NULL DEFAULT NULL,
    `updated_at` timestamp NULL DEFAULT NULL,
    PRIMARY KEY (`id`)
) ENGINE=InnoDB AUTO_INCREMENT=2 DEFAULT CHARSET=utf8mb4 COLLATE=utf8mb4_unicode_ci;
/*!40101 SET character_set_client = @saved_cs_client */;

--
-- Dumping data for table `slidergls`
--

LOCK
TABLES `slidergls` WRITE;
/*!40000 ALTER TABLE `slidergls` DISABLE KEYS */;
INSERT INTO `slidergls`
VALUES (1, 'Пасха', '<p>Пасха</p>', '2022-04-23', 1, '2022-04-13 08:04:51', '2022-04-13 08:04:51');
/*!40000 ALTER TABLE `slidergls` ENABLE KEYS */;
UNLOCK
TABLES;

--
-- Table structure for table `users`
--

DROP TABLE IF EXISTS `users`;
/*!40101 SET @saved_cs_client     = @@character_set_client */;
/*!40101 SET character_set_client = utf8 */;
CREATE TABLE `users`
(
    `id`                bigint(20) unsigned NOT NULL AUTO_INCREMENT,
    `name`              varchar(255) COLLATE utf8mb4_unicode_ci NOT NULL,
    `email`             varchar(255) COLLATE utf8mb4_unicode_ci NOT NULL,
    `phone`             varchar(255) COLLATE utf8mb4_unicode_ci DEFAULT NULL,
    `fio`               varchar(255) COLLATE utf8mb4_unicode_ci DEFAULT NULL,
    `city`              varchar(255) COLLATE utf8mb4_unicode_ci DEFAULT NULL,
    `street`            varchar(255) COLLATE utf8mb4_unicode_ci DEFAULT NULL,
    `dom`               varchar(255) COLLATE utf8mb4_unicode_ci DEFAULT NULL,
    `com`               text COLLATE utf8mb4_unicode_ci         DEFAULT NULL,
    `email_verified_at` timestamp NULL DEFAULT NULL,
    `password`          varchar(255) COLLATE utf8mb4_unicode_ci NOT NULL,
    `role`              int(11) NOT NULL DEFAULT 1,
    `remember_token`    varchar(100) COLLATE utf8mb4_unicode_ci DEFAULT NULL,
    `created_at`        timestamp NULL DEFAULT NULL,
    `updated_at`        timestamp NULL DEFAULT NULL,
    `permissions`       longtext CHARACTER SET utf8mb4 COLLATE utf8mb4_bin DEFAULT NULL,
    PRIMARY KEY (`id`),
    UNIQUE KEY `users_email_unique` (`email`)
) ENGINE=InnoDB AUTO_INCREMENT=10 DEFAULT CHARSET=utf8mb4 COLLATE=utf8mb4_unicode_ci;
/*!40101 SET character_set_client = @saved_cs_client */;

--
-- Dumping data for table `users`
--

LOCK
TABLES `users` WRITE;
/*!40000 ALTER TABLE `users` DISABLE KEYS */;
INSERT INTO `users`
VALUES (2, 'admin', 'notify@umax.agency', '+7 (960) 445 24 38', 'Anton Zh', 'Ростов', 'комм', '11', NULL, NULL, '$2y$10$UcCxnpsIF7F51fQmNsYLkuV9vkaNvJDaH5Okvdm9D6sZH6HSAYwDW', 2, 'BB5gaPvESxggoOolDs5jZnTpnpcm95uUv5h07jbO6Ba00hJ8cSaC0GidlG7v', '2022-05-04 06:56:56', '2022-05-10 16:29:58',
        '{\"platform.systems.roles\":true,\"platform.systems.users\":true,\"platform.systems.attachment\":true,\"platform.index\":true}'),
       (7, 'test', 'dev@umax.agency', NULL, NULL, NULL, NULL, NULL, NULL, NULL, '$2y$10$woKSFEWF/c8WBSWrB0yQIuu2SiLr7/IgYJ9M7S82WLGKLTYItLEzW', 1, 'XpAmiG0aarfD5G3BNjTApXMvI7T8XX0PE3rsbKn2sgNJQiUHYIpZEgr53rxO', '2022-05-04 11:04:40', '2022-05-05 12:15:30', NULL),
       (8, 'azuribeda', 'azuribeda@yandex.ru', NULL, NULL, NULL, NULL, NULL, NULL, NULL, '$2y$10$szrQ2v9kmKuLJM9ctmeYtu7OR9hjpM0Oj4JyF0Pn9GOCuAqdtocWW', 1, 'RbhQBGFaBql9P1j0VLmHvokprqOemmfCJI2fZ0j99u0KYugx2NOX212UXSdb', '2022-05-10 10:20:28', '2022-05-10 11:03:56', NULL),
       (9, 'namoge@mailinator.com', 'xujyqisyf@mailinator.com', '+7 (117)-635-65-62', 'syjuxiwy@mailinator.com', NULL, NULL, NULL, NULL, NULL, '$2y$10$ONF0pONdBAxBK3PqOvoNe.K6T5H9oLv4.F/zVLP6TqDZUfJAlV6tK', 1, NULL, '2022-06-01 03:21:51', '2022-06-01 03:21:51', NULL);
/*!40000 ALTER TABLE `users` ENABLE KEYS */;
UNLOCK
TABLES;

--
-- Table structure for table `vacancies`
--

DROP TABLE IF EXISTS `vacancies`;
/*!40101 SET @saved_cs_client     = @@character_set_client */;
/*!40101 SET character_set_client = utf8 */;
CREATE TABLE `vacancies`
(
    `id`             bigint(20) unsigned NOT NULL AUTO_INCREMENT,
    `title`          varchar(255) COLLATE utf8mb4_unicode_ci NOT NULL,
    `experience`     varchar(255) COLLATE utf8mb4_unicode_ci NOT NULL,
    `workload_short` varchar(255) COLLATE utf8mb4_unicode_ci NOT NULL,
    `workload_full`  varchar(255) COLLATE utf8mb4_unicode_ci NOT NULL,
    `city`           varchar(255) COLLATE utf8mb4_unicode_ci NOT NULL,
    `salary`         int(10) unsigned NOT NULL,
    `responsibility` text COLLATE utf8mb4_unicode_ci         NOT NULL,
    `requirements`   text COLLATE utf8mb4_unicode_ci         NOT NULL,
    `conditions`     text COLLATE utf8mb4_unicode_ci         NOT NULL,
    `datepub`        date                                    DEFAULT NULL,
    `url`            varchar(255) COLLATE utf8mb4_unicode_ci NOT NULL,
    `description`    varchar(255) COLLATE utf8mb4_unicode_ci DEFAULT NULL,
    `keywords`       text COLLATE utf8mb4_unicode_ci         DEFAULT NULL,
    `active`         tinyint(1) NOT NULL DEFAULT 1,
    `created_at`     timestamp NULL DEFAULT NULL,
    `updated_at`     timestamp NULL DEFAULT NULL,
    PRIMARY KEY (`id`)
) ENGINE=InnoDB AUTO_INCREMENT=4 DEFAULT CHARSET=utf8mb4 COLLATE=utf8mb4_unicode_ci;
/*!40101 SET character_set_client = @saved_cs_client */;

--
-- Dumping data for table `vacancies`
--

LOCK
TABLES `vacancies` WRITE;
/*!40000 ALTER TABLE `vacancies` DISABLE KEYS */;
INSERT INTO `vacancies`
VALUES (1, 'Шеф-повар123', '1-3 года', 'Полный день', '1-Полная занятость, сменный график', 'Ростов-на-Дону', 120000,
        '<p>Работа на фрезерно-гравировальном станке 3D Flexicam (приоритетно)</p><p>                                    </p><p>Работа на лазерно-гравировальном станке (возможно - от загрузки производственных участков)</p><p>                                    </p><p>Функции при работе на оборудовании - обработка и роспуск листовых материалов - акрил, пластик, фанера.</p>',
        '<p>Знание спец. программ</p><p>                                    </p><p>Высшее тех. образование - желательно.</p>',
        '<p>График работы сменный.</p><p>                        </p><p>Место работы - Красноармейская, 153</p><p>                        </p><p>Соц. пакет, своевременная выплата з/пл.</p>', NULL, 'shefpovar1', NULL, NULL, 1, '2022-04-12 09:23:28', '2022-04-14 17:35:48'),
       (2, 'Шеф-повар', '1-3 года', 'Полный день', 'Полная занятость, сменный график', 'Ростов-на-Дону', 110000,
        '<p>Работа на фрезерно-гравировальном станке 3D Flexicam (приоритетно)</p><p>                                    </p><p>Работа на лазерно-гравировальном станке (возможно - от загрузки производственных участков)</p><p>                                    </p><p>Функции при работе на оборудовании - обработка и роспуск листовых материалов - акрил, пластик, фанера.</p>',
        '<p>Знание спец. программ</p><p>                                    </p><p>Высшее тех. образование - желательно.</p>',
        '<p>График работы сменный.</p><p>                        </p><p>Место работы - Красноармейская, 153</p><p>                        </p><p>Соц. пакет, своевременная выплата з/пл.</p>', NULL, 'shefpovar2', NULL, NULL, 1, '2022-04-12 09:23:28', '2022-04-14 10:20:55'),
       (3, 'Шеф-повар', '1-3 года', 'Полный день', 'Полная занятость, сменный график', 'Ростов-на-Дону', 100000,
        '<p>Работа на фрезерно-гравировальном станке 3D Flexicam (приоритетно)</p><p>                                    </p><p>Работа на лазерно-гравировальном станке (возможно - от загрузки производственных участков)</p><p>                                    </p><p>Функции при работе на оборудовании - обработка и роспуск листовых материалов - акрил, пластик, фанера.</p>',
        '<p>Знание спец. программ</p><p>                                    </p><p>Высшее тех. образование - желательно.</p>',
        '<p>График работы сменный.</p><p>                        </p><p>Место работы - Красноармейская, 153</p><p>                        </p><p>Соц. пакет, своевременная выплата з/пл.</p>', NULL, 'shefpovar3', NULL, NULL, 1, '2022-04-12 09:23:28', '2022-04-14 10:20:37');
/*!40000 ALTER TABLE `vacancies` ENABLE KEYS */;
UNLOCK
TABLES;

--
-- Table structure for table `youtubes`
--

DROP TABLE IF EXISTS `youtubes`;
/*!40101 SET @saved_cs_client     = @@character_set_client */;
/*!40101 SET character_set_client = utf8 */;
CREATE TABLE `youtubes`
(
    `id`         bigint(20) unsigned NOT NULL AUTO_INCREMENT,
    `title`      varchar(255) COLLATE utf8mb4_unicode_ci DEFAULT NULL,
    `link`       varchar(255) COLLATE utf8mb4_unicode_ci DEFAULT NULL,
    `coment`     text COLLATE utf8mb4_unicode_ci         DEFAULT NULL,
    `active`     tinyint(1) NOT NULL DEFAULT 1,
    `created_at` timestamp NULL DEFAULT NULL,
    `updated_at` timestamp NULL DEFAULT NULL,
    PRIMARY KEY (`id`)
) ENGINE=InnoDB AUTO_INCREMENT=4 DEFAULT CHARSET=utf8mb4 COLLATE=utf8mb4_unicode_ci;
/*!40101 SET character_set_client = @saved_cs_client */;

--
-- Dumping data for table `youtubes`
--

LOCK
TABLES `youtubes` WRITE;
/*!40000 ALTER TABLE `youtubes` DISABLE KEYS */;
INSERT INTO `youtubes`
VALUES (1, 'video1', 'boZzgEC22UE', '<p>видео 1</p>', 1, '2022-02-07 05:00:41', '2022-02-07 05:01:24'),
       (2, 'video2', '15wmdy_LdX0', '<p>video2</p>', 1, '2022-02-07 05:01:59', '2022-02-07 05:01:59'),
       (3, 'video3', 'X1IgWSkZXd0', '<p>video3</p>', 1, '2022-02-07 05:02:33', '2022-02-07 05:02:33');
/*!40000 ALTER TABLE `youtubes` ENABLE KEYS */;
UNLOCK
TABLES;
/*!40103 SET TIME_ZONE=@OLD_TIME_ZONE */;

/*!40101 SET SQL_MODE=@OLD_SQL_MODE */;
/*!40014 SET FOREIGN_KEY_CHECKS=@OLD_FOREIGN_KEY_CHECKS */;
/*!40014 SET UNIQUE_CHECKS=@OLD_UNIQUE_CHECKS */;
/*!40101 SET CHARACTER_SET_CLIENT=@OLD_CHARACTER_SET_CLIENT */;
/*!40101 SET CHARACTER_SET_RESULTS=@OLD_CHARACTER_SET_RESULTS */;
/*!40101 SET COLLATION_CONNECTION=@OLD_COLLATION_CONNECTION */;
/*!40111 SET SQL_NOTES=@OLD_SQL_NOTES */;

-- Dump completed on 2022-06-15 13:04:04
